200 10
12 7 5 19 18 19 9 9 10 0
9 13 11 17 4 2 19 20 6 18
17 8 5 9 9 15 11 2 11 19
13 20 12 2 9 14 14 15 11 19
20 11 15 2 7 9 14 10 0 11
19 9 0 10 18 9 9 6 16 4
3 9 20 15 11 14 6 0 5 5
17 3 0 19 19 12 12 3 19 9
16 3 5 4 2 2 6 15 7 12
9 9 14 18 11 13 3 12 19 4
4 17 17 12 19 11 11 6 13 2
9 8 10 19 6 20 3 5 20 10
14 18 7 11 2 8 15 8 6 9
15 9 14 15 12 19 4 20 12 1
16 12 20 0 17 8 12 6 15 10
6 0 16 0 20 8 4 13 8 16
4 9 9 14 16 16 12 12 4 14
17 19 8 19 1 9 1 18 11 5
4 11 16 12 0 13 8 13 11 0
0 0 0 0 0 0 0 0 0 0
0 0 0 0 0 0 0 0 0 0
0 0 0 0 0 0 0 0 0 0
0 0 0 0 0 0 0 0 0 0
0 0 0 0 0 0 0 0 0 0
0 0 0 0 0 0 0 0 0 0
0 0 0 0 0 0 0 0 0 0
0 0 0 0 0 0 0 0 0 0
0 0 0 0 0 0 0 0 0 0
0 0 0 0 0 0 0 0 0 0
0 0 0 0 0 0 0 0 0 0
0 0 0 0 0 0 0 0 0 0
0 0 0 0 0 0 0 0 0 0
0 0 0 0 0 0 0 0 0 0
0 0 0 0 0 0 0 0 0 0
0 0 0 0 0 0 0 0 0 0
0 0 0 0 0 0 0 0 0 0
0 0 0 0 0 0 0 0 0 0
0 0 0 0 0 0 0 0 0 0
0 0 0 0 0 0 0 0 0 0
0 0 0 0 0 0 0 0 0 0
0 0 0 0 0 0 0 0 0 0
0 0 0 0 0 0 0 0 0 0
0 0 0 0 0 0 0 0 0 0
0 0 0 0 0 0 0 0 0 0
0 0 0 0 0 0 0 0 0 0
0 0 0 0 0 0 0 0 0 0
0 0 0 0 0 0 0 0 0 0
0 0 0 0 0 0 0 0 0 0
0 0 0 0 0 0 0 0 0 0
0 0 0 0 0 0 0 0 0 0
0 0 0 0 0 0 0 0 0 0
0 0 0 0 0 0 0 0 0 0
0 0 0 0 0 0 0 0 0 0
0 0 0 0 0 0 0 0 0 0
0 0 0 0 0 0 0 0 0 0
0 0 0 0 0 0 0 0 0 0
0 0 0 0 0 0 0 0 0 0
0 0 0 0 0 0 0 0 0 0
0 0 0 0 0 0 0 0 0 0
0 0 0 0 0 0 0 0 0 0
0 0 0 0 0 0 0 0 0 0
0 0 0 0 0 0 0 0 0 0
0 0 0 0 0 0 0 0 0 0
0 0 0 0 0 0 0 0 0 0
0 0 0 0 0 0 0 0 0 0
0 0 0 0 0 0 0 0 0 0
0 0 0 0 0 0 0 0 0 0
0 0 0 0 0 0 0 0 0 0
0 0 0 0 0 0 0 0 0 0
0 0 0 0 0 0 0 0 0 0
0 0 0 0 0 0 0 0 0 0
0 0 0 0 0 0 0 0 0 0
0 0 0 0 0 0 0 0 0 0
0 0 0 0 0 0 0 0 0 0
0 0 0 0 0 0 0 0 0 0
0 0 0 0 0 0 0 0 0 0
0 0 0 0 0 0 0 0 0 0
0 0 0 0 0 0 0 0 0 0
0 0 0 0 0 0 0 0 0 0
0 0 0 0 0 0 0 0 0 0
0 0 0 0 0 0 0 0 0 0
0 0 0 0 0 0 0 0 0 0
0 0 0 0 0 0 0 0 0 0
0 0 0 0 0 0 0 0 0 0
0 0 0 0 0 0 0 0 0 0
0 0 0 0 0 0 0 0 0 0
0 0 0 0 0 0 0 0 0 0
0 0 0 0 0 0 0 0 0 0
0 0 0 0 0 0 0 0 0 0
0 0 0 0 0 0 0 0 0 0
0 0 0 0 0 0 0 0 0 0
0 0 0 0 0 0 0 0 0 0
0 0 0 0 0 0 0 0 0 0
0 0 0 0 0 0 0 0 0 0
0 0 0 0 0 0 0 0 0 0
0 0 0 0 0 0 0 0 0 0
0 0 0 0 0 0 0 0 0 0
0 0 0 0 0 0 0 0 0 0
0 0 0 0 0 0 0 0 0 0
0 0 0 0 0 0 0 0 0 0
0 0 0 0 0 0 0 0 0 0
0 0 0 0 0 0 0 0 0 0
0 0 0 0 0 0 0 0 0 0
0 0 0 0 0 0 0 0 0 0
0 0 0 0 0 0 0 0 0 0
0 0 0 0 0 0 0 0 0 0
0 0 0 0 0 0 0 0 0 0
0 0 0 0 0 0 0 0 0 0
0 0 0 0 0 0 0 0 0 0
0 0 0 0 0 0 0 0 0 0
0 0 0 0 0 0 0 0 0 0
0 0 0 0 0 0 0 0 0 0
0 0 0 0 0 0 0 0 0 0
0 0 0 0 0 0 0 0 0 0
0 0 0 0 0 0 0 0 0 0
0 0 0 0 0 0 0 0 0 0
0 0 0 0 0 0 0 0 0 0
0 0 0 0 0 0 0 0 0 0
0 0 0 0 0 0 0 0 0 0
0 0 0 0 0 0 0 0 0 0
0 0 0 0 0 0 0 0 0 0
0 0 0 0 0 0 0 0 0 0
0 0 0 0 0 0 0 0 0 0
0 0 0 0 0 0 0 0 0 0
0 0 0 0 0 0 0 0 0 0
0 0 0 0 0 0 0 0 0 0
0 0 0 0 0 0 0 0 0 0
0 0 0 0 0 0 0 0 0 0
0 0 0 0 0 0 0 0 0 0
0 0 0 0 0 0 0 0 0 0
0 0 0 0 0 0 0 0 0 0
0 0 0 0 0 0 0 0 0 0
0 0 0 0 0 0 0 0 0 0
0 0 0 0 0 0 0 0 0 0
0 0 0 0 0 0 0 0 0 0
0 0 0 0 0 0 0 0 0 0
0 0 0 0 0 0 0 0 0 0
0 0 0 0 0 0 0 0 0 0
0 0 0 0 0 0 0 0 0 0
0 0 0 0 0 0 0 0 0 0
0 0 0 0 0 0 0 0 0 0
0 0 0 0 0 0 0 0 0 0
0 0 0 0 0 0 0 0 0 0
0 0 0 0 0 0 0 0 0 0
0 0 0 0 0 0 0 0 0 0
0 0 0 0 0 0 0 0 0 0
0 0 0 0 0 0 0 0 0 0
0 0 0 0 0 0 0 0 0 0
0 0 0 0 0 0 0 0 0 0
0 0 0 0 0 0 0 0 0 0
0 0 0 0 0 0 0 0 0 0
0 0 0 0 0 0 0 0 0 0
0 0 0 0 0 0 0 0 0 0
0 0 0 0 0 0 0 0 0 0
0 0 0 0 0 0 0 0 0 0
0 0 0 0 0 0 0 0 0 0
0 0 0 0 0 0 0 0 0 0
0 0 0 0 0 0 0 0 0 0
0 0 0 0 0 0 0 0 0 0
0 0 0 0 0 0 0 0 0 0
0 0 0 0 0 0 0 0 0 0
0 0 0 0 0 0 0 0 0 0
0 0 0 0 0 0 0 0 0 0
0 0 0 0 0 0 0 0 0 0
0 0 0 0 0 0 0 0 0 0
0 0 0 0 0 0 0 0 0 0
0 0 0 0 0 0 0 0 0 0
0 0 0 0 0 0 0 0 0 0
0 0 0 0 0 0 0 0 0 0
0 0 0 0 0 0 0 0 0 0
0 0 0 0 0 0 0 0 0 0
0 0 0 0 0 0 0 0 0 0
0 0 0 0 0 0 0 0 0 0
0 0 0 0 0 0 0 0 0 0
0 0 0 0 0 0 0 0 0 0
0 0 0 0 0 0 0 0 0 0
0 0 0 0 0 0 0 0 0 0
0 0 0 0 0 0 0 0 0 0
0 0 0 0 0 0 0 0 0 0
0 0 0 0 0 0 0 0 0 0
0 0 0 0 0 0 0 0 0 0
0 0 0 0 0 0 0 0 0 0
0 0 0 0 0 0 0 0 0 0
0 0 0 0 0 0 0 0 0 0
0 0 0 0 0 0 0 0 0 0
0 0 0 0 0 0 0 0 0 0
0 0 0 0 0 0 0 0 0 0
0 0 0 0 0 0 0 0 0 0
0 0 0 0 0 0 0 0 0 0
0 0 0 0 0 0 0 0 0 0
0 0 0 0 0 0 0 0 0 0
0 0 0 0 0 0 0 0 0 0
0 0 0 0 0 0 0 0 0 0
0 0 0 0 0 0 0 0 0 0
0 0 0 0 0 0 0 0 0 0
0 0 0 0 0 0 0 0 0 0
0 0 0 0 0 0 0 0 0 0
0 0 0 0 0 0 0 0 0 0
0 0 0 0 0 0 0 0 0 0
0 0 0 0 0 0 0 0 0 0
12 7 5 19 18 19 9 9 10 0
9 13 11 17 4 2 19 20 6 18
17 8 5 9 9 15 11 2 11 19
13 20 12 2 9 14 14 15 11 19
20 11 15 2 7 9 14 10 0 11
19 9 0 10 18 9 9 6 16 4
3 9 20 15 11 14 6 0 5 5
17 3 0 19 19 12 12 3 19 9
16 3 5 4 2 2 6 15 7 12
9 9 14 18 11 13 3 12 19 4
4 17 17 12 19 11 11 6 13 2
9 8 10 19 6 20 3 5 20 10
14 18 7 11 2 8 15 8 6 9
15 9 14 15 12 19 4 20 12 1
16 12 20 0 17 8 12 6 15 10
6 0 16 0 20 8 4 13 8 16
4 9 9 14 16 16 12 12 4 14
17 19 8 19 1 9 1 18 11 5
4 11 16 12 0 13 8 13 11 0
0 0 0 0 0 0 0 0 0 0
0 0 0 0 0 0 0 0 0 0
0 0 0 0 0 0 0 0 0 0
0 0 0 0 0 0 0 0 0 0
0 0 0 0 0 0 0 0 0 0
0 0 0 0 0 0 0 0 0 0
0 0 0 0 0 0 0 0 0 0
0 0 0 0 0 0 0 0 0 0
0 0 0 0 0 0 0 0 0 0
0 0 0 0 0 0 0 0 0 0
0 0 0 0 0 0 0 0 0 0
0 0 0 0 0 0 0 0 0 0
0 0 0 0 0 0 0 0 0 0
0 0 0 0 0 0 0 0 0 0
0 0 0 0 0 0 0 0 0 0
0 0 0 0 0 0 0 0 0 0
0 0 0 0 0 0 0 0 0 0
0 0 0 0 0 0 0 0 0 0
0 0 0 0 0 0 0 0 0 0
0 0 0 0 0 0 0 0 0 0
0 0 0 0 0 0 0 0 0 0
0 0 0 0 0 0 0 0 0 0
0 0 0 0 0 0 0 0 0 0
0 0 0 0 0 0 0 0 0 0
0 0 0 0 0 0 0 0 0 0
0 0 0 0 0 0 0 0 0 0
0 0 0 0 0 0 0 0 0 0
0 0 0 0 0 0 0 0 0 0
0 0 0 0 0 0 0 0 0 0
0 0 0 0 0 0 0 0 0 0
0 0 0 0 0 0 0 0 0 0
0 0 0 0 0 0 0 0 0 0
0 0 0 0 0 0 0 0 0 0
0 0 0 0 0 0 0 0 0 0
0 0 0 0 0 0 0 0 0 0
0 0 0 0 0 0 0 0 0 0
0 0 0 0 0 0 0 0 0 0
0 0 0 0 0 0 0 0 0 0
0 0 0 0 0 0 0 0 0 0
0 0 0 0 0 0 0 0 0 0
0 0 0 0 0 0 0 0 0 0
0 0 0 0 0 0 0 0 0 0
0 0 0 0 0 0 0 0 0 0
0 0 0 0 0 0 0 0 0 0
0 0 0 0 0 0 0 0 0 0
0 0 0 0 0 0 0 0 0 0
0 0 0 0 0 0 0 0 0 0
0 0 0 0 0 0 0 0 0 0
0 0 0 0 0 0 0 0 0 0
0 0 0 0 0 0 0 0 0 0
0 0 0 0 0 0 0 0 0 0
0 0 0 0 0 0 0 0 0 0
0 0 0 0 0 0 0 0 0 0
0 0 0 0 0 0 0 0 0 0
0 0 0 0 0 0 0 0 0 0
0 0 0 0 0 0 0 0 0 0
0 0 0 0 0 0 0 0 0 0
0 0 0 0 0 0 0 0 0 0
0 0 0 0 0 0 0 0 0 0
0 0 0 0 0 0 0 0 0 0
0 0 0 0 0 0 0 0 0 0
0 0 0 0 0 0 0 0 0 0
0 0 0 0 0 0 0 0 0 0
0 0 0 0 0 0 0 0 0 0
0 0 0 0 0 0 0 0 0 0
0 0 0 0 0 0 0 0 0 0
0 0 0 0 0 0 0 0 0 0
0 0 0 0 0 0 0 0 0 0
0 0 0 0 0 0 0 0 0 0
0 0 0 0 0 0 0 0 0 0
0 0 0 0 0 0 0 0 0 0
0 0 0 0 0 0 0 0 0 0
0 0 0 0 0 0 0 0 0 0
0 0 0 0 0 0 0 0 0 0
0 0 0 0 0 0 0 0 0 0
0 0 0 0 0 0 0 0 0 0
0 0 0 0 0 0 0 0 0 0
0 0 0 0 0 0 0 0 0 0
0 0 0 0 0 0 0 0 0 0
0 0 0 0 0 0 0 0 0 0
0 0 0 0 0 0 0 0 0 0
0 0 0 0 0 0 0 0 0 0
0 0 0 0 0 0 0 0 0 0
0 0 0 0 0 0 0 0 0 0
0 0 0 0 0 0 0 0 0 0
0 0 0 0 0 0 0 0 0 0
0 0 0 0 0 0 0 0 0 0
0 0 0 0 0 0 0 0 0 0
0 0 0 0 0 0 0 0 0 0
0 0 0 0 0 0 0 0 0 0
0 0 0 0 0 0 0 0 0 0
0 0 0 0 0 0 0 0 0 0
0 0 0 0 0 0 0 0 0 0
0 0 0 0 0 0 0 0 0 0
0 0 0 0 0 0 0 0 0 0
0 0 0 0 0 0 0 0 0 0
0 0 0 0 0 0 0 0 0 0
0 0 0 0 0 0 0 0 0 0
0 0 0 0 0 0 0 0 0 0
0 0 0 0 0 0 0 0 0 0
0 0 0 0 0 0 0 0 0 0
0 0 0 0 0 0 0 0 0 0
0 0 0 0 0 0 0 0 0 0
0 0 0 0 0 0 0 0 0 0
0 0 0 0 0 0 0 0 0 0
0 0 0 0 0 0 0 0 0 0
0 0 0 0 0 0 0 0 0 0
0 0 0 0 0 0 0 0 0 0
0 0 0 0 0 0 0 0 0 0
0 0 0 0 0 0 0 0 0 0
0 0 0 0 0 0 0 0 0 0
0 0 0 0 0 0 0 0 0 0
0 0 0 0 0 0 0 0 0 0
0 0 0 0 0 0 0 0 0 0
0 0 0 0 0 0 0 0 0 0
0 0 0 0 0 0 0 0 0 0
0 0 0 0 0 0 0 0 0 0
0 0 0 0 0 0 0 0 0 0
0 0 0 0 0 0 0 0 0 0
0 0 0 0 0 0 0 0 0 0
0 0 0 0 0 0 0 0 0 0
0 0 0 0 0 0 0 0 0 0
0 0 0 0 0 0 0 0 0 0
0 0 0 0 0 0 0 0 0 0
0 0 0 0 0 0 0 0 0 0
0 0 0 0 0 0 0 0 0 0
0 0 0 0 0 0 0 0 0 0
0 0 0 0 0 0 0 0 0 0
0 0 0 0 0 0 0 0 0 0
0 0 0 0 0 0 0 0 0 0
0 0 0 0 0 0 0 0 0 0
0 0 0 0 0 0 0 0 0 0
0 0 0 0 0 0 0 0 0 0
0 0 0 0 0 0 0 0 0 0
0 0 0 0 0 0 0 0 0 0
0 0 0 0 0 0 0 0 0 0
0 0 0 0 0 0 0 0 0 0
0 0 0 0 0 0 0 0 0 0
0 0 0 0 0 0 0 0 0 0
0 0 0 0 0 0 0 0 0 0
0 0 0 0 0 0 0 0 0 0
0 0 0 0 0 0 0 0 0 0
0 0 0 0 0 0 0 0 0 0
0 0 0 0 0 0 0 0 0 0
0 0 0 0 0 0 0 0 0 0
0 0 0 0 0 0 0 0 0 0
0 0 0 0 0 0 0 0 0 0
0 0 0 0 0 0 0 0 0 0
0 0 0 0 0 0 0 0 0 0
0 0 0 0 0 0 0 0 0 0
0 0 0 0 0 0 0 0 0 0
0 0 0 0 0 0 0 0 0 0
0 0 0 0 0 0 0 0 0 0
0 0 0 0 0 0 0 0 0 0
0 0 0 0 0 0 0 0 0 0
0 0 0 0 0 0 0 0 0 0
0 0 0 0 0 0 0 0 0 0
0 0 0 0 0 0 0 0 0 0
0 0 0 0 0 0 0 0 0 0
0 0 0 0 0 0 0 0 0 0
0 0 0 0 0 0 0 0 0 0
0 0 0 0 0 0 0 0 0 0
0 0 0 0 0 0 0 0 0 0
0 0 0 0 0 0 0 0 0 0
0 0 0 0 0 0 0 0 0 0
0 0 0 0 0 0 0 0 0 0
0 0 0 0 0 0 0 0 0 0
0 0 0 0 0 0 0 0 0 0
0 0 0 0 0 0 0 0 0 0
0 0 0 0 0 0 0 0 0 0
0 0 0 0 0 0 0 0 0 0
0 0 0 0 0 0 0 0 0 0
0 0 0 0 0 0 0 0 0 0
0 0 0 0 0 0 0 0 0 0
0 0 0 0 0 0 0 0 0 0
0 0 0 0 0 0 0 0 0 0
0 0 0 0 0 0 0 0 0 0
0 0 0 0 0 0 0 0 0 0
0 0 0 0 0 0 0 0 0 0
0 0 0 0 0 0 0 0 0 0
0 0 0 0 0 0 0 0 0 0
109478 939573 949249 765498 504426 435918 474775 889944 723394 650022
633650 148784 903040 656709 341432 267169 305797 695795 228814 299091
781812 799643 141224 796660 324180 679344 316087 862433 623603 979045
833597 792451 328620 586775 562303 443967 320078 877026 718668 853470
307381 497786 232242 306675 900893 454613 274189 190843 527554 482267
118857 556966 176019 821698 310082 514124 76451 481536 478046 416715
387249 33487 582327 547939 699188 103390 170452 898298 860611 561191
742167 525619 281419 925256 499722 804154 279506 949845 932746 363887
404429 499851 927622 256000 437461 706235 517843 4641 239397 674380
995529 809270 757572 977667 260580 819149 313197 525739 75749 585483
429065 261297 757789 893920 696179 730025 454514 602756 425570 534615
610289 301427 891362 512472 867897 464753 378699 816269 485447 540969
662993 707262 935828 145620 899717 197098 76358 594384 195104 249971
493022 486482 878741 480405 61686 402951 821510 523675 959688 424604
977094 920826 29027 96520 424298 456599 211048 322590 70696 849722
674142 404206 686977 139698 861918 380554 595068 594687 573617 406856
461012 981065 170295 18840 360348 334498 600380 701455 241177 389031
659903 812573 902871 97216 305907 142353 968501 238912 761663 745226
350677 216786 356494 566575 182713 464854 773618 267861 572357 23296
296945 934806 484143 347898 180027 545349 868495 217431 313437 631580
570372 107838 514177 533404 465746 632496 449260 428551 331847 662344
750534 529676 942950 592829 247282 823683 381274 818157 605152 325083
341897 400617 267759 871305 379299 707124 667577 739873 184846 464948
934036 625502 832173 146076 445857 316344 777797 528411 772201 919460
457656 432687 292971 300165 140104 596497 32643 494883 683643 914559
672831 780659 976913 420617 797679 361772 273523 70786 861472 593682
496550 873858 927492 101683 79535 951734 348042 887550 332770 568959
536739 621481 366271 447070 760310 731392 922351 662350 17311 681027
114126 542334 59719 417663 751691 976557 621476 80385 991246 821260
848482 263424 885461 204346 232643 188396 528175 764443 5551 804697
69666 256146 350648 851937 586465 634490 825522 967464 119930 326609
631013 191407 412031 253269 574226 132174 465815 532182 749146 89194
598646 481910 558033 886000 989791 896021 164890 965605 617251 134681
478666 387487 278984 765599 49127 129211 304748 173860 914592 750258
538420 723532 422661 338025 233091 503911 556520 883300 592707 819586
728026 332446 221315 261794 241103 489503 441456 874992 937453 924786
371168 397259 728245 794946 211076 204686 315220 302412 347792 437351
689699 832052 930149 641356 964507 235218 134962 195839 102752 696755
584024 646802 87278 583595 536109 963123 646053 101492 290701 999986
160567 718482 336070 543752 750611 73553 169101 60429 584301 882318
284304 916228 958489 612018 930492 115076 269193 462805 703522 559263
820209 853507 921823 494140 171718 610672 437460 109965 462645 719201
970921 352913 900825 831834 867245 932010 292006 828366 551199 446046
798328 724843 569035 64145 243852 725327 155618 396736 328778 462744
404233 96497 74167 993562 379920 977982 721072 789684 487213 263913
576066 569659 186338 98884 110295 838060 366508 568284 587688 357082
170676 589029 105097 408800 334448 910899 868999 50871 165667 310827
344192 297594 861850 62876 247763 11566 293820 282536 168824 644533
741809 810783 939919 842160 344889 292332 865573 703423 172008 839756
171020 854562 933224 626280 332324 164182 771618 866915 602361 481919
327532 88774 489102 63065 714525 621506 281062 667555 612908 330012
668484 246796 355791 637915 415044 975878 87665 238542 420047 1707
330789 137589 541924 366654 993152 258473 883050 178324 26333 124046
716650 793840 571453 963894 51379 301307 342430 861517 275443 302843
735121 143892 928935 483367 296698 22900 673962 92502 929874 669559
528949 170299 355383 684850 920945 371240 419985 755955 897236 940696
783597 233583 261912 410348 758943 634830 614591 827330 636925 968785
545789 913703 462632 20147 892898 13527 197272 564441 501646 454781
2500 619557 772002 875605 419729 692050 520728 384525 462147 601459
624183 785370 408713 466763 291199 5393 603679 169101 946047 253934
280747 752599 219373 838482 554572 837341 872865 267897 365791 274859
772756 906551 733780 824952 818603 180071 723911 963753 975254 674000
197445 282659 24840 231744 215394 240565 878944 731163 119246 515965
42694 393970 568902 322650 847039 91394 98422 534247 713916 150594
158008 875450 528176 456760 482305 634635 298204 612404 700268 733477
703972 594864 836756 931734 271087 398954 167796 489644 222813 871693
258926 596856 214828 638282 772601 146644 413814 175019 679341 748479
736243 138221 848557 924447 165059 421963 600565 74344 614978 668487
505534 743383 710275 283350 800588 320563 153588 368610 588583 728465
668281 246019 538315 126466 699730 338893 378418 90040 578676 81995
626401 967178 256445 436711 695377 760570 984555 252098 92128 75303
720551 156852 77655 56891 189941 56693 673042 609551 53294 283749
332939 756757 973705 40335 192131 276678 225004 886540 506058 295366
111657 725703 416159 194113 700311 313143 69848 479725 855606 663645
562940 983025 687564 923444 79063 42505 670411 625563 277951 636765
379617 954869 176865 596115 391478 188411 154826 896107 167828 786195
883203 733773 276099 757593 440623 838165 530595 732717 927979 183680
710121 997182 633182 693478 157223 166519 783893 841465 688342 589018
357340 86377 72269 902630 801000 75746 966577 131582 432564 326414
594913 361806 900331 805282 465010 627877 515732 808214 847024 761188
673110 979525 901168 597055 289099 103038 29123 40535 15876 739512
727074 764 801693 340646 127092 273656 842277 124950 318190 379139
716229 749058 866394 8445 812287 438287 198381 707706 298487 47193
582450 407015 694621 16959 631349 716172 652498 805885 345301 642698
499590 7384 930446 311493 715219 570406 2821 805226 761820 197448
877627 311296 79215 498952 234053 675986 917555 307832 218344 461417
879760 499477 292834 534101 239531 913948 851826 831061 427705 588689
860991 772513 954740 76846 626468 164273 645553 404971 174932 742705
378544 803404 772075 504832 83333 392518 305899 761806 324560 755557
802547 480711 219440 443779 47572 289222 204083 622327 76692 65054
325791 420314 975525 424583 562308 393307 341047 755940 71681 881469
375818 853837 397052 788614 293691 698688 688435 956950 496436 860577
641483 294331 6182 945449 22117 6120 614280 146616 483969 356588
809993 198602 794089 894156 789226 571977 193686 889774 777973 370196
421593 924601 617939 954546 678507 675195 530611 491727 584855 96759
703308 926245 449980 554490 285494 531142 840298 152235 548169 790866
112931 995373 569004 520832 324199 169526 88220 926654 178270 819920
572373 11910 952649 775727 370045 360761 123209 773105 533976 40833
147393 829580 177353 593489 37699 298124 489766 7918 579708 320502
654708 962092 376843 635624 843370 349771 525762 271098 248985 889349
300485 833925 199038 833836 840523 710284 497314 776485 968581 108468
879707 192573 157093 276060 362446 679977 163566 54985 816922 670592
741817 949179 305789 815980 919808 620098 363462 762859 632249 330810
817925 454702 105853 262983 678873 876936 177070 773253 706902 701125
24443 937353 456308 430220 966242 681648 974345 875658 920213 185037
247327 831818 428336 623930 400294 422130 333339 356914 972974 980124
377027 929154 629240 65862 503341 956285 41360 931201 424220 259798
300492 194675 844927 319417 69481 441945 639477 351125 804437 645727
523522 339572 267108 586677 283531 999827 945955 819845 486768 350362
680773 828532 176444 537538 181768 700127 374720 505860 957740 979976
611919 206318 303414 442778 365886 843035 96951 650827 730628 581617
281177 772598 731582 793783 490580 144125 995974 103039 520974 25059
689591 328493 529843 28065 566659 741769 434256 603001 869878 251648
692821 65444 464479 796116 769795 173359 44573 840428 396478 629467
276148 119030 849102 551912 328941 744697 960237 107954 161024 301322
520120 339479 544829 263405 85404 445236 236626 888597 654984 1123
689683 177065 557669 355015 454523 2537 894701 22137 817640 219088
856873 937957 347849 503772 600930 835031 180699 109988 229620 546875
695068 808562 446427 158859 718403 623099 546924 224569 322820 581905
293108 467452 962311 737027 133698 887949 206732 479945 7407 317915
504157 641285 24734 327347 759379 222711 500563 696977 49261 159908
496105 989654 415350 566836 444395 659866 261797 890333 10311 484304
782869 318249 975241 786138 262241 151949 461256 748717 505723 704348
500089 297129 677065 43352 876641 101100 661166 526183 188928 267712
940243 301889 432755 54485 784472 379905 334401 966180 620621 171997
698679 274698 790224 474754 464677 364704 83779 900607 313326 528711
860333 559974 923575 908736 769499 754969 910330 866445 106749 677769
299777 555419 338065 692200 648485 597028 903148 648425 85395 486852
238670 679003 511296 898137 406887 320071 194513 178632 338611 246795
784202 379824 44783 299040 857380 245583 118793 916587 325991 927507
958409 42489 306732 61809 815109 887928 477789 617814 130132 693293
122392 35435 964397 632584 588615 598035 552955 689405 629940 458097
367765 459969 68945 687222 689416 361943 299600 128821 270025 516142
759323 664042 728769 781857 742944 440791 222480 704550 903056 74061
957294 750024 410024 618165 30138 497569 282009 297021 22066 946680
72479 116571 983578 689410 835632 389622 36104 326028 44167 545097
779409 959973 668637 576451 789816 479589 739750 109046 246666 802857
789490 374029 666739 380574 284571 341524 898721 81021 37561 905621
20305 771958 179881 760992 69263 567935 34428 926900 862023 736537
196341 883008 426236 501908 765338 555439 184938 555668 758076 875067
934281 475344 80115 224210 375517 231630 548129 789244 223134 705794
761004 917339 256103 445846 704545 516998 222736 82666 328202 208529
264456 517708 780405 696534 425943 433422 351789 868683 550339 8941
29142 214380 417367 97300 388256 521785 180735 294369 144729 720689
416433 712198 586499 799299 300228 627322 96983 382690 80966 209541
325686 630487 790062 947153 675814 957495 944095 11335 662092 963247
389941 831071 835859 293977 942133 445629 603932 97962 898112 303369
136867 382385 730505 684142 404411 76252 997666 924022 367822 149424
768268 547611 706124 944293 43703 599865 133274 245828 755299 868868
661856 308091 750011 118680 792066 330630 441220 129609 31300 166286
982898 947893 635058 727016 95048 333433 325697 96787 866190 804790
689638 155019 657160 834658 244046 442837 732579 376636 128891 655871
471133 964954 341367 690413 125732 18775 833895 789493 117651 354347
202282 911367 505006 784567 175428 843435 790406 808685 541641 544861
389003 294146 862871 16988 461312 826711 417391 397557 102699 673396
519582 351955 975623 231736 928956 402225 552015 417814 756041 98372
958276 431273 264208 403412 625490 711663 675988 359091 708853 666016
115965 457403 244058 408185 734632 374360 821162 485624 687988 857521
358977 167435 403128 470427 717896 431034 820401 691310 477929 392757
160378 703305 211202 225398 364955 743558 983160 301327 331543 343544
850428 969994 380027 608828 449634 22114 75205 473653 290485 284981
307946 299791 623781 435455 505890 551097 206523 748588 351073 939631
204013 320736 828351 460158 160673 794057 42263 549218 256434 778786
656813 756092 173364 591257 802084 846330 241163 4169 895461 782212
903988 138848 65557 371779 226933 656265 301043 449626 484206 221506
849312 723129 269597 335950 399616 436879 117471 433846 504601 299171
319717 582588 194727 842648 806103 604756 762594 147193 50724 701145
837306 330126 809876 229876 855932 528248 374390 774309 119813 211787
672537 339029 271941 183680 304642 991143 700257 405568 300481 224050
100671 326918 618622 423173 11024 126364 941883 396614 361675 219370
757218 517051 822980 671433 61707 911526 512401 334899 667318 303601
621630 918324 561816 382361 818513 594326 114773 221447 941357 904847
199844 460524 739955 671596 39288 883548 262442 116862 816947 289423
561074 567636 274842 373062 87827 611939 790028 415909 876827 937160
558149 59467 372355 580544 727033 886263 635821 297222 224810 293211
207231 879022 163807 280630 627377 753263 706096 484170 516168 561191
396651 391937 261375 423828 729072 18723 218247 204571 982184 992167
492353 466516 775042 104638 254403 334804 64489 856543 233915 687952
907279 618499 752486 607447 449872 228778 40615 958309 141774 265975
957895 76645 720240 961744 969995 360018 824400 888490 858310 949385
944424 415100 621394 740937 470339 168090 710105 310032 25596 876908
623324 326946 470097 217737 880011 565211 831118 918132 865133 965430
719173 8976 540218 954981 938199 619633 411429 138473 575725 803860
371601 495812 308664 386814 374677 814099 827880 509368 281728 342765
100137 646355 913430 844946 596803 577949 738791 268341 194463 103447
496523 947930 978048 88588 546354 160221 106625 164716 379486 399808
547396 325439 495510 132494 36236 874816 718777 793055 485170 121487
548465 775247 578537 658673 144761 928353 171326 334851 674699 493261
517286 622506 184157 992485 963050 857933 926491 16806 976097 494256
47238 219833 773727 354242 78656 307780 298069 260810 307041 613424
196510 791617 451776 43859 958594 10580 196678 495770 526981 243259
87888 344680 486293 904336 202971 724128 272068 207855 979167 890895
206683 441894 367740 261528 798085 256021 742728 882202 258325 179123
498220 23728 114464 534259 753346 13547 593752 931442 589388 431971
178341 936381 244132 954447 963238 960399 546379 910546 947796 517254
735281 872014 691147 18668 904664 386071 153559 741457 3462 332571
180223 83170 566925 295648 47728 181693 501409 913419 981784 8518
215739 17275 675659 971353 485325 114895 609840 126035 558198 280301
65839 211859 791705 827084 431843 585739 305808 931011 995625 762831
1 451238 718549 893417 779816 465179 883261 41545 699811 274285 905653 1 368343 961573 468567 60618 41973 193800 487946 320566 7341 522795 1 854554 952329 222200 545760 813068 729286 262667 105438 474051 211845 1 484535 610704 874873 605892 32970 205987 520368 107595 128387 263538 1 912645 517757 874835 89388 636751 645679 218511 711504 593400 317143 1 563620 438480 432860 769846 547971 866305 701987 37038 490082 708969 1 137077 124212 602152 686400 227780 166740 335731 557763 173794 916007 1 253190 9753 242462 22845 669177 225611 166208 478194 618363 448182 1 587646 505862 402394 58754 449414 48197 684742 297300 610183 668220 1
1 859760 635989 356084 499231 576081 38541 434753 64003 941623 291223 1 340763 602660 318019 581577 660179 713489 626016 146908 135691 232319 1 936731 179304 822250 25971 873746 640208 583858 894739 823253 344408 1 492891 998043 627828 508053 231013 421071 459413 472509 891516 188158 1 166334 980565 40983 759523 806299 966120 238138 691571 841057 664301 1 447402 396700 574877 225015 428486 989067 778305 326432 754903 348639 1 590437 30868 956275 78134 886598 171817 423345 167988 63168 591741 1 191557 359934 416603 185298 816160 348010 936486 96429 900099 206176 1 367008 484913 1759 183117 344648 598626 125701 486787 3540 3220 1
1 314501 404909 61093 966458 214610 970295 354342 301012 681514 510779 1 836609 229298 817985 505675 517349 48469 797906 413123 296403 507004 1 727459 903346 980836 959557 943566 80624 452431 168788 288560 75795 1 114027 220695 244055 31657 350235 142578 946964 545699 747706 928453 1 657681 666454 768769 472288 529282 355984 805193 699584 649973 76390 1 429947 637673 510494 231860 36977 584933 1646 344028 619658 759980 1 297873 614536 17137 613576 413155 546647 69191 970936 258459 182569 1 912599 392203 11334 724914 853966 383414 83275 642329 158023 418639 1 482237 254711 166417 856639 362401 638610 8018 567172 577767 797644 1
1 210967 440404 82055 506146 122566 576072 132498 606887 893789 970350 1 971154 589190 605122 290441 330276 227939 404490 439338 647156 629263 1 74188 220302 16710 782015 590104 191916 872327 221271 5407 775101 1 735408 177580 387964 147621 294525 634396 852617 752820 186574 683746 1 670292 751700 497138 721005 178221 516452 497828 132820 661236 938409 1 862918 210446 964189 459286 385273 805309 781138 556758 124653 680402 1 880010 998168 739674 97721 295951 222253 689597 883754 995901 892290 1 898301 770152 472575 19810 740556 739777 65644 51238 413684 744483 1 11215 139715 623583 558864 350824 78503 37092 854349 850834 305608 1
1 76320 179578 830931 965252 783946 821316 907188 168816 213870 485576 1 765238 928050 82235 503392 457312 294264 361041 34072 359680 416442 1 149158 214460 315830 515623 794547 145214 869237 520001 341877 464605 1 833113 661420 11673 100193 554501 585157 952899 936124 735166 952150 1 251045 463143 731345 3874 817790 604315 788332 718738 721416 993544 1 266887 553190 305022 339101 634917 552965 77051 673801 936778 512545 1 705289 245511 941711 257790 601400 270571 254068 631986 844789 164982 1 732112 517862 303608 942367 684980 977979 675816 824600 588382 433146 1 323432 339023 620278 809524 351806 581891 890918 677113 770335 784981 1
1 124996 3737 612989 461007 497814 147537 458095 451679 208021 224741 1 512117 692876 58482 888147 351175 860999 371073 231364 138373 759567 1 360632 696072 10775 897786 880915 177602 716334 919751 971812 531739 1 847027 984054 196874 909292 655487 605065 95568 311359 659570 422224 1 392886 305686 899255 827678 209982 240602 220263 838291 698940 261705 1 462320 870588 968839 307131 866947 537252 131688 293394 908669 624590 1 132893 465195 789036 553326 468334 518926 54040 27640 420960 841214 1 741984 267567 211665 676004 763282 285608 379779 697734 720042 355206 1 305896 147090 638941 539777 436808 642581 357400 623818 576842 330602 1
1 437471 965341 323722 130871 285383 159535 213774 630431 899727 489154 1 503606 327158 24130 235492 510811 615540 514158 667377 623972 220385 1 285423 960156 732274 176759 330704 821021 31746 446331 301416 714795 1 272801 448296 115107 205406 705440 943359 960107 952993 996325 902168 1 488473 931369 482021 817656 934938 967794 872771 761344 775922 98025 1 830101 125797 691126 479410 853555 258523 864245 51700 708949 954349 1 964519 978364 878185 532474 67350 776445 339831 544719 406746 86733 1 184475 854251 255189 231422 665831 105580 975866 118195 699038 284273 1 17765 569773 235369 315417 286682 228769 89780 181076 84355 594320 1
1 290616 507122 887275 675607 195907 602439 116050 338020 92914 757298 1 541556 283921 749661 598546 9976 569521 536236 499951 261523 880614 1 542212 316694 585324 963556 489473 681769 436801 853182 296077 204331 1 781029 805172 91172 699630 862642 846091 291934 334337 650927 682899 1 440257 991362 529276 611564 869415 963938 956559 447551 772608 8222 1 907698 350193 315338 250696 843789 998015 919170 939417 864865 480008 1 30181 893044 441135 373132 336362 135376 12247 721016 161981 215865 1 923790 739216 659783 912151 642399 244024 513494 947325 892646 661245 1 102705 315461 4729 766413 955035 154148 420669 949180 992313 976750 1
1 853667 864054 596673 908091 899473 139231 145230 975039 36735 146848 1 328188 380547 728025 460593 788777 993365 520425 958587 753291 639385 1 849588 880017 706939 474154 618910 486557 989509 136271 206504 20662 1 297493 270889 204091 428497 828304 149213 99697 328587 868218 840265 1 411958 905020 427583 88398 52131 544290 26110 841267 637690 164851 1 152960 518404 814064 38264 735434 183465 924096 319929 371282 186216 1 241138 321035 621496 294093 506046 264657 667801 555835 758677 964756 1 676936 501080 894682 241789 228894 359508 524956 623966 20112 118163 1 786061 459481 893319 441508 346395 186113 76059 947408 735572 98814 1
1 201735 202586 817129 966115 991190 687182 600365 486192 368716 27340 1 248566 346895 219647 776690 91288 135768 79195 544718 307158 639062 1 150272 174843 414248 367479 333757 640047 459186 75484 696590 104827 1 356358 655341 638900 495802 598991 377441 609527 987914 849470 141665 1 402435 895561 94049 104906 695390 61471 76580 332712 680808 44200 1 742738 864565 842993 697268 228451 946416 959243 626191 406337 755262 1 891645 351213 78019 3296 889931 612494 839234 246131 285613 589165 1 787464 62740 569423 366711 762409 358266 442150 816960 617292 77240 1 530436 262887 617172 908257 767190 698017 955390 603617 385823 24201 1
1 764321 908702 445682 947265 487080 499306 342544 535771 374550 282795 1 223935 604195 701641 699131 519643 297607 311281 989615 684262 712691 1 40074 402010 622126 36595 533401 534257 321109 907068 559660 220280 1 855337 973337 800976 988131 919522 660329 942899 713001 173855 510125 1 808034 639241 267743 16408 766446 277001 578779 446884 513259 784295 1 990037 141013 805892 717732 844020 311329 789098 209765 786982 7379 1 912256 105271 862349 699817 203019 84732 973983 347709 563640 984405 1 674713 705202 5149 755067 387451 168617 427217 319786 558773 75171 1 405617 471794 89830 407831 32391 337293 176912 13811 503715 458317 1
1 719241 793357 446488 507583 413758 740698 837620 762143 391418 730839 1 417642 681368 122418 303520 225799 999808 824058 159460 872824 47734 1 850722 205483 392193 370106 191886 115568 910678 846027 671644 320817 1 288289 793088 823317 362313 51323 336218 842868 861719 649249 749363 1 539217 762148 440896 629545 694799 875654 257605 326136 514016 18387 1 798435 311517 355479 229061 551129 183858 624973 654389 982759 955592 1 150704 329404 532205 300156 604626 770086 592812 819320 943523 252663 1 885778 517336 135688 872307 227109 447788 848665 829985 193356 624336 1 383129 455994 467718 887908 519291 936489 35016 662268 496954 503739 1
1 388547 915976 196545 731603 818741 529191 812843 614283 860077 673819 1 101972 384560 694599 351522 458367 533243 796246 207247 243894 426072 1 196959 190823 483086 603847 274824 729763 673328 655675 545471 804897 1 730179 433071 746142 790816 388441 571394 121592 742261 975196 321813 1 116637 209241 253826 605813 935880 156429 307875 462508 415617 937902 1 904949 554136 718833 770154 174786 450220 392415 791172 90414 315129 1 481559 724559 872772 475514 387684 584598 525308 559441 259281 491539 1 901968 501823 843680 691726 570720 873075 216923 907031 907434 435819 1 275861 798126 903150 389828 556357 962495 920166 911242 390173 260299 1
1 407159 735250 992040 27068 307747 12476 58550 555577 782328 258978 1 405603 21981 994893 213209 580761 531348 829380 409122 310428 628283 1 132421 965980 849563 64936 574966 241341 942186 358483 408319 83370 1 582532 634750 645818 885115 59189 35223 97840 383189 175050 418497 1 210541 674825 99686 704078 996049 748397 950588 500848 741180 37306 1 192816 892767 530856 805412 677122 631287 874913 492023 55310 45083 1 623817 388463 79298 204705 581320 164906 577092 980718 176961 371096 1 400662 520751 606352 732119 467263 467949 654791 377409 317720 318723 1 725673 96469 397957 398454 701511 910445 341320 250707 218104 380082 1
1 622199 388888 180280 829813 150770 305861 14962 378289 524340 768638 1 210957 934222 680077 192766 410463 339777 827014 746295 21975 35158 1 434697 375236 856473 693866 922433 775876 730393 160927 509463 486970 1 136231 341700 745623 269077 613471 208169 998483 890894 735429 746420 1 419411 492493 414513 65626 162186 575522 623174 746230 793484 283512 1 574215 652030 12828 386704 409505 279202 792637 297304 465460 219521 1 309594 378218 984003 986182 530074 399929 115807 757684 356484 259505 1 999295 228369 663340 401014 828829 142160 392544 427736 221991 804813 1 466054 168930 332176 944739 562083 896224 747447 851772 666518 74267 1
1 611581 317114 228141 117652 968290 379031 168987 970876 482106 633544 1 188000 40013 245631 674272 369114 705077 692924 507314 321020 543292 1 210186 471140 286992 835694 500354 216753 154318 81076 539074 830872 1 576086 134912 666516 160225 802409 241258 326856 978092 508054 779534 1 193831 427110 727771 555192 426245 118947 887752 304437 762761 157849 1 170288 689039 486328 650267 630944 988014 480665 39213 7337 846274 1 897788 209550 971312 875701 161786 567658 527292 469928 296317 2179 1 894286 232738 406421 562856 918478 466720 992833 204370 514654 509447 1 678168 270401 386539 363657 615843 590514 666927 81148 831570 894878 1
1 338835 755168 934714 607067 626869 866838 113148 184088 53268 384404 1 630806 751496 644385 49188 310787 800391 553653 430885 642820 499639 1 684630 267958 462710 951539 419248 883752 588222 48061 63427 72884 1 40439 427974 965633 242366 650431 485634 392943 265957 139306 527598 1 871524 905055 424503 524450 657512 442574 33394 513666 903963 279573 1 509617 284804 694170 681215 642304 69339 441241 809948 301138 37934 1 532183 210927 287331 758139 639082 628093 225508 803974 749824 568392 1 238023 604474 221680 170440 599893 312504 569915 319901 617403 681503 1 639491 432502 169854 845093 714730 520472 670745 213712 557432 537421 1
1 153480 365716 541279 481134 725806 841033 726670 188027 34815 583392 1 551131 18756 473243 611317 797040 659931 137200 137647 909091 719547 1 969150 526653 228384 187815 748339 599285 845302 665367 219358 424929 1 397774 443748 352860 445015 210028 131847 83020 909764 336224 894578 1 883194 675411 178639 437124 891508 809619 481968 60811 896864 529190 1 108534 949044 318595 749503 261708 690513 111683 594130 458839 98626 1 182632 603782 506048 719636 740247 691343 56957 903463 365034 307307 1 674802 358382 956521 844220 601051 774640 777003 41568 505870 59889 1 460547 230238 817318 849339 518240 651808 211847 464175 182118 832245 1
1 245449 377317 771231 284383 717661 924574 913202 494814 402790 998257 1 510826 489688 316554 205272 159356 304827 703425 578250 532123 492059 1 886194 215906 946177 978755 431303 653824 406179 275662 257766 24217 1 131549 949217 319680 902687 251265 346706 723405 685941 930991 689485 1 684678 905307 784582 230129 108656 504232 266927 198450 152884 119332 1 116330 271434 518811 901716 7150 758625 207783 779948 198154 550838 1 974718 254926 294305 556666 226783 161214 595634 401067 12454 504297 1 630516 952862 424786 581290 105404 750714 555456 796789 125966 898052 1 173050 231698 426487 260038 843999 974872 272207 110230 91301 279262 1
1 598591 259237 125034 581096 38594 882971 37720 736039 792675 910892 1 484020 126516 761655 103886 622724 35285 761904 551605 406170 107982 1 553617 90768 846622 325766 973550 648080 203015 369448 434730 474025 1 712149 515014 678295 890077 724500 730399 837360 686555 809613 53199 1 140897 360513 521866 404054 489511 41113 742474 815336 530229 854703 1 405207 56311 856697 927205 574076 972375 474010 725555 225428 288620 1 268915 686472 818325 542310 801522 431336 82508 127024 819474 600737 1 964170 754967 559099 352071 119544 442358 352038 336414 41620 242532 1 858754 92680 144066 836559 216007 565605 402802 895896 769698 368990 1
1 505787 624117 669917 973038 70390 775825 586429 108067 245604 565705 1 351556 697586 124618 439601 254753 938501 921143 138124 424430 562909 1 520273 64534 131687 591201 275457 487124 214722 413648 636260 64559 1 315016 526504 218016 50993 570387 915313 194560 601663 315851 539388 1 531739 789740 355687 470003 595428 907567 844071 254288 55308 184725 1 803386 49966 851628 298294 870826 691272 243578 207077 764806 751199 1 54850 442476 905888 74199 285885 268062 848961 125233 431394 209337 1 49692 125819 910824 766156 811193 602881 298015 80009 83655 759217 1 258438 886151 688612 471556 322005 457178 477325 652335 153972 158471 1
1 524794 939277 735514 68981 100211 406989 18407 403134 117932 226771 1 466623 291183 421984 839625 875372 403416 419646 432100 261843 19058 1 419300 905967 757845 351218 195273 397958 131617 155745 810417 165067 1 221492 236250 178156 991071 302488 431904 689869 537776 688401 616559 1 868230 935774 426413 6788 59187 434828 865797 247586 738639 579963 1 961913 221282 507719 100671 686640 860274 930763 67019 612087 537747 1 686594 694380 829560 458566 757392 497520 409326 999668 680434 306325 1 962984 898309 91397 511658 829034 671711 972643 651177 905085 137332 1 563140 678834 63507 102490 933502 101833 640118 121511 805437 263588 1
1 381597 923402 23027 742555 667655 49950 134264 721583 471832 900012 1 476874 371867 64614 817972 901054 248049 53307 583783 590048 832546 1 71352 371231 13 262296 422248 357374 987589 234572 502335 34012 1 619974 338276 445767 605374 462601 536345 483923 726440 323774 484288 1 807986 232721 916470 590234 875562 456504 171352 845163 163246 608758 1 679564 560254 195503 226764 553651 66385 175137 853883 717580 388583 1 703780 783309 668578 353664 924767 437754 958120 921417 121442 682726 1 359648 972993 214992 366296 987159 497238 364278 834840 599479 349091 1 142997 925684 120136 663041 720885 14557 418706 103608 543353 88820 1
1 923027 214653 871677 884773 946931 873869 623342 562645 329033 147657 1 196069 757733 148025 903585 164759 16937 709778 637107 886458 560229 1 368707 788774 404376 477406 32232 264556 703159 921596 596680 453437 1 452743 752801 645684 671641 418861 585230 165506 547418 517332 29585 1 869502 944395 859638 633971 225162 826133 812014 711527 72709 453943 1 544710 44656 891880 601109 648468 868055 698070 76242 955173 143936 1 864854 468182 149483 234581 703754 458138 168704 507797 231464 728472 1 332978 645308 702673 182513 769152 604959 908941 348576 502337 824755 1 797841 772834 189426 310425 503152 294074 529382 438617 334808 569800 1
1 918430 528231 230466 726781 309666 361023 838108 408249 755790 778537 1 994022 319831 99625 795055 942878 222654 26766 315588 721298 218285 1 713160 507520 529079 804498 495161 398687 153504 419577 163966 936204 1 839865 209336 249247 884122 109028 618142 992889 314491 680586 647422 1 549661 396283 449435 209438 342752 538567 87532 391874 506281 605317 1 554491 713247 108680 433278 92664 529479 406819 851609 742236 701487 1 511917 831559 472174 670567 624737 966286 642666 820327 318436 921760 1 981906 863261 928209 334844 252388 108305 166716 657541 144372 7846 1 47306 356916 588461 926367 5825 614165 707450 11035 967620 678094 1
1 932424 533049 506199 559489 31737 183552 819792 605480 794706 942530 1 917517 41489 88589 537074 393454 829803 37177 318058 986175 408357 1 194715 570320 418288 297693 645523 352541 809797 297402 821432 17806 1 490886 154940 658403 104780 551260 404630 857476 562333 692314 918323 1 467909 740199 466679 927447 438332 891499 478514 88152 815010 63870 1 763994 926187 311376 962598 37354 225159 500139 226116 738285 708263 1 719098 944697 596896 23411 323148 708631 798124 350693 471881 626793 1 793827 846980 891029 76599 485628 655149 872007 349986 768689 341115 1 279355 874020 419351 700106 515435 786186 587415 469288 495848 489837 1
1 377807 336773 479562 226708 998437 240960 868399 706680 697148 531456 1 511317 661817 114664 695276 528778 241495 437999 635095 182452 485131 1 236779 943292 121519 157273 389236 378884 448391 35060 922923 410599 1 988790 447503 260425 266857 671596 307184 712713 423291 464981 683162 1 629347 371265 423941 901932 573107 576603 336643 10624 353481 215461 1 283182 150535 98222 546403 436790 697306 220756 436028 155468 355908 1 978876 234785 714193 738517 218843 766122 218980 150512 585811 436689 1 836930 961332 819555 704654 514270 305889 94591 563180 359420 205457 1 303029 596787 382486 36531 214930 87159 774075 53093 474048 624089 1
1 339532 382782 113713 822903 217993 708518 246597 388450 922635 679930 1 27732 8868 360328 337207 726652 514938 963325 375349 541827 436654 1 470862 396180 242608 111961 894723 521738 13306 773255 745889 329954 1 449462 848388 818231 731986 822518 309450 572432 262130 49579 712644 1 382745 928447 672321 311979 671025 580356 369360 250851 902798 325197 1 869425 705392 915113 214131 236308 284380 614100 485706 395383 888196 1 168540 314078 871997 469915 880329 563145 811710 297966 365089 123840 1 866824 158630 686288 1078 571599 330804 417280 635125 959819 728757 1 860607 405330 93941 135498 430080 589787 849199 793691 121570 854027 1
1 528330 225772 904088 271187 364172 634347 976835 313017 730175 360829 1 116391 357872 390575 74315 644162 653853 926581 560285 325918 382771 1 824334 351611 471578 502551 162814 814113 587396 118353 140368 554951 1 163536 711666 124553 974964 457986 751611 690155 305606 610861 3313 1 338800 722888 807490 192293 497925 661182 996756 833932 44477 332591 1 614594 130009 907491 234383 215715 982602 388744 521153 451407 559178 1 943013 631467 503822 560257 714258 237896 794777 679070 405675 973198 1 517659 368322 71109 828552 21586 164962 757065 826585 461623 334498 1 352693 788668 929822 345100 250187 569200 507787 837174 334742 309976 1
1 675620 693525 47093 648019 705377 533560 549459 857448 438469 144778 1 870079 297076 375267 856692 958302 156313 88519 856476 667299 764224 1 568856 544948 594739 619043 978862 154140 742161 362142 902335 273571 1 622780 295293 17461 753930 987144 767196 748458 414701 380985 402058 1 136430 69168 833015 387707 593956 441240 558295 269507 360000 665847 1 127341 657589 213695 292176 778221 558750 193088 223425 215540 186922 1 773845 918423 655562 743884 547910 103123 417915 167552 601740 413256 1 406496 114947 974904 523165 429600 181082 731596 785016 170733 174875 1 126289 276008 919338 217887 856548 222567 708783 457231 282952 326822 1
1 835858 464066 357526 816508 828970 381926 473240 839087 582670 816069 1 210675 579607 999432 27994 336600 497785 524483 950512 735932 218089 1 706911 832688 971533 996677 984341 626698 414093 991965 652617 37358 1 376652 849659 658509 720177 736684 185677 227852 792913 460190 270402 1 16658 206088 69432 479004 662345 805917 936208 943434 120254 580935 1 740102 567249 84799 780336 998744 351461 377272 600259 165384 966699 1 873188 22862 587492 990770 420796 544310 356758 152201 146318 478488 1 842516 286125 604785 460271 425206 522023 810092 108290 634998 120010 1 426893 74231 15497 597497 794949 512497 18120 361175 711433 813554 1
1 558759 245314 573590 970526 461676 104755 441198 937423 349125 244813 1 157535 59393 596482 558507 652821 479578 379725 115426 875430 256884 1 764079 353095 112390 617383 923619 13879 769088 399811 800781 149069 1 844557 604703 946234 42338 425874 892627 314715 174228 979650 153078 1 435751 755009 695468 848758 784316 655521 835565 269446 377162 834440 1 969297 379664 762530 730728 167102 773652 954606 871775 22076 465573 1 631067 339821 58849 690699 926534 902604 713883 12801 327571 636270 1 653666 819339 72567 59591 656248 675827 79817 456767 528291 374136 1 236760 182139 795785 410988 894513 997104 400350 340554 504923 734344 1
1 749689 78409 583106 557014 212865 633555 574118 77690 202743 315559 1 749335 790554 369102 917277 916080 11187 319078 25629 29194 228427 1 81723 150651 335356 722084 308694 890572 898536 9161 522179 23419 1 540252 893647 573022 985886 350765 292266 264243 538917 509369 849322 1 525333 311624 792743 95603 165092 17934 215650 814858 104156 693757 1 444024 972154 348075 623101 823027 797703 280463 851861 627983 216857 1 666897 572306 158975 95224 155619 357000 812732 531445 441183 229542 1 277344 952509 378734 669470 327669 275245 818879 595295 390196 704830 1 572902 399858 756657 195628 177691 128918 57935 824997 537415 396078 1
1 785357 820458 949777 151307 669578 932780 316313 137817 766126 60929 1 942599 124840 452581 941921 594343 628619 837309 367039 685158 139685 1 899062 192937 942061 180034 979541 171199 134098 246988 995930 899925 1 801983 213680 179033 377697 156634 49187 554455 778647 855986 384397 1 811910 989415 456615 871126 183295 252032 927886 872385 913924 752341 1 186321 57170 132865 212410 449919 250620 794608 263479 397866 542545 1 634662 872091 345397 219587 239970 659339 330745 71756 153115 315287 1 242304 605868 51031 944268 508574 136456 574355 364481 147719 395985 1 101552 57262 547037 870608 834326 313614 316193 698240 113070 912409 1
1 801368 928298 612919 888173 677120 911657 244335 837395 423892 932886 1 320328 60815 765152 80083 86077 212949 624104 623583 580363 296729 1 784257 417593 785041 313133 550915 314930 588605 920618 651416 390376 1 565133 568371 216109 929267 59553 348443 89233 503102 500002 114336 1 567629 501589 168796 18385 789325 289158 766246 315329 151415 985668 1 814416 319412 710246 426781 782928 506541 45120 828971 264783 706043 1 766944 141338 281919 142712 813706 250229 28729 987769 441192 885737 1 544733 630780 121574 886638 656784 38146 268092 333211 282196 798582 1 162418 59844 229877 973 368139 42729 454722 849191 664348 649345 1
1 91307 794937 847332 678296 65520 148681 483256 35297 393864 421450 1 635193 701923 642984 857494 960545 553843 773247 268640 472546 340063 1 670930 227017 907343 288733 940708 788047 472346 744986 572603 709845 1 204974 210203 610749 755998 65117 32159 146504 445247 433768 748938 1 181622 48741 934563 323691 789066 41498 252417 773234 996755 715314 1 792575 622684 691836 864838 312851 393889 380311 494405 708898 375085 1 238460 763937 307477 353385 184500 636710 221103 177365 443755 711743 1 526768 872169 196117 318848 772560 211432 920657 993762 648171 7409 1 761623 22796 700704 823537 939334 675757 98930 799921 119336 255664 1
1 722206 234253 370108 344132 200350 864622 836123 441640 70602 79648 1 920025 495271 91424 690335 943572 396328 166249 480807 910983 524730 1 871175 429794 911714 924106 495239 799877 594059 124100 995341 583042 1 480798 455695 580441 502737 105816 601820 742138 172237 645685 339474 1 253294 85211 574359 562126 875791 252289 796267 659377 559020 644960 1 869958 442886 524406 428693 968107 571157 987671 348052 514457 576069 1 22314 625448 398063 6688 288817 462118 64063 427582 492510 795843 1 884338 889684 139729 366753 39283 255041 277630 454225 324185 929467 1 286813 348284 481381 143910 822388 455310 434063 262857 985575 100165 1
1 336823 139672 435876 238064 739456 315992 792417 18251 648887 103090 1 428753 95328 702352 401914 460528 176568 507324 447421 740743 348616 1 902539 507417 727351 191396 392698 911740 459083 487014 864231 48098 1 380453 317446 43555 349322 454312 123495 101235 995323 974322 555999 1 349142 419981 786935 170562 613086 375254 590981 570169 150354 545332 1 472240 890194 425305 971062 781258 84505 872029 995157 227109 828105 1 606650 528858 333130 962172 849254 749226 708141 483943 67303 828669 1 724936 627075 682602 950011 945903 741076 488945 850822 206973 474979 1 622588 955247 788035 242232 478926 412306 344646 42804 826382 174973 1
1 306442 254238 482517 289014 869294 996543 341248 50423 403586 793109 1 91512 195013 673998 491350 463580 540401 165242 804754 357536 103001 1 963226 602943 334520 935253 179651 745624 212560 89159 519169 162880 1 658354 558175 28416 252917 80997 349395 768448 717826 542306 551969 1 730633 234713 785672 677765 531462 377130 280827 286533 770330 863749 1 353412 482830 82387 55762 825908 299127 940765 718790 890863 321758 1 140443 952947 76186 561906 393349 782002 23311 556409 358272 183710 1 147483 140295 441650 575683 65422 941925 3881 321321 78896 190137 1 430661 153049 797379 5400 984658 57997 229370 893545 435296 630522 1
1 13523 137297 313304 417933 245518 765917 651868 702416 103371 616268 1 605971 444483 976070 71273 725820 71520 818833 41672 758879 420055 1 404235 799564 759064 841603 754893 631975 481847 347081 191145 89876 1 15288 458553 557279 104758 860741 879016 778746 890889 713216 207981 1 180092 718020 749804 709606 331480 701661 164083 555257 888008 703153 1 422610 186873 643797 582696 561532 480219 714996 867103 751932 213745 1 998621 834174 698948 995927 284577 704469 423239 797071 953485 437828 1 910126 44592 363790 761540 971459 200650 224183 95981 740346 449896 1 873393 4189 528297 748311 635774 997552 955959 620080 987943 399661 1
1 837109 296911 207932 814791 209205 928288 736965 458447 742175 848089 1 218174 978696 354367 530870 878204 60122 162377 886080 960817 598719 1 68851 971650 844054 686954 964851 255863 657579 89814 216323 376609 1 290766 670452 417563 956735 525203 510627 736450 459398 179585 370421 1 648573 88073 474227 617704 361146 764733 818661 162608 814920 939105 1 144774 357009 117076 953532 127932 428779 272668 214188 392076 719217 1 369634 10144 53680 631522 101354 149919 608326 992455 467432 523123 1 645929 288587 336922 251077 856724 97701 265770 557609 489823 379072 1 501902 730232 658965 405135 867485 374810 169674 506960 370771 332388 1
1 610214 992572 560196 876005 696665 759316 785148 762004 180339 587765 1 568630 761348 788542 478222 513303 575065 888721 696975 202871 183193 1 686431 468558 760036 454473 860670 532302 926905 321988 709243 773053 1 456520 191267 477343 760582 910156 840336 487707 117404 931109 580689 1 691010 801731 555543 184454 938275 42379 909214 626819 244415 138609 1 769228 225742 455814 688500 624346 334521 265412 249953 288010 124942 1 64687 903094 531312 51791 548916 950358 554575 954947 562629 484578 1 958887 757514 562976 569535 541781 640035 660852 331799 816249 464260 1 472009 178903 7796 785786 12728 648566 349483 826559 225127 931707 1
1 12793 904866 739468 294208 982713 732231 7686 376636 866992 474599 1 65656 751181 771051 666422 220170 672483 401062 650952 621450 643978 1 990114 605645 582818 737736 159142 72529 869149 714667 760097 918897 1 61845 446354 865215 142040 859798 452119 987346 546356 994833 755474 1 154221 803268 657642 318979 224392 244937 27528 105769 100347 903104 1 285807 903252 305653 498561 206803 456310 392704 840755 485815 49866 1 276972 465289 657782 982028 140941 642124 830740 851450 427896 447177 1 998669 65766 555748 964766 806321 174428 966215 663055 888763 911555 1 211527 969840 527899 266680 258587 440346 235274 18771 863801 635701 1
1 449940 701036 163203 482513 666262 708075 300759 236375 941072 20464 1 23085 593236 692695 975475 648322 797155 117077 939238 179342 114166 1 89103 600597 960229 808049 220304 953563 964266 834410 26125 357679 1 584427 981080 731712 497301 279934 147171 60348 431979 34719 275061 1 224109 408054 16288 479095 481970 816326 342057 957299 122869 375475 1 832023 326175 135627 421840 266830 151978 487517 279516 987265 401834 1 13695 295046 136745 337425 733844 259460 217054 358513 402339 449886 1 201178 819267 166880 886344 585293 499803 202190 560214 865697 198160 1 24193 533800 548814 782111 392989 645118 610943 168586 13629 434271 1
1 482300 778905 302020 853980 532657 125916 352614 283402 591941 464909 1 553748 585623 983868 519088 788339 900834 760721 617458 209164 919643 1 366061 288221 495137 538156 285024 143247 416081 651598 139129 365090 1 295933 492017 628635 348523 947348 313519 638913 906567 923358 692737 1 989173 721000 324848 904664 305640 722733 141040 804764 646983 719098 1 364498 38563 787763 127299 502953 738657 349591 441107 76342 323772 1 769606 963924 18157 875147 294826 295757 916415 423392 737597 455052 1 386367 623878 519949 693528 773950 454826 993398 686937 461354 997948 1 962155 718244 435266 562869 483520 930244 198332 999927 14736 589947 1
1 793717 267205 961266 105613 910470 208616 199731 608510 812510 369829 1 659917 958885 599555 487935 245619 338018 54235 803017 823850 709406 1 188415 575463 990158 461200 855559 718879 542265 25327 37109 617574 1 739622 286836 579683 809960 1954 186694 477973 689731 166119 381233 1 585388 388885 184448 77940 869665 927730 269254 405146 119152 885437 1 28890 262556 444572 312665 467189 863035 378775 79091 346864 98315 1 880771 874537 643005 104586 104755 268309 890698 229684 455865 681341 1 619822 628915 430455 153511 145689 836693 863397 318384 142737 343250 1 400062 259330 453793 315849 412439 809856 43766 4659 918585 628903 1
1 701496 981759 684321 270844 552359 118974 704659 150462 910661 885561 1 414933 214037 489858 644282 801305 427600 552439 69352 363879 181172 1 760408 478579 500741 608215 99749 269324 759876 26281 641452 999070 1 314581 369119 926663 214642 117508 925400 571179 261813 827226 117639 1 257751 690840 193570 477965 876287 694870 985956 81497 866934 995407 1 429301 851857 273420 701493 259905 231801 699936 470659 95594 171916 1 637370 623999 949006 802582 823863 661469 139843 269912 696902 923070 1 528821 214126 131684 824722 390383 350029 238744 777411 12442 683704 1 29339 311828 27201 371715 344065 95332 937103 30475 768276 546701 1
1 566397 440574 508100 795287 503794 26185 902660 307972 491962 584126 1 975628 933098 843897 534197 234546 189622 312662 362266 317744 785063 1 906822 346535 633439 386775 237675 330765 571994 42174 236799 356372 1 345138 2496 802096 20301 488736 116362 563242 346747 553149 615239 1 65065 110630 302628 140387 12410 827434 224551 659636 791914 657966 1 600401 253320 815462 923191 692351 892253 533005 97091 493978 240212 1 172019 640394 100740 592286 54178 168309 209942 135553 961105 609529 1 592675 885233 743137 9613 264997 539339 840063 323579 299888 381014 1 47273 6468 437373 398772 8050 843464 152099 685621 827947 467251 1
1 93894 924040 741664 904248 911608 298142 608339 710037 26045 345599 1 421028 566891 525354 506264 972150 1442 802295 726093 460077 884080 1 835608 791451 392299 743327 988710 386109 225655 104591 560707 925639 1 276242 347583 967509 876476 903863 367628 6043 336472 340304 616263 1 385494 397358 32435 456251 97865 526410 6951 727316 254424 444699 1 533820 433849 625903 507440 912887 297812 351947 852969 836727 221629 1 241336 635095 167043 53750 98951 866962 834881 798258 412961 257425 1 308349 142538 967116 456369 72693 605249 527875 288650 476398 451369 1 757729 888173 366725 991072 609812 914923 607967 531122 377535 704795 1
1 308793 500023 97862 905845 490619 276652 47358 433906 919832 407804 1 21694 759533 515808 780470 176374 686626 588686 625867 93123 440703 1 937179 126502 865480 752500 342774 973368 687096 918845 382539 372673 1 501748 229284 845414 20815 47579 196942 231496 9823 950764 836850 1 825516 380043 612943 569432 678263 699684 481130 197758 681754 383635 1 35628 150452 679160 56150 31092 527198 838049 859070 191576 886172 1 523515 706916 373029 701951 891467 323057 649766 450503 848708 905998 1 582477 254929 972389 574562 331742 749106 579442 4688 320995 793349 1 944320 584412 146279 780411 107107 237675 630388 102889 331004 100603 1
1 237300 418211 574246 806451 728536 839767 508957 509013 237681 529896 1 251770 478348 368362 346936 436224 460270 232443 6209 110350 781060 1 388811 200211 130710 17041 393867 762679 981663 250153 383771 103676 1 113844 752165 483653 974283 711097 732064 596505 781001 110044 948706 1 141825 599391 478011 203923 954490 599075 990455 814887 525022 598536 1 901808 666075 48655 314164 213607 825355 496255 74939 774534 755290 1 862265 159111 120572 151527 46058 834317 499672 772178 207155 992609 1 14061 356660 580276 811079 561131 489506 44059 612539 224318 618685 1 927189 292875 945097 45740 711310 738202 665123 255154 463799 188543 1
1 326905 367679 780595 82377 86627 532285 81175 589776 855826 550284 1 620849 583909 383351 662316 493317 224127 635398 396824 306542 632499 1 235858 97763 15129 395216 387077 965323 150037 115359 385115 105601 1 551670 93451 151593 329268 9455 978386 85913 223720 548388 75759 1 813481 377483 80473 974491 86388 319123 595983 714551 389019 703619 1 264703 147862 297358 740825 868276 162497 213143 754515 916936 174235 1 966256 470541 123426 122553 851842 235487 757455 996403 771235 961887 1 727091 512009 618603 449938 868431 785716 183092 209293 881668 743708 1 925281 764970 53508 263914 183568 259074 168455 221094 419870 819181 1
1 968745 731436 617351 227937 962147 33256 403135 48355 546848 862305 1 516631 691273 887164 347404 640577 230044 587175 789359 474133 574361 1 750260 433061 778292 101498 744825 858190 262661 829755 42718 540058 1 810193 336944 606210 108093 90341 617321 632295 690773 797622 276657 1 794807 346782 633865 318714 876649 179401 549568 900694 918171 735357 1 512923 356940 804428 50988 532150 450090 945689 83511 434228 403148 1 176953 149193 258875 363052 190095 167643 378810 951340 910116 862009 1 158758 983276 717150 379324 328491 778500 525153 683256 842536 87347 1 554563 650324 535101 762331 309569 441283 712872 716878 636531 366854 1
1 476214 114230 571745 429402 917516 890308 950221 568631 834335 555464 1 765650 764147 929233 380962 397593 852319 31348 985323 959560 874624 1 130085 738769 62047 326960 562377 981969 723514 228274 369481 211945 1 835095 805104 78286 744101 262081 442640 760814 826166 634442 478606 1 386846 273257 783182 920632 772775 743228 830119 812573 505607 158931 1 290757 221298 546269 745560 161194 951290 712806 164997 411483 865205 1 271158 836089 908742 408367 550506 146516 252350 545779 924895 711417 1 865745 268678 735872 292087 592436 130124 84668 953372 448816 534730 1 88432 182251 481811 732616 211618 482778 649905 449256 813729 516918 1
1 590370 388993 363120 558376 508454 401661 289736 414665 828955 56051 1 855924 147221 173053 998794 699323 805317 716356 98273 841144 66550 1 541336 230616 457628 587837 623634 696445 787864 643374 604594 903725 1 883867 661563 579210 359936 844774 800897 657466 373140 940590 522066 1 784072 68351 387777 12071 85316 489180 998901 11230 992811 611440 1 672677 92725 399537 824732 109058 109109 999283 885911 369919 490848 1 543946 338598 60787 433596 368449 691254 840374 87872 244074 240702 1 205363 483541 13145 769871 662954 225024 983386 131779 501597 755448 1 64642 659897 499490 918865 563414 826820 35997 847446 375558 606185 1
1 222523 130999 990425 195663 820734 432506 979492 566176 598565 160265 1 157635 111513 428512 736683 438860 622606 399264 434983 421539 610440 1 891530 482541 120837 782628 992152 500105 359564 208726 302147 771777 1 915927 195026 185349 594078 796218 424969 189904 358027 997221 711334 1 512434 228363 802312 792318 821639 605931 963099 44587 29630 521992 1 405525 773480 495188 329454 170832 554440 187673 191624 441034 46143 1 146349 974143 535671 316851 86883 501742 504585 433756 752008 563228 1 557000 278769 268515 740932 257731 33691 68066 929876 267863 754656 1 666944 998460 790714 780372 703864 735283 702405 637240 561287 405673 1
1 752608 383614 907208 430805 997511 390230 7526 334596 907473 906282 1 401141 242297 446481 433526 276868 872352 115352 545686 943534 552316 1 339394 326085 722660 944169 29986 914977 419758 483127 424424 383841 1 34247 587501 255600 689703 67759 287176 717889 666957 779200 803154 1 535847 760298 418061 364428 107215 191136 403370 664806 598999 266673 1 937309 48022 335538 256088 87992 556662 335679 953954 894703 371203 1 976163 544681 222526 454118 451017 821620 531785 637309 783711 770296 1 650148 905374 820125 606027 328294 196780 862500 744311 206860 421742 1 127708 199112 208067 190060 583566 240117 225810 683618 224480 71620 1
1 431590 593734 121398 130386 452016 14767 11039 201590 70400 981635 1 400812 928460 379096 223515 640856 49737 786924 561217 838819 788905 1 678450 578776 132475 862423 524075 184924 265727 728795 125844 922896 1 350573 891356 682094 188367 260869 829533 447367 45158 324230 628837 1 204815 334153 917943 731385 722000 357678 892217 519345 774865 400800 1 478052 299067 171576 187706 374257 802771 904002 872710 128374 806773 1 684462 339975 407935 621466 837259 124382 502435 871017 737022 722963 1 779306 492330 244641 434674 239699 711580 211476 452838 800830 280979 1 398940 318770 678025 439551 330091 630324 277728 715205 893077 898330 1
1 597368 137306 5443 152938 13601 441831 385672 950145 88757 546399 1 761721 359801 68301 793028 784835 457338 886440 715988 553736 616545 1 360863 396399 34513 395937 664711 272842 274972 397500 745192 126539 1 793252 740379 90282 425699 863625 564134 661888 979535 800999 447538 1 746639 736082 810458 820728 245952 677066 360915 661873 677499 264454 1 329834 712348 455001 29468 975712 120565 548274 955883 347412 967159 1 964640 668323 147105 824822 319283 925861 100304 319771 857452 409082 1 565814 781014 267702 657522 666042 902624 447395 218682 788978 944610 1 763907 92397 587605 673106 152823 421866 506989 963094 479973 821772 1
1 984814 398605 669214 619323 392774 247807 917475 66470 682752 309309 1 944638 256285 293135 375343 336531 265057 861151 851145 819470 67789 1 317279 91291 697902 876004 931531 120286 705171 744478 894564 237264 1 305570 538207 796680 677774 754593 161388 268199 744110 728218 916769 1 796199 765224 939173 602038 238698 366943 953360 233950 502707 746671 1 593451 417237 438601 130620 119306 93726 115260 140950 867797 667755 1 699815 222054 36091 537410 402748 353229 626251 58081 692303 144055 1 647298 10500 655654 645194 657246 360372 462748 920493 343610 738265 1 238545 954988 759858 76544 78540 954402 506212 907572 26887 407435 1
1 437186 177491 434992 538660 476296 646640 389884 980987 992347 896498 1 671776 723506 389272 910600 616089 918851 225333 349787 717654 992262 1 416036 734272 842247 75585 806655 341716 338491 833081 409724 120867 1 142062 230893 229280 395740 730076 615407 373898 85663 763466 817315 1 653581 747154 456130 797629 605784 976971 265775 144116 336848 57921 1 844174 521193 109272 691760 166961 785899 286039 490097 546647 924030 1 248935 600296 690176 914905 493181 951103 147264 365198 597324 337789 1 819551 411344 311280 830472 194068 737992 454188 722810 215111 543286 1 269144 537394 785675 437017 439096 445935 836642 239154 617235 154053 1
1 527518 686083 433108 668667 61484 698595 151555 917881 537047 385736 1 141938 509404 436529 152664 905374 397567 388139 705586 255436 145977 1 283295 764061 607244 390710 245536 915966 708193 936393 121342 580466 1 145179 417398 252567 830077 698451 182793 921610 261334 647790 721240 1 542257 295399 135432 845747 603908 18056 950088 564278 152549 320491 1 483549 658758 347553 980855 110918 916635 30418 753721 34950 101426 1 293178 468777 182435 782766 730693 541853 328842 969530 622538 86859 1 485782 886892 499080 77746 834027 495192 75972 927916 118594 756516 1 204204 455864 683635 340768 439172 557556 434160 343520 788595 456784 1
1 570010 287224 959262 221190 860427 538943 673050 418975 205656 671902 1 420428 755454 834941 945962 339939 906303 652687 268220 562376 367665 1 887212 565581 200142 635578 660216 48385 788275 952200 559370 684443 1 143603 61305 131245 907404 974902 195881 516450 475648 367238 17947 1 230249 381874 148186 709182 558803 206697 732891 784490 615038 546093 1 939029 301200 875831 168865 958102 630656 543032 602402 687309 181840 1 940517 225051 857710 867258 935829 666148 391724 333113 746847 946708 1 635637 141894 74644 250567 146048 614580 296985 630778 107397 313326 1 212194 169653 956006 583019 815279 448959 995988 852704 928071 876424 1
1 733515 301157 929910 176380 516628 786712 491139 603107 787204 951464 1 760169 310018 230109 175623 991765 921160 105264 284521 769959 421067 1 395595 774047 24644 270706 290850 190711 548108 360163 864441 327344 1 198239 144819 122210 77174 116476 985880 785281 603558 623106 328757 1 272591 735415 958477 21976 543708 795382 52735 109990 798418 320995 1 272310 953241 973190 623691 242092 914622 551759 709710 199108 488300 1 502389 843555 213326 867867 339876 209354 522873 976450 124222 296780 1 761969 861569 102885 443423 575611 304232 147148 870633 934248 854767 1 614093 615269 405889 58617 784014 907154 281992 44378 730983 246516 1
1 789749 779699 694322 416288 504931 684466 409181 513245 221360 692228 1 522640 481050 804224 39299 424908 28389 301396 582296 209661 316093 1 736099 669714 495726 514957 286102 475572 514338 57188 421998 924949 1 34523 782805 334537 302570 988102 255257 440819 391520 514346 284012 1 875187 12171 506362 552827 137172 8566 842377 854514 94019 240792 1 68260 369905 624854 979657 673120 336366 234233 556212 234105 335384 1 175715 7587 922846 518284 244443 776035 795629 403235 576022 702299 1 550180 451080 587407 804287 274806 539973 896547 288148 145780 410266 1 31948 71090 835303 860525 610895 395037 263638 946155 576634 123651 1
1 181932 530558 818487 23087 737691 126026 611028 558582 857430 986669 1 448508 780361 215061 409627 691111 739201 277240 890748 257009 537524 1 139747 894545 154392 625032 343962 935530 525239 811797 504763 5863 1 135071 867773 191799 462261 709185 373846 194692 71038 304272 353404 1 278599 660287 385413 622671 465548 382534 503353 544727 878209 263234 1 220218 85535 998963 589434 535653 52093 22857 680050 491802 799419 1 279299 814052 200444 241194 184805 851759 589854 650222 915093 863286 1 239394 789634 507674 6283 494830 185165 382500 205148 23751 177799 1 646279 354607 310776 173065 246315 13902 668775 790658 754544 68539 1
1 158940 152183 534891 748380 933378 604896 596447 504460 894924 620359 1 237496 566870 696308 427589 770428 59345 884574 848362 948375 731822 1 35846 201149 866635 958338 662855 989535 174381 92540 90028 413087 1 600296 21365 689658 791520 396718 798501 79815 28469 503976 702303 1 845564 42306 789110 892879 811789 406054 473722 774442 749836 268107 1 32432 325438 714274 841335 713329 772837 848114 617906 221170 862043 1 376226 395805 631490 587264 476214 723562 196634 110643 40983 228195 1 357679 729862 838871 264241 141577 441565 245405 377471 465638 548298 1 158829 338864 983708 663959 930363 380944 102731 72212 104767 480722 1
1 772259 305295 717151 321669 904974 700787 931429 483720 277088 860934 1 519316 883264 583337 430437 625613 230436 132967 280988 940826 429478 1 357106 80204 741756 196490 519456 190399 73910 513755 336767 947877 1 108743 230551 40425 685803 561446 714492 694388 329315 430151 491291 1 380379 393636 926525 38475 97043 863968 843517 25633 862280 311788 1 51686 652889 253903 242355 913445 977126 85241 797221 404499 174607 1 761645 369843 872162 663201 553205 90417 986832 339592 399960 186315 1 299292 862051 552069 215833 308073 771429 851017 179205 56534 922620 1 100969 567945 73972 593443 60004 847778 417787 867941 240541 995286 1
1 467285 198084 903701 810912 691179 439501 14538 652776 204815 613993 1 783246 948701 900679 352499 576659 627416 690498 806840 110872 107710 1 396672 884813 475050 643874 661577 953667 626389 258465 297855 443517 1 993053 15914 482832 609718 528323 689018 99882 603008 751741 240738 1 368192 477586 619838 403390 788883 351204 89133 788215 215893 303563 1 281148 750311 565234 738324 50089 280775 387109 165084 563667 556017 1 858680 120831 729721 304525 251462 820487 439424 878545 616874 300009 1 550579 341962 183283 742154 931467 460376 802507 738844 691598 30656 1 977977 894810 946838 526161 925756 628295 482741 794136 459936 824407 1
1 861958 82984 913232 761790 849807 113372 181257 303201 460755 493320 1 164240 509466 742940 732980 651576 872890 314800 804262 674266 414575 1 222303 75243 684397 537894 321603 156025 612815 417844 70074 223041 1 45845 727482 913380 675110 29146 522551 319864 319297 639133 130191 1 788018 434534 587097 348983 885128 681451 869129 546133 754579 854412 1 866817 673543 266964 998586 594136 51924 11734 168883 655016 536919 1 479014 864659 430232 294336 927105 66693 179597 215429 634420 422716 1 482525 60900 543435 635255 173714 28721 735731 424407 882015 216785 1 326718 282406 713446 43300 586740 912637 498675 704363 88669 718229 1
1 668266 211776 858617 845623 311830 546880 120150 897503 457571 762987 1 559895 709027 294848 121418 692948 205875 291512 357572 968112 508003 1 34001 460695 123308 314437 516482 114366 366747 538681 806612 607868 1 810285 230122 490161 473988 996948 601594 504051 585528 299565 88051 1 554666 721657 520555 216759 90486 258534 457998 389563 38009 277400 1 438675 989103 385626 627459 414429 10973 504819 468204 992533 136951 1 611680 828278 522476 234208 160164 94893 71254 544161 220475 739915 1 92333 955832 541080 217029 1150 284773 865173 387251 685066 997566 1 518827 127079 154476 941740 393957 303457 955445 496008 324080 496670 1
1 773962 190535 116901 985925 388410 917063 252152 682205 584500 880575 1 682479 776163 949895 30946 294175 902752 46913 853153 423211 613482 1 819929 746099 469206 966116 314186 837777 475862 559585 106993 743360 1 835822 752341 167198 14004 454767 425165 591661 374058 728510 309479 1 934118 38721 191578 31331 998272 816833 372259 62944 724464 41547 1 142612 603487 925749 224932 31419 331755 155881 343271 206028 363973 1 171032 735415 530036 292793 749320 996808 626693 10427 433257 29256 1 281417 755741 737285 400746 182158 164401 17716 310118 423415 284756 1 886908 463871 191365 80046 374451 664605 555070 814859 829531 358842 1
1 748681 986143 527279 793477 351130 282734 641245 55315 737413 97146 1 534548 521801 352709 219082 588709 976349 810836 427329 81242 921538 1 572586 951892 219478 944042 177775 718614 182350 986082 337514 705442 1 808556 612566 678112 590593 422948 511432 226017 364827 551295 155654 1 287860 964476 270048 331613 728115 147232 284984 260485 846801 844398 1 765440 559469 616944 4332 820394 944531 23781 714321 592369 921084 1 295728 812323 991979 671566 705461 366066 98419 172659 380758 653294 1 878692 745035 828510 596972 311568 331655 517697 314032 576881 873516 1 180684 97414 989798 61103 769018 862506 46764 193280 644584 75822 1
1 735338 727293 782611 797424 249929 473398 155992 899932 49986 618322 1 49662 734940 214976 5713 175958 215696 841933 720889 536379 35082 1 794618 654536 569808 875581 114056 23883 694400 509806 390252 282801 1 554409 798987 824231 199058 549786 264665 840534 440232 183378 780663 1 290041 23542 179169 782068 775458 191798 676725 620123 866114 220564 1 160930 954620 786073 361793 866864 118386 626808 533375 855405 924729 1 410798 786370 53250 938856 246387 445081 712163 11363 580466 285586 1 362155 413235 414545 231514 388764 510516 436048 801071 973334 250839 1 92779 693373 440178 662221 203101 849700 790154 756422 224404 635763 1
1 64101 443237 580154 290133 646366 520873 218251 578653 995159 832496 1 302282 223418 383406 485094 347551 831240 279305 167314 357858 641502 1 478589 411075 366275 879673 109551 347334 796589 448739 964847 620735 1 826162 842700 806106 188300 805454 497702 258348 485195 550742 690341 1 605445 651265 825384 330901 734141 287670 974300 481225 210672 209999 1 773945 916260 131154 250002 39462 268067 582029 961770 884821 604886 1 905443 820062 310683 56346 473061 741472 821837 250649 360639 377717 1 776638 347717 517421 546344 434490 568255 115272 818338 33106 47870 1 293334 293125 232696 647649 242239 937221 487829 271679 143683 801112 1
1 662478 435003 600676 263213 659086 704529 320943 373745 50793 105562 1 765218 684136 828723 958783 978734 69450 119442 431374 612897 340259 1 427413 921715 108306 602306 430611 919476 124963 843039 106453 228850 1 293517 661145 951590 621722 24093 616030 52576 523632 386197 858948 1 784156 813716 763517 785848 562841 778112 178120 275848 537930 477601 1 22981 394069 486904 468049 172723 446586 223543 74786 318060 548826 1 470945 693104 179924 261704 954604 152886 87015 779588 962770 595077 1 646140 124758 609317 785632 322054 356745 364457 227516 599023 792121 1 727607 572054 330869 628062 721184 981960 27898 843993 38090 685382 1
1 812614 285234 742771 199125 2598 157946 41081 625310 462177 696425 1 502716 551040 26659 81870 273215 200488 699126 772821 242883 534841 1 601937 475425 706830 600187 641646 769490 797676 89248 955847 992954 1 969444 907936 804763 639065 564901 623151 259263 125920 929127 822519 1 744260 256960 399850 237526 192920 512302 762090 57972 31561 878751 1 345014 604382 587072 419031 473060 428776 986865 108098 174644 234425 1 985776 740640 680419 142354 32372 564413 635969 870920 985954 944136 1 199857 181887 431043 956804 69487 773498 987646 332445 525446 770219 1 975930 223057 991137 660160 774270 885359 325237 929921 378275 925420 1
1 667283 228129 454 792001 682622 948749 316674 724998 603798 971616 1 125625 188052 377186 797412 320539 178846 946020 151715 996823 254510 1 199718 607948 501026 551634 34861 34070 354502 246630 37275 646412 1 424265 308850 15967 639425 166989 23252 226389 894866 83847 655596 1 841102 224064 74335 813297 241585 277844 875109 581440 135277 550664 1 489609 120282 355360 495609 362255 257106 687368 111790 598089 345841 1 979481 152055 299049 894127 18567 495023 711163 177492 701342 872921 1 643632 462672 912223 452965 994222 458404 563207 281608 302067 260760 1 941057 987910 390174 86667 397237 47759 667111 601538 36940 978601 1
1 249303 855546 902050 100214 545177 600089 875602 628005 130950 51212 1 949247 249060 418601 837936 14307 781303 526940 426291 925268 748971 1 910474 763749 682500 544779 434892 377283 319794 65414 783628 197211 1 985443 367457 867580 297894 38926 161531 163111 158922 833484 926257 1 11424 797 447438 208188 431084 488177 130831 304164 795035 706563 1 836342 874356 343559 86008 685293 940978 976369 512163 29988 921573 1 557101 110834 609489 532274 473567 877649 440271 31632 470224 687796 1 407075 378114 509417 889498 160230 233131 586314 36660 156374 883738 1 869635 757698 931612 987378 273472 924832 835361 375867 500891 537108 1
1 995429 822826 366147 749892 356797 86286 923989 832656 652599 490296 1 297787 16016 66003 479321 671166 193434 255376 509241 662731 58308 1 635275 497948 781413 593272 867842 912808 928111 873559 928060 926783 1 598112 203484 834278 579358 752481 570163 827158 605294 968336 265096 1 83030 32234 385934 352321 239934 805049 193604 16684 679876 660975 1 685980 981078 636287 187405 152477 724210 316286 86822 999603 159421 1 795394 636323 687525 277568 674728 629903 155011 311710 606608 568266 1 538326 274942 348233 131320 27994 346754 422961 360187 800532 286505 1 596391 634852 973908 80414 288668 680634 188395 794328 826998 812608 1
1 229939 636676 481353 477924 546183 355728 199328 71066 263816 952772 1 929010 697085 114987 808440 203546 773971 625542 438132 7401 510121 1 689468 419421 211710 975339 915073 209271 139971 277203 244167 866405 1 359001 342719 817757 565470 580186 18020 701409 688026 9232 643491 1 487909 48493 186026 320063 856216 880168 925339 681709 809390 589891 1 586130 191924 990734 560784 364905 653052 216672 793739 537328 188017 1 658950 19293 771384 327288 167629 705469 472891 513306 889000 858018 1 467761 148237 996063 461227 121207 631367 675552 262421 746606 725904 1 677793 65994 593218 110801 866056 341870 113247 527658 815021 832278 1
1 739539 388894 142793 987248 61166 762907 359875 119524 910116 15182 1 371057 225395 949655 722539 287104 653830 711854 585123 95885 406407 1 538847 746955 322792 133157 731170 402470 61536 850402 26368 179899 1 254 883256 781641 490205 365450 255972 194786 133426 689742 860177 1 963365 422621 571464 53181 696465 736209 707659 780742 154580 979555 1 224909 356005 892844 511175 58255 952804 676321 66546 378689 85782 1 648095 334811 313169 5404 114630 272732 355495 103263 126555 953988 1 197096 296347 233281 744189 790266 761554 233828 311464 518040 183833 1 94781 515435 213163 689028 304432 158228 123199 93469 191577 199224 1
1 497474 362762 192947 51796 872555 295583 910664 642703 391994 831143 1 203077 209219 883467 521171 890929 184377 719594 469978 218685 445045 1 365122 376892 284976 962006 804964 613144 262256 999002 242136 562120 1 329538 884909 241048 520200 514501 42959 84897 874136 982178 241573 1 117680 348320 762507 520824 359220 109890 740881 881472 623469 693816 1 865240 157496 176884 849858 967509 288735 360447 867591 34102 148839 1 685564 773737 599819 444321 850067 514670 680230 254093 55838 130190 1 299662 896130 51460 294998 273981 188402 808228 928822 96817 194684 1 150871 493299 220498 654912 873093 123463 735264 492646 763689 548550 1
1 854938 319811 884824 455896 761460 695765 280772 374877 843373 241809 1 420100 812686 848850 656621 142090 740829 947099 907168 766550 773052 1 977020 194262 288770 217873 955478 380651 807041 279519 397578 293479 1 504183 503336 450258 615911 536321 274937 718218 49717 262762 507325 1 206198 356488 51092 579025 735686 164522 28344 414761 149477 827295 1 503130 835038 34525 205897 208303 998929 353883 331345 792846 344584 1 948992 697318 845043 204426 624234 111259 765004 170454 817018 535411 1 556683 389390 489738 145634 207246 252356 535168 165772 813700 198994 1 37640 158165 173130 857362 564414 264728 736342 767428 256097 210132 1
1 55315 848221 843677 462089 349495 182390 181212 960575 826693 442972 1 416044 906381 158805 446901 829138 31977 843349 489230 22850 961833 1 674595 975064 713695 493320 493322 106336 485395 500556 343455 661772 1 403905 5541 757831 51994 72415 579175 965225 715129 111993 855155 1 898548 639559 890103 170798 848751 813636 289866 21413 76595 278916 1 443865 72508 585216 373133 699719 216412 848191 421236 701374 490796 1 900561 120079 505447 146168 110200 318649 350411 997382 964714 855264 1 252400 570083 543618 661935 202204 562134 708419 157139 682061 891821 1 106094 164421 49634 387178 258428 114905 752891 422078 609087 314493 1
1 881026 488410 659923 723568 90778 13745 305541 248435 97161 818563 1 927745 719071 189275 629116 182845 928407 897103 740257 740797 673643 1 364489 281840 396248 705330 47316 665668 528685 681262 965765 258943 1 467747 332148 444937 876418 924618 189329 942674 860682 942235 738836 1 574847 787871 229297 193843 850682 269322 487231 114739 676228 723080 1 181495 319106 165113 396676 974281 101363 220041 974996 661 411947 1 568076 62792 528505 621802 985282 224219 751718 864153 176837 720342 1 529217 707760 259067 439785 862524 84040 729434 427497 240765 850217 1 794823 234388 338756 460270 383499 456876 904302 515866 417505 827332 1
1 406765 286834 445835 47046 209404 600571 961778 544872 174993 926031 1 289939 574357 570210 66588 418 101360 288948 82377 594281 297715 1 505746 424049 578818 394095 151262 363030 601914 341091 82683 741386 1 981941 774075 93033 671118 917230 960288 81952 12527 71711 409360 1 485342 761973 516608 371453 336420 230059 795799 606722 414951 334238 1 732298 580871 782873 523229 103614 180126 340062 46990 835010 67648 1 55253 859214 317947 797551 725450 868919 943244 416018 183847 123832 1 738895 654579 224624 72429 625640 813247 262014 811273 938916 998522 1 379341 702627 788058 184232 528555 773479 442937 40012 821231 360332 1
1 970496 487367 253173 682968 779992 891771 451011 643631 771187 504786 1 161966 473305 885940 31273 860776 864889 62904 699617 902508 290307 1 314234 164850 845936 211937 889687 570905 200705 919900 386450 854286 1 801869 23073 768252 237699 90805 678057 212457 826332 996881 775867 1 759210 56856 545977 245975 53998 406348 929406 362823 277227 484277 1 252596 584370 395568 967867 172975 646220 201169 525175 929393 849244 1 544789 540000 55615 941428 250459 429488 14133 902246 884751 784773 1 418141 580650 383624 650600 455909 142576 556116 437359 379267 956480 1 744557 917291 78175 949088 113318 225601 821167 96673 131618 896310 1
1 347415 656215 762373 38081 587686 828215 486687 744307 995477 346679 1 20880 906238 462990 801372 680900 643001 332647 701145 259224 446362 1 571332 54501 46036 629455 992512 403454 781227 996403 890245 914375 1 548060 116628 981012 40805 737 861282 919856 116387 731857 685426 1 723199 67379 851043 757155 103550 795129 478975 382338 946572 367262 1 820145 129777 842104 753762 954331 687188 723307 90246 863633 473902 1 908461 473107 774319 343177 437875 462205 664630 759823 421385 487837 1 733679 940315 335938 294805 266330 574477 355542 962926 389986 754721 1 230967 543573 875676 351413 424872 20609 224026 864197 916236 68289 1
1 687925 487815 217229 100639 468568 498678 531503 31620 606780 142360 1 604421 101056 444056 743097 932506 837544 26148 183371 797325 518080 1 726076 508199 965733 643537 495277 504522 757612 425731 22403 184985 1 968885 829999 455404 811481 215750 212544 641408 818242 541895 443397 1 580761 811969 196383 65000 626549 997260 146828 2778 5247 661622 1 218516 461234 885600 196810 944718 270323 550796 291258 531244 567706 1 439476 73865 837989 493650 101194 607466 658481 267614 111712 222308 1 822453 106217 594784 35928 604421 112073 570081 914145 566395 172496 1 315850 669248 374625 571112 4409 314913 941525 149217 255425 811547 1
1 439264 239553 911699 262924 275521 157597 757396 6671 742229 805085 1 726610 711122 653296 16936 78975 222064 951271 392419 666848 453938 1 963989 124565 260851 406934 997698 701020 36457 550681 164305 968241 1 985182 623504 148347 198836 484736 864872 47352 615211 940510 169599 1 287593 97887 516438 657753 866280 675986 197422 94430 908124 600364 1 627167 327814 789033 253668 744752 536836 774724 569792 898724 656759 1 858452 334586 524282 739858 170519 800129 615814 425150 794334 752235 1 863843 43208 240181 632860 470280 996559 688931 915749 8362 705546 1 186726 735289 922912 960550 838139 959602 153387 20332 796475 347411 1
1 755503 497821 307317 562423 799180 183475 526197 284678 263077 392812 1 377239 308121 867945 23377 540458 812447 724147 309251 909521 404253 1 950442 556438 45671 226807 201024 78287 614705 964245 401730 170059 1 440023 904067 856420 344008 956171 628229 337597 931030 221655 86585 1 184211 331345 905213 504851 914486 58722 4193 984602 961450 185453 1 112059 216965 890666 906841 880655 416771 458281 3684 988406 107641 1 790125 863171 514724 617873 950125 610286 11415 621954 741509 918994 1 317479 636998 869126 958144 930372 826426 728358 447047 299355 766717 1 398131 486398 313528 112989 578645 40537 768101 747498 734739 130789 1
1 442664 128041 763969 978629 433828 76220 791452 795652 73438 597923 1 812758 333939 803476 354687 592307 919122 355944 194180 250164 521631 1 47440 959770 79659 930134 727441 584254 348248 136919 315245 67155 1 774248 88165 727653 643341 99431 571236 814289 903151 819426 464567 1 585080 942514 832383 64590 323872 206279 34843 731202 250193 563108 1 542577 357698 670187 299348 630419 209940 595729 161820 288939 615939 1 582526 559830 308672 994422 565011 567185 192385 467519 353772 188766 1 665170 135679 960503 659522 514597 602298 585146 261876 392122 997744 1 84235 510367 439755 88455 415659 91048 590989 517526 843612 489016 1
1 208415 700883 16138 547548 712579 1374 452892 910752 862291 388055 1 187411 410274 104429 37642 635105 112841 575343 602631 968586 608 1 451224 680726 975495 666820 843782 396348 87724 661160 413176 685143 1 684919 911419 500189 884169 924916 748590 536764 595506 651701 269367 1 490840 408176 939087 923460 479784 23969 382129 526580 862402 744916 1 237138 342655 202691 700747 270777 736102 272333 437352 418857 469111 1 527401 297874 588144 170606 352267 181205 385397 829168 939352 816833 1 157997 635358 985618 486212 917973 837226 865072 189078 618992 882229 1 550470 353152 526870 668330 602609 694936 98666 981122 671493 504956 1
1 874764 230983 851110 436802 218342 450941 245622 164066 613100 22948 1 535547 242334 416254 672345 787493 672024 33656 167474 304063 211402 1 496711 737780 765490 397643 523238 653290 445542 86810 714406 837153 1 317553 454239 501657 345498 794620 397529 119738 228540 502696 353972 1 163885 402938 649560 426491 588763 267385 854622 402445 51737 910223 1 533224 526315 450887 568576 623016 610275 90702 941754 201391 333861 1 462746 925926 956070 312443 989486 715765 618924 816370 641575 112430 1 194841 551567 186195 964878 375816 387902 626338 632828 843817 101752 1 313764 388989 740345 15960 985372 549065 182573 757380 72838 634111 1
1 111453 413552 601279 633356 967663 323439 221449 164338 46333 281615 1 744531 724953 924696 753349 666051 784767 491086 29544 852312 884912 1 903975 635359 775505 617613 716854 364199 494177 471103 874791 137632 1 423894 783312 150590 946602 74274 137268 528708 304876 619792 142527 1 52699 652313 756609 482597 310008 846226 625580 717134 402305 219578 1 232951 865474 908763 554448 298482 171439 724826 385108 796340 792852 1 959431 19157 149285 212615 814774 706345 24026 469837 788144 420027 1 898240 537928 873303 881803 152204 497466 507801 555347 204132 115392 1 306502 105607 596138 468269 824721 748106 851986 9922 202836 26140 1
1 414637 436994 542897 35377 947021 783507 500456 23552 884235 956389 1 231011 503978 805677 556167 308533 451268 204347 828523 925578 615570 1 485815 124451 714875 478570 708232 255466 550183 71575 395449 161682 1 366680 695094 593942 721027 180021 992358 286808 531577 586980 666424 1 115235 785668 243443 1700 484208 159477 170910 877756 689039 941764 1 68866 888275 575628 173450 818775 893108 37108 547363 275295 206777 1 478269 423420 630983 284276 899011 713385 874125 42256 752403 500926 1 514584 727659 733559 724684 150575 988677 948218 522830 99010 274496 1 975555 726814 794153 12025 417270 581583 174674 971331 707316 680712 1
1 515121 823136 711589 368762 395364 858741 728980 940532 766423 660235 1 136816 710441 567623 265711 301150 426382 979369 203906 310330 768288 1 479708 165027 533635 165581 820286 588218 931075 468616 694286 433295 1 399054 791829 181734 348773 814167 315325 456158 533492 339628 8024 1 328269 215715 706133 464928 509914 732089 964721 583741 232289 948852 1 775366 672067 236679 365393 151640 155519 725765 684339 41161 793205 1 284473 79998 618930 174743 835361 360995 827388 675580 5356 720684 1 226324 591285 334195 336298 474854 712410 915408 605590 569938 670211 1 532833 490381 252172 59243 808696 638873 144812 536194 749607 105479 1
1 237926 729420 799863 686986 516716 851245 249130 576720 786948 346458 1 472063 992739 423398 703412 945199 380476 722154 615230 382428 999288 1 291621 978804 751409 156039 719018 965463 504652 226260 6834 181264 1 304669 357812 438115 645445 251784 115589 654743 648735 914825 764498 1 705654 100660 425583 793870 757254 791299 388641 463290 985518 183413 1 905705 734439 403653 43443 697290 640537 701829 540319 812369 897468 1 371129 289867 916781 63657 660240 715400 15638 664034 310097 597592 1 481193 259437 339630 358673 558936 793758 664090 571403 293158 517774 1 358884 72842 240564 455210 758797 521510 273946 846913 849518 859834 1
1 783144 605137 111146 293976 573353 998810 140140 807712 239553 321425 1 45663 709954 348661 734505 332165 596721 584031 814755 94451 787484 1 939618 413582 70370 516320 526786 165077 81596 248481 161008 744767 1 173113 963167 284509 691143 139326 443653 531519 884292 318099 750256 1 458307 787766 974893 599966 598853 300722 371615 273884 113883 231274 1 365569 449067 879302 538744 748486 337476 121615 370687 399762 723885 1 669649 402565 896101 154414 347294 23266 556286 127358 180919 240939 1 126226 47778 880335 439547 202464 582903 889356 393578 174042 767494 1 97224 598449 672045 239503 168417 546236 223281 365225 783709 790101 1
1 399115 8125 919348 336918 730542 121991 970730 169606 666565 771778 1 139711 270193 668341 801785 641249 292680 190682 461380 397107 783131 1 507755 967521 958074 188555 558702 310022 231835 176353 92688 320829 1 376149 847670 539321 596470 867899 645592 357601 731339 553592 525910 1 92347 885903 771769 848041 517908 785871 402727 404993 495208 406795 1 537450 707655 787903 201545 617283 110492 128991 25654 156297 949389 1 591363 202194 562567 154022 727089 652126 437328 309072 623051 683579 1 765125 913033 658785 705840 862333 686879 593179 898862 751627 240100 1 528740 534218 268235 770212 433086 956250 947023 915321 73673 309676 1
1 313101 992264 614278 221666 132398 461495 630469 295477 459261 79217 1 304068 423489 680475 605109 302261 119615 623757 950177 36918 723770 1 809000 791234 563609 72536 196697 12111 338846 239953 239922 122843 1 828488 918824 837315 855815 740166 421480 311675 424388 171748 654706 1 585080 840517 295205 26673 545284 497705 315060 535677 24421 863691 1 911407 190757 798031 170282 842050 810268 151762 853202 552845 811234 1 895544 794975 923147 69016 777610 62675 171854 263619 535479 624787 1 880431 108259 133477 535701 665003 797930 906499 969056 465883 340762 1 200050 303475 274521 644521 315681 510941 117737 235012 42565 693201 1
1 29942 237755 519902 213304 405995 923635 627011 450976 489392 602347 1 489412 734897 145807 466453 825016 933238 767318 118699 370319 768859 1 841100 736166 367070 297939 314127 561307 401108 61851 331175 311447 1 502740 9948 391105 936269 778179 917375 71259 694011 285363 798521 1 942607 254886 24346 340032 580508 562938 812740 230458 442474 376160 1 300526 301699 196134 35519 991242 135315 97045 295210 867731 222467 1 736357 985412 795811 396486 377218 586735 802674 812556 3830 543727 1 420365 641435 183589 290190 571801 274910 415839 168954 228817 572873 1 149470 278548 350995 344552 600182 617325 227767 814106 435748 489748 1
1 130124 372151 809551 216730 944886 208984 413193 8222 171336 558932 1 977348 364408 463081 487563 865911 716475 178696 719277 222134 327491 1 735995 185878 274065 79078 429356 86289 740375 155507 272992 21515 1 378754 115501 397233 626250 943807 779375 252460 35024 827136 14936 1 235620 70568 380728 690844 497974 542053 329831 301978 584811 923447 1 94905 628640 471038 106607 595270 59945 484670 959695 237992 427655 1 804890 295469 288349 189814 715140 889251 451104 108105 974536 879225 1 580714 588007 348769 430528 631937 364807 509004 270362 979235 143568 1 494655 225043 463940 873507 158704 925650 704183 255460 153064 604392 1
1 36841 444607 534726 85039 102696 169715 85499 991559 5892 39888 1 921987 494250 218609 852225 683444 142657 233590 603207 335178 822892 1 21346 843326 119229 431887 319033 704128 12597 178594 317590 473664 1 288317 555402 670765 729123 982174 783738 180744 670844 406639 367106 1 771311 806395 824266 392031 382234 774247 812558 981636 644793 714054 1 752931 844114 583394 689817 832699 463032 848305 225745 184839 829428 1 726000 537922 349160 451168 918287 66085 598533 912026 78898 959627 1 615648 75154 97379 901215 972462 773107 437896 955591 186297 510991 1 799267 93071 548349 974137 358262 941775 521400 506459 643969 103220 1
1 68652 141253 803082 171839 46226 747503 831405 201915 213060 258239 1 946032 426819 534013 806031 387964 258213 524458 576702 156182 689199 1 199927 439095 159893 669576 885020 792818 596784 853879 594445 234039 1 575014 913682 502981 539910 536805 861233 122961 904780 990793 778879 1 912688 594573 852709 918626 790986 2666 183608 493977 954554 756302 1 28170 404986 882210 998315 474420 208222 947708 184120 750240 923693 1 663448 619217 693043 423454 28225 102827 109793 35491 685623 481308 1 431830 452723 191655 210697 490586 151167 537665 984910 143043 661785 1 741354 874078 48095 312864 620339 562275 215186 5233 162235 980014 1
1 223280 171571 183537 580240 841381 888726 184448 395959 879194 358326 1 174484 715915 563385 785820 495366 716639 622106 769569 201927 100290 1 499636 417124 510686 895681 152712 884354 344378 39799 683030 996101 1 258219 92378 89781 953488 530661 990451 627765 78066 841984 374939 1 781979 854262 679446 680511 217506 780473 35800 687401 362906 19349 1 44386 424581 121053 953495 945014 29912 810801 378394 247407 238600 1 947281 723490 837010 766115 582269 54279 356397 5624 396784 559293 1 180992 759113 861699 668657 578663 713448 543609 903693 952529 55620 1 928101 175475 315921 493337 94715 11196 484821 646656 42800 844792 1
1 91741 491324 598330 687535 533788 767546 520495 376943 70481 266072 1 856193 625528 423126 843364 573121 666682 951222 116426 943371 768930 1 930411 447436 733426 355848 823835 748183 441032 472311 63429 133850 1 840276 237778 297054 79086 672483 918066 390107 855792 628645 940953 1 661047 567687 409573 827033 32120 477746 628113 378145 17683 481193 1 889756 479994 951996 303071 452169 153281 188860 608580 551484 403890 1 415434 415147 769484 167235 897821 382081 666485 246880 117425 558753 1 159757 781276 122731 243323 311499 618894 116834 930495 296093 310138 1 510750 403324 762103 602109 522641 616153 764385 122295 229670 983243 1
1 1173 898950 906418 789151 489167 784586 517933 560589 44944 942552 1 695246 964053 386514 306334 210989 565876 849398 438856 447319 563168 1 854572 971099 171795 214227 664929 918820 29855 712781 904910 363999 1 520796 638496 778672 829884 796981 590242 880499 886765 428768 682213 1 446506 725510 476214 867885 894722 817728 267207 201206 866076 146736 1 294957 877327 483222 561814 685598 892689 682907 636174 571355 126803 1 880024 278990 137914 410596 867626 417371 286392 87062 230695 579822 1 342495 260759 892808 665223 869603 651271 117669 306831 119148 757816 1 212729 387658 738536 189542 657810 624755 11185 147355 550940 841864 1
1 661608 168834 829387 204133 667589 834591 352765 278643 632779 405318 1 638081 310744 764342 864749 651771 591251 78550 83224 431796 40541 1 664969 627158 2255 690747 714414 888036 325704 14168 524771 479042 1 304846 850811 938666 487955 459298 393674 759225 671491 865580 533594 1 446406 244422 315974 513672 4272 699456 615753 106327 625729 844786 1 373394 700816 479226 416927 455196 936825 26539 169323 495359 912062 1 834463 883940 172401 251170 779155 576693 479117 646576 220227 858524 1 170652 966276 120933 554533 248129 102633 954068 412959 516790 423165 1 59223 618724 687685 63963 456382 903069 188348 591968 749132 630702 1
1 29781 401817 229957 708495 74768 976092 610302 63443 661490 347551 1 295075 551368 309339 935359 548021 251835 388767 757783 449980 157095 1 461509 691457 132533 921568 520492 261883 277846 519762 643642 384901 1 946706 737194 913426 892142 288732 59530 300083 201896 164572 138415 1 977612 741575 255975 513465 958171 227039 806484 928047 572634 425278 1 785426 996860 100182 156669 803681 458442 773091 565618 985500 725350 1 505675 167694 242297 363482 422201 120643 535435 806415 621519 648350 1 141467 212235 561055 885560 58964 975467 915065 988777 336098 686431 1 463701 307867 341301 262200 603413 979956 830708 492333 888276 42283 1
1 964614 286883 832060 941519 543437 131380 760205 424334 835429 935763 1 257187 422914 951376 459753 66835 781676 560029 404152 438763 259167 1 846150 953153 132514 247749 902007 404699 507447 31715 75341 714001 1 940610 391395 534974 883065 666717 958333 580637 423255 627142 902496 1 637669 825491 930102 124886 379081 226750 673259 904178 406760 985974 1 547201 341112 237521 911860 30853 316057 273423 871465 717532 141741 1 549103 612829 489229 39578 523158 949872 170068 561812 250298 919756 1 772762 777451 350949 508544 355921 234226 483320 584761 496445 729081 1 36315 53404 346047 853550 373105 703218 77434 791761 938384 553028 1
1 341632 964093 117671 137091 658008 364045 431093 951166 821381 16168 1 466408 387121 822985 735835 462185 176239 457169 26785 296198 79871 1 206627 91414 93365 317194 217572 244099 678527 794598 848968 108408 1 550335 860965 504534 520908 452584 412354 349152 757195 640584 400666 1 94606 711211 255945 642227 196286 127305 267837 7509 276791 136846 1 928415 283162 625959 282201 767829 246688 739209 191142 405526 257260 1 349243 197028 157162 332002 90246 529468 502907 797761 636998 420754 1 134076 865071 342552 121278 648854 39786 498302 321627 354552 515285 1 446021 886027 201749 131886 433580 567026 24034 155302 739137 549477 1
1 614326 10911 836694 173780 772287 600967 39738 692153 419381 281576 1 508007 815869 539564 255336 757386 914006 917873 234784 694621 307162 1 651565 735732 437267 977839 680646 358698 634534 583881 970695 926532 1 940875 730725 58995 712257 580846 682693 943235 25773 234246 978879 1 245511 781035 870211 747672 323761 435915 719414 172664 565671 13698 1 255967 410796 723989 185679 176342 368883 508124 304617 268969 885692 1 896916 656488 677567 714228 697366 465047 968567 82568 479574 753892 1 561414 46814 617782 641415 939869 971579 416583 599817 965609 557932 1 936782 47406 664866 722025 222084 214144 582122 896063 360883 754604 1
1 76923 999233 985153 680145 6427 185798 559961 162609 110317 393915 1 185676 446009 310404 903518 405242 90291 197188 795088 87625 731931 1 133832 523075 241637 415557 58389 725092 306552 109102 893000 779744 1 309832 819861 533032 410711 545580 513432 363099 796779 69482 849570 1 603670 311909 603987 874342 670866 330089 241904 357459 382269 307930 1 702978 873969 412191 930609 723758 35139 887493 572418 454516 818877 1 584638 895062 420670 838994 900524 478423 247086 30006 564739 783373 1 984640 293016 419328 19283 431552 486581 586621 362120 984730 219933 1 602602 879639 223991 85572 404820 24177 142543 210497 437887 609478 1
1 505291 381395 484691 600314 160293 720479 329018 289017 641735 755615 1 119615 577608 206952 416909 722266 278864 13365 798840 390616 618914 1 471468 142332 267958 819940 119035 987968 134116 759212 203310 229819 1 696701 253306 799169 723883 314720 569001 594950 780249 676259 301173 1 432136 448781 804812 978334 592283 32379 176857 278927 302723 704647 1 410488 468133 25173 981809 687329 569508 488558 439419 612863 906761 1 803257 286590 134745 290478 345311 187924 587166 273369 886355 31092 1 66688 898445 721846 806977 538173 435837 392062 587346 80017 68330 1 234301 940710 697147 613076 418544 833768 11799 514910 391132 840866 1
1 687565 959794 284066 488318 586183 251230 174033 687872 632486 845421 1 500017 1890 927236 941110 130369 939406 532124 980719 69596 155905 1 39029 759489 454819 970464 320798 896911 980279 953599 629173 961539 1 473700 717465 33227 453881 450663 920255 454654 309231 186285 243505 1 532305 283533 29182 526996 430921 619165 570221 817414 981382 305080 1 326628 37523 135523 970840 168252 107391 653661 40536 411213 821280 1 864013 463090 974513 19571 263473 151198 346326 337997 829399 460024 1 147513 872485 666174 12864 284418 188889 521165 839973 316662 333883 1 400301 836050 81107 372801 496341 493270 854701 651916 220087 289772 1
1 546850 173138 732983 184330 739958 221083 365081 559650 381111 254627 1 856565 993158 666131 256903 871529 508674 467383 773653 469462 390868 1 16471 615470 698558 365141 591616 145156 530893 307976 960540 425960 1 536947 663376 106984 354653 738711 209133 161048 331282 137544 662966 1 483133 811911 299849 377180 467705 689185 691793 414570 221788 231722 1 66923 523569 220927 20936 614157 321567 682740 747098 13597 967572 1 474262 706284 476308 976166 958785 428012 407266 781096 925248 897777 1 803805 380350 791838 30425 113746 562141 49260 987813 239916 133721 1 446552 58069 893303 42674 429420 701535 544040 127497 564776 106918 1
1 338274 756680 824565 698964 757363 439147 358018 492073 421928 833699 1 774291 828327 352249 591682 724149 79109 724808 711756 486136 589856 1 156282 370231 762236 366011 577362 358499 966095 366346 300297 500818 1 255028 340362 178660 502227 358325 445044 64501 148205 36323 908734 1 656888 213377 668661 652433 933941 95944 991458 623426 308295 768580 1 842319 168200 58353 354726 473580 769439 111488 720121 134057 70565 1 130745 700999 862711 533156 760923 211163 711267 614120 87599 762190 1 276652 779204 135991 249083 840229 333565 723869 7598 495133 642216 1 660722 188922 326366 760383 128950 936775 444589 26104 478761 985248 1
1 960779 233046 717356 847675 391335 720437 148854 95429 595673 190132 1 758439 657366 547208 661638 432467 822420 528391 513040 210092 450535 1 702414 48177 640833 577909 59890 115186 864680 100526 497092 325511 1 211113 888626 490668 831848 434536 889067 21054 476656 477220 735910 1 990437 561271 191620 616894 556821 927200 258425 96774 353386 481089 1 838762 417390 307017 374721 550529 36219 708030 913227 594577 255753 1 625508 105785 253704 267581 589024 398420 183076 216504 548375 293970 1 424566 754009 812757 388586 352620 964127 800155 978789 10546 602636 1 641092 628588 583158 14228 612930 669695 127188 555023 725769 373738 1
1 435159 288776 294193 446752 673499 355590 600910 485326 479036 935694 1 617582 897769 288903 92555 490537 589880 738515 446755 904153 938126 1 921782 427757 683444 99371 674770 734806 870874 660914 602717 963589 1 84283 7867 597109 939995 164837 55056 972531 931341 325296 313017 1 290316 588184 932817 738342 583336 912578 593036 161307 424103 264760 1 986158 274383 255037 435278 599555 723941 926077 973794 339532 408346 1 297184 653505 22843 567230 515116 341540 528909 656480 145266 19864 1 194843 362270 886174 497396 341781 3198 190642 427238 483703 90355 1 848102 93521 140839 484519 310203 261657 135407 721429 991637 143535 1
1 30967 808983 736476 53073 100726 867145 603121 336743 926074 483715 1 157878 424547 663063 841631 809574 91824 49983 699872 153962 510644 1 340736 125325 802157 704597 647036 897199 785299 689079 695385 699508 1 500632 392851 811213 708607 987799 675057 514747 567004 428591 411774 1 246435 647674 900011 906915 647394 627677 148818 948954 190326 455053 1 298560 969665 140646 347411 519146 434484 817670 100600 946587 862264 1 14685 16490 551419 852595 569770 844909 273564 91918 858397 396554 1 949330 977906 39074 56499 393499 892396 188432 830237 659535 838052 1 1091 961080 788850 647481 485953 421817 966656 78970 259265 73847 1
1 26387 805371 680886 94334 860871 375858 883857 358538 105405 374532 1 686391 847883 365367 295622 350276 793281 996030 428568 215850 567258 1 369275 316505 642492 141074 911693 290963 593042 759597 857303 592635 1 761837 461725 491348 310895 236495 592183 820357 391636 484829 106967 1 949509 878455 530081 392286 938856 447342 344547 826446 219994 724088 1 537707 384296 95619 386043 14688 437256 852178 725607 334145 315313 1 388835 966952 131881 906407 996561 319661 169251 425213 303532 398861 1 259556 237773 376413 640685 239899 360106 588174 832264 711190 370068 1 44723 265244 860157 623518 194972 551857 698212 836700 552178 969358 1
1 136282 375911 430288 273588 583139 695762 428297 953244 374671 945387 1 965141 251482 721573 404834 259955 183387 250858 174856 572491 574894 1 445823 252233 851373 253527 892431 423247 4869 413523 471418 228883 1 900643 871877 35317 886159 757924 895724 249805 298700 7441 483064 1 779004 775502 727985 124588 795499 382651 847414 918975 771868 250341 1 893628 780707 911096 583083 95024 712890 945616 561193 400015 824230 1 110474 913280 1762 826535 738272 34512 112367 668802 263423 179604 1 718811 468707 874938 891829 408377 539109 773404 52181 978328 518635 1 808164 763197 42499 726628 98834 800327 264554 832505 298578 166217 1
1 314977 388671 876056 78065 761724 76842 762359 641214 139025 415275 1 360324 382378 981348 97351 5047 454650 906375 116310 533458 12354 1 266790 475695 823257 380079 180673 429649 548541 564112 450239 674848 1 800722 120186 595471 533503 433606 365908 225646 435405 72849 85741 1 136965 531945 688836 359117 246644 514616 520020 411005 951963 965328 1 722768 141666 598457 427852 62389 325259 789048 877230 967794 564078 1 125615 901181 618953 208577 572908 154463 52151 54183 325772 351176 1 8475 521962 855606 15259 728830 615613 453309 322305 421385 613184 1 449556 779273 733548 943787 952528 499345 401853 736985 985529 959993 1
1 835741 765264 872737 946738 822683 984562 888233 338946 293500 601968 1 650066 215953 849099 130819 894999 367680 542086 494360 659060 709149 1 101614 683689 67723 96627 511933 969907 298287 892013 847015 923917 1 461435 714069 925554 478086 408782 889352 591393 84415 521080 920187 1 777002 40213 284520 278372 801017 906969 807913 523076 8221 369815 1 41006 165550 809992 219028 40533 205415 320147 339938 794856 949120 1 685480 29150 261914 683169 693891 37849 781081 332210 679600 743565 1 944687 15264 835648 527902 964068 91194 49166 208916 94870 959859 1 211156 641296 226850 945909 881603 987235 768452 627389 999908 18592 1
1 195758 109493 245320 733708 122125 507838 526838 181546 798424 110462 1 511289 759496 568664 909635 679025 310899 614787 820254 961620 472296 1 673893 251006 699726 511121 54154 724698 47856 687656 358266 456399 1 140072 644205 708190 99415 431660 573888 862278 166074 598343 591877 1 293644 112451 729120 973291 534220 257814 927583 793553 32453 93263 1 875020 176734 384719 747122 8837 621509 302325 596028 678258 999738 1 783734 541230 380784 171127 117656 338600 353435 622980 886155 61752 1 149234 344117 288785 200056 512320 851681 769065 477746 318888 229652 1 708120 602323 793978 422908 673584 442699 772315 668923 448589 852135 1
1 735917 506304 250163 52908 502863 128991 294591 39927 627671 894827 1 637494 697991 946641 35559 739932 906317 699782 682791 764692 103956 1 962158 918124 585082 937069 335982 198432 553248 340810 887836 337463 1 583575 114997 238500 588943 492831 882549 762441 964687 22300 798521 1 442050 563679 69856 245903 183239 914714 699196 809329 178505 655356 1 288664 954918 211063 399284 245084 656313 90162 89951 967925 751418 1 939537 378850 597195 766813 785467 447607 475923 255604 431979 470816 1 735026 54989 972185 754799 359584 344684 812832 647139 275756 29177 1 148236 56412 499025 923258 470755 747469 550586 351404 379952 270915 1
1 222175 277113 45607 57569 360719 683759 609792 899021 973735 376281 1 350048 684891 246238 721926 772881 679140 773632 930156 183726 846016 1 950154 737873 905443 89203 633969 403920 364289 413188 934912 339919 1 397945 525980 842447 510547 73647 426878 865457 374505 234457 588914 1 72054 6647 545921 112779 578892 280868 747381 851855 23401 895327 1 90720 833261 650675 276343 282596 841257 112741 181729 473731 659994 1 539150 218016 497041 73550 843842 525979 445706 901152 823214 927654 1 367273 13561 920458 443379 797056 256637 997536 488427 444404 139334 1 931359 628046 488740 73196 424851 44112 783979 760932 769795 64143 1
1 702480 94326 544727 323896 360059 760184 627795 371271 755916 802458 1 334819 897811 994922 743150 93851 870193 898290 516883 930764 746503 1 5083 594075 57777 501236 332847 686087 12568 339032 446563 854554 1 5122 501955 530068 142497 3390 755232 800508 506425 970827 133778 1 235236 516472 57772 183010 756454 506652 966025 448333 178098 284500 1 852725 217184 411541 152637 862148 295238 966792 342137 888392 945736 1 824137 97876 778207 143381 845537 120173 682504 951997 759431 195238 1 942223 441068 399414 734021 884720 263335 358389 115549 751185 156499 1 440458 241406 617224 765776 430629 275298 421773 859744 75964 85480 1
1 675830 579449 342656 522803 955004 773498 180811 537340 737546 435106 1 989790 545414 719790 163251 539342 445696 605895 856624 857984 639211 1 754483 773391 45629 435455 474193 675752 307442 495395 442445 843147 1 329193 928647 212509 31748 693951 78676 906178 431618 479866 697738 1 82299 759795 229322 723652 677753 107806 289199 947360 750484 550036 1 608886 351526 971563 635421 822886 394039 255636 400877 145748 654734 1 362262 31949 890385 524062 724772 320790 370387 265027 249384 490239 1 58219 958296 62438 171409 579876 940771 566672 375561 584312 479202 1 467813 269282 25497 17021 166698 280137 60650 373126 699467 669664 1
1 245036 433285 24399 32540 282136 472132 584042 916267 660041 245444 1 370019 728581 226467 834732 958240 979296 214020 780914 507044 578909 1 682228 164314 985123 845566 496669 477105 279145 962932 578605 908550 1 537000 986224 572245 377388 763974 121973 501044 829151 983009 197380 1 529183 598797 245800 267194 935251 698519 339098 17485 804233 634022 1 601129 628813 745608 156729 10055 85195 851562 608872 609567 258324 1 350833 952169 697617 402352 756229 409303 999087 194567 763327 899448 1 309610 614100 560433 42596 666037 394076 404537 736342 65003 10745 1 74069 307058 358894 504115 208626 856234 593788 562257 87130 839350 1
1 92026 58035 12994 270574 250141 906433 327803 665526 952991 263697 1 924936 737089 566273 163420 151617 184396 371128 334540 951560 151655 1 757110 515124 471561 306900 350315 692695 905526 924129 249508 990829 1 57792 310581 351826 21024 369955 393430 107377 445681 371294 142843 1 26860 66916 23092 50172 971026 578443 597538 862732 786422 983430 1 71676 951929 455869 656797 392111 424121 154310 772135 823574 59 1 896 288983 464943 553368 990557 98217 987347 984171 337442 596787 1 518831 478504 375722 154205 100517 482017 448459 857650 629626 418648 1 657196 877893 146608 889356 714768 798289 185786 752258 612860 307822 1
1 623816 967694 419693 507155 278162 714285 493574 242282 300188 332433 1 540763 827963 985875 227610 390972 312683 889476 745809 788231 830643 1 464325 165858 116695 342198 304921 161698 667850 929869 299028 66430 1 195542 472352 868211 628253 334324 312542 262270 380553 578761 885302 1 30114 667213 626484 594775 632573 880793 311882 134758 214076 188767 1 229911 540340 411172 887515 7086 238389 258516 929440 699614 559258 1 517214 937654 772327 973339 893538 988008 75421 578914 206132 733847 1 764211 242364 157095 458561 639015 389943 882563 70826 85061 912400 1 342491 430165 481700 112231 501623 588956 339980 288719 434021 758673 1
1 589664 642500 996292 542097 462267 662008 86703 617599 690752 55803 1 715656 681296 878766 987338 42876 897302 648396 220885 505364 750325 1 562510 707631 820232 857302 953045 49478 678368 759079 434224 171960 1 412861 493252 370495 450790 153386 501305 961574 115752 235198 157221 1 797948 168102 224024 256054 674917 578404 476475 941024 284477 799826 1 120397 716167 279813 883163 159291 858951 453130 147025 158614 916028 1 58608 399084 323182 884621 164439 39336 694241 766937 422361 158342 1 536226 576274 420831 740308 605280 338357 738675 970855 709465 198263 1 986056 884242 536766 616763 780668 513839 626620 612140 241489 580432 1
1 245188 586710 475839 203109 674759 592911 218582 316619 867709 74043 1 386707 931828 781259 726228 431187 55641 489918 823482 510741 470564 1 477062 220140 132231 394659 962899 730739 665788 404687 398225 799860 1 160765 116115 26465 658873 795534 929545 192337 729898 319580 486771 1 231778 835532 388828 318085 227183 418542 681967 807212 343754 738838 1 807588 780112 427766 854601 21393 465259 861274 171636 931709 21362 1 791434 859005 246292 321943 508734 689142 135535 535519 621664 355054 1 446440 339869 173084 775233 721716 892290 57420 236384 59368 860621 1 890186 326726 751366 331343 24127 830303 811710 414623 275633 746288 1
1 196270 877560 797420 93249 188413 404083 589154 808175 342130 762131 1 758827 348940 765505 603973 744469 863507 16223 252189 611912 566463 1 332779 60546 320391 310099 601566 691362 364749 697265 919462 309427 1 504012 315795 177598 305866 151484 300314 166825 320753 127729 676534 1 585850 490550 523988 327274 858909 888600 316284 937918 664889 683734 1 622075 742254 13688 36049 750759 655154 822808 136917 385018 771994 1 784195 35492 432976 94957 809862 315724 423417 253615 838478 695774 1 304561 904727 140323 356793 304248 574082 930170 729755 249031 199553 1 798406 834723 954738 909383 199407 142606 61021 346708 821288 745104 1
1 978025 828089 412513 77126 874974 539418 535133 838331 459845 808776 1 224188 31014 433803 684365 1326 748982 937619 806156 40908 772912 1 465927 232516 138708 558084 976751 556500 994213 922960 177130 543216 1 485314 214345 210761 225642 136505 437037 991749 485939 821147 68610 1 774989 838812 898630 361197 290752 181688 966775 235086 704974 35354 1 705343 424145 601842 733472 393314 180343 573696 683749 210942 458037 1 793400 518360 209070 589756 196882 515692 183008 115672 708956 356870 1 578928 801221 385146 730947 347262 426763 138225 294136 299915 42444 1 675313 767605 362387 828191 254602 506789 347731 486431 896829 818658 1
1 576474 489977 851122 45738 788369 376453 595586 555064 705289 86447 1 424200 580305 447358 637830 60671 967156 94526 951561 309683 531472 1 879163 770208 248077 80704 247030 312916 884650 330078 97727 236203 1 933236 989854 67467 221290 499331 838557 82247 975343 926268 130030 1 580319 485497 295375 858777 673222 426591 710309 166725 584986 448609 1 680530 848237 468321 120482 378831 794506 985926 732525 531899 726046 1 836483 288848 867959 734091 567068 243419 486553 928199 157982 158395 1 551759 955277 33434 610161 363088 884838 561522 86429 978563 669570 1 893693 358344 566460 344541 384493 265660 192756 831346 227034 206180 1
1 23183 740022 487175 139984 884557 282052 659393 953631 873377 137312 1 993283 690752 738424 861404 740649 453703 916136 247733 711346 889551 1 75350 864792 659876 896796 606623 992210 845463 207959 809966 274792 1 594228 541522 558227 333391 885167 613467 93547 282992 229410 583780 1 897164 179837 602437 689004 170886 529161 896917 266548 812556 367907 1 208568 606221 913595 714187 580672 278549 287783 531841 575839 911041 1 781855 668152 770258 315206 448591 79269 515884 936543 577283 259635 1 658446 448312 28742 834002 2052 670005 210572 5273 809189 264567 1 881468 961767 403454 701246 501256 956258 178320 141368 312602 71666 1
1 358666 345028 823816 379385 683846 735379 232339 509345 176011 904512 1 577105 853184 786611 782527 128235 468939 959506 201737 626562 25778 1 658635 341950 445912 884551 392551 262931 957134 396326 633462 322638 1 247118 502612 542903 730490 263994 227997 989408 299938 231937 364124 1 59107 74173 210937 229124 192065 837312 974827 655663 870326 494343 1 192072 20315 621443 304103 859368 192469 421661 822007 438527 13564 1 884505 915710 912887 811419 536736 827851 402657 997715 168294 830335 1 133570 590285 267303 978714 309023 550868 388014 221802 66801 975627 1 898689 821075 162954 269937 69212 535864 72262 995904 536428 592363 1
1 175452 5778 528474 940591 726972 62118 599263 44083 640600 442119 1 277583 726253 355342 381047 812464 585498 704787 974540 913744 697407 1 232214 980261 188169 341625 863139 798903 724531 960090 765986 667370 1 489213 89723 216078 747027 570497 102285 364642 555303 707798 370891 1 155739 145323 407005 66507 358044 506531 487163 99851 39144 440963 1 435043 704784 966271 182867 622514 868372 209227 764033 972112 893250 1 269098 775150 820417 870100 143863 192021 425184 794062 347741 19571 1 127807 752272 932986 557491 314860 557239 188354 23430 359552 53399 1 557915 57748 354266 777607 143435 147814 745031 696119 796682 956841 1
1 687428 383535 402880 916319 139953 819105 473261 798046 315062 413013 1 913492 616721 341631 268663 752412 131255 401408 770775 455855 340621 1 220356 439130 105749 254994 110499 41247 188357 160293 162305 319508 1 687855 660705 64324 480160 379188 698065 670628 150351 419656 214353 1 515151 877166 691635 621898 352883 938204 503836 234493 271226 22496 1 433299 210399 748919 504086 196156 850524 797365 286286 163641 177272 1 669617 16872 148560 696103 410573 13500 310499 507862 416360 309620 1 24699 412892 963270 132048 524237 479594 340436 786865 998310 158457 1 936171 234885 699171 170977 699409 972781 618307 435346 611702 354230 1
1 827376 848594 827711 507517 428279 209860 396113 834739 536080 838050 1 49565 798415 163886 30819 922012 298939 71105 477725 151974 470148 1 758312 357216 860044 433665 643156 611185 441396 111179 368191 652046 1 347306 450517 950460 227551 714833 488123 58020 816318 752973 145722 1 28523 72182 47041 239747 485867 932386 720408 603876 959153 751926 1 270110 865024 480445 734452 396569 200830 463545 470002 147870 250847 1 583763 580635 614580 23688 689730 662037 642937 672149 46061 767418 1 906598 177852 647454 926384 804360 432220 682709 14183 875120 729603 1 642570 355118 664222 379450 744517 913579 801470 67266 918831 909008 1
1 148196 938642 225591 306791 934318 746903 562493 67608 20302 148432 1 140160 620558 130812 305127 830854 671891 89774 248146 911083 372139 1 716207 68980 397334 899542 210617 76577 975628 231609 285780 336438 1 294674 976608 552834 332718 6277 699789 622466 298820 620883 98551 1 783005 501743 115028 884402 329547 256151 882043 284629 718707 782462 1 283603 290294 369692 404337 62427 542721 696913 973282 628831 343509 1 88285 48079 321700 278780 271532 757111 761164 392246 159057 480686 1 938394 55572 129755 482604 255938 279071 830321 336387 305349 597163 1 202783 411438 804598 59538 468123 799513 158944 317692 265998 395583 1
1 768208 405683 949263 245154 644136 50137 218377 187635 168601 272297 1 479604 255394 603689 393236 445229 757496 376030 943487 979184 16724 1 961100 531326 348972 328289 593856 830380 474236 88654 241324 477308 1 874818 199438 731404 265936 689916 693487 785990 302825 782065 823670 1 460717 228659 317790 580380 997963 332929 848125 667085 135370 567691 1 49584 35834 712777 309653 229120 987945 869321 736514 559106 678046 1 83618 794210 505040 153153 488602 713761 678310 441210 209126 999594 1 2673 316602 228467 185505 903079 125592 691787 164074 140426 950789 1 395857 101990 471180 184051 427031 102356 890313 309706 931044 650644 1
1 225779 548798 187527 564796 810309 971694 618054 158082 51265 112344 1 568565 799540 629384 888495 885939 879738 574265 224382 64092 396559 1 461188 49405 892753 704674 657401 129287 60424 795871 843115 725977 1 427833 998988 10488 923571 7181 484276 388602 167142 800108 656998 1 486617 151720 926602 705912 128791 19408 548497 789936 509367 875596 1 346320 771405 664092 482791 199069 199883 553635 54924 712756 832146 1 89143 213958 316516 138324 30096 255319 797832 19419 319141 314572 1 659273 558178 547984 561424 866979 577999 381606 673951 773948 591142 1 892545 181732 683524 577562 659552 148415 448651 408083 762912 738957 1
1 487782 21994 449783 489308 857431 280277 42974 540999 826547 293791 1 343508 699147 295461 976727 81874 762728 22592 930340 341761 690700 1 666456 99308 566929 842125 576199 97757 94297 944040 493768 597663 1 991340 750875 920615 67379 764584 556038 59828 563561 759125 547190 1 51889 663890 77968 125329 970938 96260 712425 878594 681778 442307 1 324682 606043 40010 534021 639773 57415 70356 20151 434183 20860 1 912258 535551 446462 975724 137448 455148 984743 244697 689044 303890 1 791152 38371 470254 561557 853103 711492 658486 554876 525654 705775 1 716325 485813 105512 676780 181408 754927 936566 633917 197316 6600 1
1 363998 280176 250193 145473 657068 443630 627550 982279 733704 944716 1 207178 37390 136285 338651 97143 370564 413521 722558 641998 727737 1 22799 590967 482518 495215 567966 445980 13293 449537 28260 508930 1 5449 940984 25215 474415 118288 519361 290570 312610 909031 117155 1 952079 442921 805102 596777 461755 317827 265833 70777 266779 833128 1 460203 353721 774346 140013 199050 812671 860819 628829 979780 811048 1 794139 63514 580917 246918 92152 34887 67000 314379 330212 169863 1 132313 278332 76385 788554 259652 395356 119002 442444 115365 937533 1 627762 458982 105395 766656 465333 511241 508267 45172 406527 699552 1
1 756211 441758 662780 430862 71526 586641 915926 486426 613373 175917 1 528036 172586 410632 921406 892947 88188 15538 240028 226946 201987 1 606418 942006 546607 819196 570433 861902 97212 115511 906815 429014 1 385963 74382 142419 375741 968329 776145 359026 109088 615852 383527 1 646607 866342 264401 165044 636727 980068 557707 812933 605288 507176 1 47571 848959 421199 601624 980544 52854 701266 804515 749997 686842 1 716874 715968 604890 587374 467943 705172 558802 631052 93474 248929 1 152683 116497 780458 853549 452022 864177 194298 755402 372901 479659 1 689548 297395 928636 127292 297694 15836 682739 686058 60204 250949 1
1 400183 794510 784376 969244 463130 363082 785687 101742 190935 287950 1 342262 99066 351282 297750 230717 299894 968070 388348 473686 233869 1 697780 857227 591944 373128 336034 245360 283916 761157 789296 205614 1 844939 764808 507532 845336 192440 639613 502921 277233 692730 47835 1 169646 707365 231837 368237 258918 642397 901599 927745 315020 720388 1 431522 311701 700650 865798 823988 703752 349970 280202 204164 228709 1 215638 171737 867490 944058 92818 691393 616344 873274 337323 495908 1 6245 170495 612177 839830 481010 932856 402474 82919 980660 238614 1 923967 535168 624909 854958 990951 710045 811287 361796 355176 443611 1
1 552087 651413 174423 219835 911047 90820 926288 336372 881890 153640 1 182977 440538 941263 171268 963726 855194 695380 987857 540024 104396 1 83487 711076 480312 490814 98631 930458 476015 918636 218390 255160 1 131452 683614 288132 614408 909027 409013 158874 524906 849981 169536 1 75644 224142 724708 29170 346836 193421 405437 406631 961185 867611 1 587023 820224 339186 434462 647770 621535 136782 456391 190970 574130 1 929213 148904 872215 341974 883354 94395 716054 411610 566335 266078 1 107787 973362 146782 376870 363366 785824 346483 368372 744298 700860 1 260177 513890 123554 531646 468787 789593 289835 430459 363791 935067 1
1 806315 260262 241135 595222 612544 479212 939919 55663 276861 819383 1 172343 906312 969766 708159 831769 544839 798126 257988 30412 128288 1 532087 186468 494161 756680 647000 538332 20259 710688 143457 438558 1 737427 880034 368178 456584 443882 210681 224063 749528 747737 100733 1 861560 962559 188627 681729 808090 808632 25337 536649 681757 805784 1 930791 603424 172787 306976 684469 742506 839046 452182 448372 85320 1 381691 15239 66948 945488 281358 401480 219644 976356 900369 91939 1 849631 242441 809238 405408 688235 967265 148265 397729 234508 600577 1 42739 374911 386828 639922 800244 264639 839902 95377 864652 656072 1
1 505832 67982 407466 321302 11851 579725 13644 851787 856512 811291 1 761549 558101 7760 834801 432313 926954 654972 580855 524210 94572 1 657776 3999 520540 907710 601241 170220 93854 556303 180179 797426 1 960353 544283 259081 365645 842760 381269 203353 643577 641632 131199 1 64221 398459 293974 954569 809065 391618 560906 781981 298020 402271 1 34597 394180 552908 817014 287330 693773 371133 906365 920217 511970 1 96865 176953 816389 179389 955993 523410 907289 551560 393667 82463 1 919203 172557 825577 99007 777622 342589 684051 25817 249173 803306 1 238966 574496 935069 846157 436572 871752 470313 165908 95877 363008 1
1 547701 914897 521540 131299 957978 153280 754726 225160 999664 606026 1 835328 178049 194361 989631 678858 13417 15513 386701 18231 372019 1 135563 836391 553718 91142 800255 939105 21356 51449 235748 69889 1 136910 648623 987625 925771 848798 147213 826539 99410 417808 388642 1 306374 995390 25987 60198 270951 371280 21909 994604 693804 72889 1 998481 689557 419746 295381 859636 465819 180455 194243 206851 43532 1 18575 430975 145401 966900 572268 330574 234500 682760 24822 940302 1 499356 850668 153211 15982 66699 555360 631478 940512 310220 592736 1 223841 5127 736310 462960 247417 291061 348759 539719 132385 984693 1
1 58221 860404 287740 51566 511580 492377 714792 625334 449662 450510 1 474262 916699 644178 261855 438844 584938 169071 406057 27121 750229 1 76824 898273 376458 41664 950447 631899 449163 572038 784958 266010 1 439385 80871 371793 113768 716630 559491 366252 806069 379463 277326 1 771605 859210 825219 76201 450303 342498 825100 764368 951998 149984 1 274371 838287 475860 629424 851009 134459 82365 518749 314908 834150 1 973139 967566 286286 154794 320677 662049 47467 975508 575699 913266 1 200067 161911 36019 141783 884931 439105 55186 891797 388290 355730 1 249848 425000 846529 76097 501603 796735 787695 280729 213340 349302 1
1 712958 461852 301423 871898 613308 713180 311082 497077 210455 883459 1 712048 83510 1824 227773 462803 744702 498949 347725 237895 174602 1 16615 280324 905825 196644 932401 61584 825447 448633 751451 871446 1 708495 505228 897013 277909 787788 974559 315525 642293 486691 554304 1 409199 882772 206643 332464 353257 516209 70279 630317 970002 727887 1 585882 22077 897610 270075 983714 558049 726150 535001 960524 590706 1 912471 993156 379331 589501 596527 735672 746110 707159 762909 139507 1 384162 419019 895161 738119 629053 849307 36018 340769 714358 116933 1 662112 577217 728906 465142 255276 96087 493921 747830 764385 971994 1
1 962003 413398 324959 671875 758747 297513 592293 748095 856673 724483 1 51415 259530 997504 929186 545742 993287 359909 662799 356074 144228 1 923527 382043 18646 7518 697788 258689 880960 105512 222167 131141 1 133054 799062 730861 963917 163830 565642 295154 533552 508546 293200 1 184269 75039 765322 628827 258867 324616 82825 250872 16017 795786 1 805639 243069 533429 782038 91854 78739 711609 993977 280106 130870 1 214112 363141 343705 944439 538318 414508 135314 620811 737649 229882 1 164274 80642 903071 595169 60252 134156 560014 447873 739593 32017 1 393473 413632 207478 165930 964170 188623 775316 220912 660130 960298 1
1 812585 948102 340850 303449 196469 898084 352203 60939 863876 180871 1 386117 890658 475447 590859 606276 261936 592400 672351 387830 424478 1 187438 330597 842244 840384 293090 632234 552909 189543 809309 156849 1 204993 981331 665803 948564 324565 711663 963947 508315 442088 618319 1 855685 912746 495533 545879 850289 280307 408680 297745 121636 766266 1 528329 442477 362263 658845 590617 860879 152782 778389 498124 135970 1 81136 738216 124633 610719 914787 966569 294623 882555 514670 780894 1 186362 828781 715430 568314 520182 698012 104209 245168 609036 622775 1 56019 245401 484417 173945 798364 68332 992407 630505 780815 907474 1
1 620517 313622 497666 704316 95220 283300 243513 979992 31840 752328 1 619435 870374 600549 748689 82774 883168 407065 831075 984485 614251 1 667585 965093 8736 678177 490716 664183 369820 155828 609489 1272 1 992293 880758 266806 908092 270382 474541 756302 994749 104769 209716 1 298536 24713 948937 97316 46023 610006 979183 628274 878813 629403 1 156834 25834 439005 303591 252427 46159 523756 276384 728525 549435 1 550948 931045 787284 220454 904013 617452 468314 59897 354077 248246 1 835325 210165 330080 731711 36768 328929 47861 331177 42917 836490 1 936330 285472 911710 353761 425339 10320 118777 24677 440147 507442 1
1 730953 161230 49995 208955 842893 923898 426374 823492 77948 353740 1 795718 576114 848501 142054 643147 58285 482710 521947 638103 560331 1 443252 608152 189244 413711 438098 247625 933591 407329 850879 697439 1 125335 733463 690973 635529 230103 945577 101470 453330 295419 70711 1 490034 661448 301133 974058 47566 793230 757120 743661 920540 574958 1 289488 773474 147922 966084 815575 642020 773251 457165 229702 648799 1 505620 247121 96566 712902 424106 839347 250334 954815 874148 867623 1 606198 532032 179468 26786 445667 412510 808301 561990 745567 185248 1 556002 668736 182078 301373 719466 861917 626807 203121 876268 946783 1
1 659807 968501 175754 892196 348359 23944 835975 840548 271531 329885 1 326325 824416 561988 373118 48223 379600 65120 739926 397226 645202 1 405133 635768 823016 651613 795067 990635 471853 62920 49185 246924 1 925095 88799 496871 73016 409749 153790 419502 8969 264209 768255 1 625962 397756 936421 244404 660139 847906 933192 763353 146522 654779 1 287872 432602 292247 108382 343815 775735 232419 754575 278548 763936 1 217176 122050 651864 699634 914904 747606 666589 702972 646056 245592 1 950298 669691 773347 914830 506220 647410 419441 2217 734138 793114 1 822058 553136 487882 291355 97408 999120 129752 633874 567446 229674 1
1 469468 571292 210941 761777 301884 166778 856756 643179 191052 446556 1 268769 131731 716123 513957 973508 893293 444918 927612 162702 195926 1 391613 899921 410843 40552 265730 432011 266995 51571 186055 390575 1 871855 429142 777180 229051 560916 48822 862212 374420 603255 228933 1 158276 562384 451096 939 796412 562325 678129 449963 24275 685617 1 152393 548210 98314 796239 518936 348709 359913 498821 873933 876329 1 10862 324781 449932 345628 439460 861639 945604 66713 647338 479482 1 520269 547967 385500 968814 518077 402975 476644 285656 530518 778739 1 757411 640134 927589 591155 20953 74522 94923 407229 331140 82399 1
1 752604 949613 525777 635113 925211 359201 437483 411898 344376 241879 1 564390 589626 577392 180457 685415 169656 316146 816596 91678 125238 1 777614 382970 880188 929867 6952 98754 813400 987873 938894 822735 1 626675 709047 795421 669868 217751 451426 835016 8589 954235 717230 1 973193 256353 123179 929317 34153 427745 618127 437963 828086 337371 1 213185 582544 784253 193426 567400 492672 351711 559626 511344 555481 1 855603 969480 990401 776707 322227 192789 634646 72372 854754 41777 1 635331 889613 460395 958053 474148 946743 367717 345531 889173 947775 1 721487 404479 718086 370177 35565 184419 848260 437062 796776 81527 1
1 542622 190658 600259 598428 261903 666057 241345 427223 527044 906355 1 246828 911762 269317 617620 675986 749988 974171 314418 25151 718745 1 731469 529009 655362 392922 695977 873599 282166 142839 51676 981526 1 125666 568756 923714 581559 585314 889181 372197 514303 592246 339553 1 104779 770614 940333 479405 398028 438143 714291 786970 746966 209404 1 806150 993443 141043 554650 322543 939378 824836 266423 278761 675418 1 569204 754925 835702 813914 409078 882084 111309 198661 491526 429937 1 273253 683707 694709 940914 825509 181702 293242 565776 21877 826735 1 494471 543543 450711 295283 797564 395069 902856 542244 888616 15989 1
1 43101 532398 410601 457180 138032 187597 134300 519806 484005 745867 1 787743 403830 486704 709904 674734 328693 369368 273872 712922 33287 1 871798 216365 309953 767903 973464 505773 566738 853199 740131 761711 1 893190 262908 959893 347808 420264 426409 772553 188032 896344 897430 1 955361 28445 351705 164413 366842 680924 850568 673382 422122 107005 1 90676 454310 950370 430600 501943 731369 544933 96468 767782 924288 1 26613 46975 58568 886695 467158 920743 247555 937155 463445 781228 1 768741 511032 897467 652936 711924 667441 557298 83510 550651 867538 1 953493 794535 197657 344001 400756 550290 790236 613930 905963 209783 1
1 5785 61956 51377 97449 565747 506506 305269 590737 700413 659356 1 533944 755426 940482 183161 162828 281785 228881 182674 861436 471708 1 23092 966659 996459 276081 361058 995787 494344 510471 373266 478020 1 261841 506187 194438 198753 829475 6131 637955 628532 197836 175957 1 232504 656117 932801 78441 374554 705534 409134 674578 321029 978345 1 100177 436336 224316 253253 204195 220768 99423 60826 389556 508605 1 461915 405869 82514 708 101556 739403 744933 941126 29472 828391 1 58058 190216 999907 844430 590714 146280 486772 136051 412806 461795 1 227220 220942 670152 908874 971135 175505 296468 419796 723753 172746 1
1 527572 301395 110562 776059 751798 448814 51414 530630 873248 453101 1 275205 80433 780621 901748 436695 997109 848470 786560 329714 478588 1 760243 805871 906822 317700 240451 134422 638277 711560 635755 242891 1 680158 195756 800656 911620 73778 267935 109627 80189 901173 322169 1 645460 881559 86620 727960 344981 975386 196665 639378 685896 855319 1 499431 307441 619237 561252 350061 773946 479347 775583 425138 659479 1 345985 105007 42654 843026 403314 469570 891079 881733 987106 816072 1 266925 114575 446212 480115 15058 513887 759971 400194 735337 401027 1 351973 755052 401115 468024 45977 314624 686241 713346 498730 916124 1
1 131946 217499 651770 134773 663491 195304 565988 746891 392740 51889 1 966370 899011 991143 370003 62629 120818 534964 27632 160449 619505 1 325118 331917 413157 723391 323813 648584 164774 138725 414672 530509 1 730174 43958 574019 489819 491065 658869 845462 734609 777374 893120 1 737975 835884 177885 684724 311045 786439 79880 290884 7830 41987 1 847757 236245 187922 167608 886818 606199 62813 364079 239694 138385 1 875916 828381 51579 373509 747237 404599 816300 253867 289035 972172 1 858349 347391 700852 385279 464757 371684 200723 867325 640910 105498 1 135242 825766 837377 635108 926993 716477 688510 573821 818845 659821 1
1 584984 849067 568184 537065 379726 931922 126171 76836 667593 302886 1 160884 235224 174574 361671 980896 763467 150266 760045 528069 465443 1 325345 314998 142862 561957 448823 837789 782902 122132 39480 110751 1 53717 215931 773073 45541 298532 808254 856248 704679 787909 365442 1 9002 816170 42935 977178 408110 32371 343697 223664 106767 77624 1 179010 226541 732716 785452 140182 33135 416696 35484 51909 233314 1 979317 244099 625635 189095 919313 527881 954960 922779 927882 732036 1 905146 169041 789282 52348 912329 633937 885950 541348 399241 313370 1 163228 330490 919526 189331 466594 693274 719098 343883 876278 282659 1
1 664901 910506 389936 612514 439198 675969 976539 999259 726707 969243 1 883242 379923 118673 159969 301011 421962 909856 588839 652239 927021 1 512545 601184 344172 207740 386121 20273 813002 992706 472310 944855 1 986318 470449 724138 320014 206283 397316 19641 543959 201987 899653 1 760659 224548 160357 662378 417757 642315 803004 763840 485924 760583 1 783329 869550 982192 654792 633399 807375 388758 450942 10983 265242 1 832082 831110 902593 189135 338718 974639 292385 153969 776390 445912 1 444606 364288 632267 83252 741799 336553 763196 55791 545263 158813 1 689560 845180 992442 821940 73823 42130 453252 822954 525767 44049 1
1 442461 473742 617835 152002 886905 339794 279071 887105 527067 2299 1 215298 497471 702049 203607 759596 441323 507663 719839 196099 966382 1 239861 56887 897046 852836 474104 555315 748747 949912 45276 247750 1 381594 514638 314328 410709 666651 902098 331217 131310 704744 297799 1 843430 904841 666024 339997 375306 218471 58552 318660 816967 792290 1 399187 884607 23662 411070 687923 773940 306267 202971 122084 591323 1 870792 537512 972157 549932 437048 146710 276826 335449 876462 426273 1 939550 619549 849436 19961 251549 223754 828055 898243 182345 900461 1 342101 69775 909377 445784 720800 525102 562832 619835 320265 325662 1
1 914487 912607 309040 934748 573119 342544 304048 837975 128277 460250 1 606084 410799 830494 710020 502288 348436 519251 46804 733596 4202 1 371743 41939 10026 833361 429943 156601 258245 492591 588531 880662 1 128691 732155 858275 439211 906741 587513 712562 852682 710624 940508 1 815245 269715 474132 823125 295857 664228 704572 681066 144244 221946 1 856682 259732 313208 609818 828768 573737 264373 188422 925687 370783 1 942280 862209 420740 499803 122326 858632 803629 564125 650597 913714 1 883695 810873 542509 981162 851422 171957 172324 704115 439837 38193 1 375313 567179 430447 8124 26056 280776 786555 117651 99333 971965 1
1 177259 94525 493667 962936 916328 553955 446505 141437 527692 331046 1 602936 529391 203223 571073 360083 413894 224475 140522 436782 123174 1 305095 184089 161229 143526 993866 244360 15884 688164 750443 161452 1 819756 239284 166422 480879 995675 554666 546039 727406 884903 212967 1 818712 95920 375809 306902 606809 50856 630073 549586 248908 346719 1 71283 635263 658425 517854 430466 223114 12362 203858 523202 540292 1 779145 467787 929559 30355 717214 619276 5144 906230 459509 875639 1 771982 812809 836339 147052 460177 439996 134932 527211 765136 806008 1 196334 372830 116203 451037 819648 583908 291938 8374 812328 116684 1
1 692248 667683 951004 731953 516298 944474 485521 693406 970046 854792 1 516014 696473 357046 235577 160255 156358 855324 692171 941144 779651 1 771235 849041 654791 440533 466213 801106 819852 532017 879339 646215 1 867011 429947 36992 691567 620107 637531 695196 933838 88887 624272 1 26825 483689 247620 707269 595347 42046 82886 721943 309251 453904 1 492824 357502 518638 219198 48066 344961 972527 413546 853233 421029 1 791831 782747 996303 961694 25795 401478 486129 147240 375655 591825 1 281456 757923 992504 991641 800211 296744 290312 252908 360831 857125 1 488499 167694 446225 3920 671898 508920 743826 920663 22542 760911 1
1 309408 195154 349238 917574 111212 79719 936011 492405 88890 633535 1 255522 699488 332964 62518 100603 675635 947332 919507 916560 228474 1 135590 469254 400082 18677 882025 782725 910943 826059 123170 125214 1 486048 10802 374310 208891 160908 741103 708022 470841 782859 818268 1 576331 336621 394869 314131 670783 260416 926481 589284 267577 928870 1 420474 894330 192850 356149 762687 89414 449516 180818 205966 623861 1 892956 469303 777794 444797 635037 20928 379116 387910 446322 607513 1 615014 50221 926488 864614 92549 822095 706538 559225 537896 127749 1 868315 529703 33600 652379 88695 510358 927220 33787 146605 686697 1
1 802668 187644 474071 728233 376198 419951 165402 273840 263077 617135 1 737718 334746 939255 644596 561456 670308 871002 254861 450300 110247 1 625937 108051 500627 323963 537896 575330 488676 176440 467276 672228 1 837533 72032 859972 413135 883245 334043 155670 569538 677964 52632 1 573756 231912 180557 262747 279888 913892 191451 233324 166386 250693 1 700453 505856 103761 342526 589194 144821 387723 181632 36908 972201 1 285261 223334 196042 669497 787781 712706 467140 689634 159596 820309 1 585075 606381 160378 423645 926898 364848 594087 492188 637978 73528 1 286040 142686 472965 182750 699953 481872 539813 439105 786783 808519 1
1 401013 128019 300378 614609 441033 170964 992894 99507 498032 941484 1 584432 266631 267947 519274 658466 155628 415364 102425 923102 209175 1 375987 216112 613900 464375 436197 407127 872184 396664 345107 97397 1 97198 59428 263932 814379 958112 679873 668851 314968 941539 116896 1 476491 377411 232855 973627 883303 152898 356867 11814 280373 461131 1 397714 335909 797524 378096 918511 198682 637341 629204 4129 464379 1 964622 503860 58098 708941 14580 316554 837302 989159 728180 351806 1 80598 346473 977424 194880 818911 906610 129030 579975 440407 870167 1 895510 158167 990712 228718 578407 895532 73210 603359 630492 327167 1
1 56587 82128 919695 527415 177282 223482 230161 974184 363044 937938 1 353372 446822 193872 8396 573210 257801 851132 753698 386449 574256 1 270964 300234 187243 489317 346264 376705 681015 859988 854120 975223 1 10406 163458 130070 867536 271614 894368 1754 752040 182228 557096 1 421148 345995 237705 91999 494293 927838 192644 58240 570989 179609 1 300657 518208 183776 881589 963760 99591 116378 781196 473888 916546 1 341606 666888 933153 76652 353605 811032 812573 132984 688987 734366 1 943472 332625 360512 874517 479246 9944 551232 849168 80093 798710 1 665627 434371 479880 574834 839397 908280 950080 824154 646144 581993 1
1 728440 296202 513059 703 179156 702477 510247 460102 269207 994894 1 277063 990460 334749 282562 348581 441100 465970 292607 628438 262491 1 696753 374310 888194 334169 889483 835368 95882 338490 398642 400173 1 67742 250750 237895 444827 35602 793442 142840 172203 87642 449123 1 856626 108072 419480 752972 397414 235975 352807 484255 761059 385218 1 38909 642592 928841 269717 524757 30645 877519 636184 415150 142855 1 372806 207953 560666 371556 792056 50330 361804 685305 598574 876993 1 961464 76715 771095 708642 811834 289065 527561 134746 766737 109893 1 876020 400228 607166 810396 629173 960355 182680 806591 715531 329088 1
1 944680 397636 834665 203530 847989 44218 327535 605485 630859 77355 1 187535 141037 40274 773967 539749 279538 564423 263704 768612 485914 1 236236 464515 535501 522140 849619 118147 107277 947646 375630 668376 1 494215 547478 9521 578833 24936 411566 623967 415506 15677 796655 1 513347 831646 366814 12339 436920 817569 428796 64500 685407 241560 1 564007 324655 661339 579669 6946 686201 369356 216473 347223 191355 1 203967 542958 744930 536320 342596 276623 419567 797243 977614 561011 1 315334 874771 943520 760842 469723 580888 129176 300757 180705 734953 1 153554 546041 275371 203702 398735 137015 297211 495152 897332 838148 1
1 630762 643830 259227 969033 512330 650170 338032 601100 949057 199592 1 368501 972702 775157 873370 105167 194012 252436 823905 273369 892316 1 443736 645763 479225 623321 407999 213745 799485 522302 739263 89918 1 909445 360442 324543 455956 183289 419385 517754 30082 958498 963145 1 53509 39900 444743 502375 473465 860713 219444 854383 694424 875965 1 890749 567471 551083 24329 460395 620730 107668 676226 421383 711200 1 691681 469985 814823 725218 264804 600455 299537 683617 226853 752108 1 194175 810682 813456 49424 79506 263982 514758 876831 632800 297287 1 437645 980116 70161 290961 247240 689255 478693 429496 634547 452873 1
1 875266 264641 828537 47750 483219 441393 675161 631816 970407 1584 1 21294 503283 769423 811187 519295 678863 875841 722274 391144 638524 1 474260 556842 5405 803927 401240 623805 398792 56971 527725 251780 1 285868 522639 94511 927403 317460 602327 941564 481559 559900 664075 1 560682 65229 555195 266026 369488 645856 594473 61992 305550 962430 1 775109 360213 537599 608713 548172 316727 313558 59336 592399 593844 1 378032 263548 475519 684333 595971 285827 29086 363553 25454 91555 1 20522 98595 46746 234375 692897 397649 572002 638355 291511 398539 1 233956 670784 273863 114329 985850 809066 349318 349010 2347 634566 1
1 558956 358619 632626 508531 831455 118779 819916 5621 776279 848106 1 988287 431630 977922 751105 338024 751330 799812 174209 176735 32539 1 171750 500536 737494 530844 203218 810696 427646 652595 635205 289717 1 276554 483960 556838 979997 791538 944512 142622 907311 195113 316991 1 801671 18230 863469 775138 368268 250836 182408 795403 345836 711832 1 617675 345918 630203 463230 325507 39710 943218 454585 117590 862525 1 904902 505673 848182 420191 619570 421969 468312 407859 183413 423944 1 253472 321509 334639 406224 716124 885190 82978 871196 16998 968084 1 457626 702918 167395 390822 164177 173150 512878 658697 646693 974913 1
1 33530 809252 772544 671511 51373 533395 416214 827892 809349 876904 1 567518 975453 875806 319434 468360 911776 3455 857444 385765 97980 1 607386 954929 444581 143051 465666 527267 690006 443731 692389 24972 1 316309 730990 995323 858108 566388 292576 420082 546544 775153 374405 1 627353 10497 401531 655798 964692 238934 589987 963679 655339 707878 1 319728 914451 103965 884259 358761 896180 281025 366255 305906 481678 1 274219 956391 960690 481545 822843 402219 62228 507517 654391 537475 1 169360 127119 389318 608451 822431 813167 695205 454814 236397 944844 1 479626 259604 153658 651943 307664 74964 363586 727882 16936 359283 1
1 176311 253815 905604 333592 708645 596249 59133 579027 245888 496482 1 495046 597669 868945 470099 15039 783041 398267 763548 487873 413697 1 329782 289165 494890 181366 149362 761477 136135 471438 944894 616728 1 275313 323360 480175 427914 959955 692892 825885 558856 897757 52242 1 904331 337056 102859 553926 279178 88337 633171 159003 226909 794760 1 908497 97083 85030 311431 83871 523993 181573 85551 66509 397985 1 289038 315461 357624 574845 555739 833027 646723 121345 676730 780573 1 514886 25348 656030 324510 201035 531951 200831 509855 413961 672129 1 647891 946249 457536 523680 73998 655808 299877 186255 343918 886486 1
1 223972 924896 876611 918750 72459 112036 630806 918361 278649 955020 1 99416 86954 814395 967571 908762 714708 119645 498376 512973 30072 1 803787 689439 658709 702230 53554 191173 300307 840630 563667 134367 1 205614 673676 295575 951576 400672 365231 338509 149383 126019 697200 1 967542 294126 853765 823131 707553 40835 718274 539784 617641 359615 1 13532 477131 265981 846387 940415 875353 216468 322636 250751 208562 1 419248 417687 692850 581950 621018 65063 882733 727127 661254 539695 1 475565 942789 85960 35172 207057 257840 533010 112567 963619 102352 1 172502 611742 549155 119098 255290 632566 538439 800835 599379 708479 1
1 402607 318827 664658 274362 55640 186941 782004 605460 591116 581876 1 756459 211267 433346 119642 700951 750809 627938 622978 551432 381300 1 748394 397499 765332 571383 472379 107927 662490 927805 948086 304752 1 636090 587379 1528 241593 492284 409508 283923 598649 923499 873621 1 452651 518088 404398 854756 726986 837909 92944 419823 543066 305626 1 509677 887810 293299 136777 45732 519099 38044 44646 433933 281679 1 728667 924683 492709 679226 20547 53852 62682 352092 151002 34901 1 422297 519693 601271 124117 326088 875073 873557 876293 509402 676831 1 840757 746267 239295 176762 805880 608776 26288 833755 733946 384646 1
1 690782 250948 597039 442880 514338 47717 65719 18522 874452 362642 1 543540 949 984170 672362 847771 335296 478253 457030 239536 557052 1 2285 987196 294825 606425 396758 604591 711423 208078 192604 30614 1 899121 686991 838948 80021 20966 15070 250336 520374 68284 367244 1 978007 895030 240346 946126 563070 86375 280945 426502 90235 744639 1 895436 181183 973232 90463 56964 218981 215959 425360 104382 1697 1 834904 362514 86212 628476 417102 622984 27308 973799 232102 776915 1 42378 337687 268988 852415 450640 783514 832416 896623 625477 689010 1 597460 609425 995062 797535 36340 744710 65373 775928 347608 140193 1
1 479410 414399 376651 524062 673229 677353 500502 812659 959051 298671 1 784967 222940 452281 723155 960445 448835 545698 847145 109849 936616 1 492068 346484 296746 455523 322131 819072 986633 662792 975437 995206 1 599762 376988 290970 169404 352890 410728 751983 386548 884228 624913 1 921486 367743 785223 112009 841945 990611 850350 967692 782177 230711 1 112218 263059 48735 463266 31815 662703 451880 636493 890361 975829 1 209732 308779 30369 655130 626626 687462 635462 189111 869898 435980 1 65501 565596 264370 481421 495901 501403 16941 573673 979378 7364 1 731255 470698 869346 527139 325304 371736 407449 604007 828632 788009 1
1 104150 204462 238169 571288 653611 575586 429950 350967 967845 297374 1 145767 964394 778657 399322 65930 950749 170759 961466 662538 438730 1 252881 231561 796672 420679 390249 354589 5965 181209 182245 178354 1 834131 648056 616156 110634 822413 623642 681452 17243 633363 255921 1 484044 893345 721268 754336 942232 120880 169706 396544 927979 792622 1 325908 808961 896564 330248 356779 216132 118100 851985 972001 162772 1 340438 363060 686010 900050 222910 354639 291525 935690 300009 233007 1 606149 198355 184750 672097 360465 403936 115783 495991 902812 87671 1 110352 959664 369116 704333 793475 914820 818643 405209 37738 500563 1
1 210876 334663 700196 160032 457512 16140 486635 459519 639335 534309 1 994426 535086 762020 475735 287704 915813 630940 559570 284106 910983 1 395810 938306 388050 954506 978978 923652 845974 363087 474950 242812 1 757633 218518 835727 233408 674920 482869 69423 594125 818049 872183 1 337870 415955 328287 914132 706421 578216 898332 269282 54025 727884 1 921372 568825 955040 469372 93038 454755 50288 597330 755221 610239 1 23710 595314 964915 38220 773067 229802 819589 117028 928762 548042 1 724723 269312 623304 603283 163978 739042 282876 939446 760910 768064 1 845652 404815 315307 679006 48807 393001 553343 476959 136189 331363 1
1 596336 838850 367311 986799 173509 454074 964712 695755 574183 925117 1 578902 140904 172029 989799 473034 488833 151494 227458 294442 85111 1 543278 316568 607419 270892 854059 3994 317209 309678 946526 664453 1 335107 826196 292031 205892 184780 926416 449115 536070 198245 36106 1 749872 611793 751501 875609 206414 863789 893362 654213 653072 493961 1 684103 454385 509076 536412 445652 462609 556079 354824 194889 350219 1 983294 36970 401410 916714 583829 878722 259983 736359 56184 663354 1 309013 674261 666865 536249 566718 979590 550046 341161 626776 490617 1 734055 118140 726611 902567 401486 385796 734513 195303 929585 154877 1
1 975095 525406 695283 784195 315995 580490 312897 20109 568671 852803 1 971903 168297 744139 931164 745280 543836 305848 152330 184293 567741 1 215050 494462 807251 34787 140737 190535 39277 797531 177853 906766 1 647962 893412 213671 107692 455263 739270 955348 78971 555873 370891 1 210237 268646 346573 520466 966078 503644 315897 640571 322665 452085 1 925563 756418 130120 883649 541089 580058 810824 904893 458305 501932 1 728742 777411 960558 730922 615314 112940 726079 117299 350105 274912 1 675992 416980 469440 88858 507953 72185 640090 646790 862907 154092 1 913610 901923 955940 713437 547684 882013 163069 704519 284853 945086 1
1 301854 230475 456851 120027 745438 240870 19358 776835 268297 890578 1 392807 519539 593099 434068 537859 982513 819679 718394 640258 500488 1 333993 528088 719289 487408 479363 858894 284563 109343 542031 311973 1 785289 545701 272431 788527 671380 542271 356229 8397 854243 331979 1 453115 658461 909829 788388 204417 414507 652046 742834 179571 120409 1 694391 441805 684113 727352 865736 209210 778899 127033 213353 537534 1 380943 140571 138972 728826 729867 667857 463426 83172 722931 996337 1 760484 283047 545722 13019 857104 786966 739820 206489 77569 565146 1 674550 585817 950665 360620 238334 240792 341471 355797 446095 81408 1
1 610638 530676 516511 887180 436444 49474 139163 535034 688757 370417 1 694269 128343 852308 293124 276754 430649 318085 111009 429283 145634 1 998913 955798 348312 166590 311863 758925 748513 137107 849363 136758 1 155693 992623 639710 733250 119221 693221 566852 684604 337820 538309 1 407826 885068 170146 398238 339290 303795 878614 89372 932453 325031 1 389210 524009 971636 86340 799761 487169 782844 64478 231550 969208 1 123751 496264 197589 699407 297708 222589 975113 379457 63876 429674 1 785306 380856 330297 381024 977612 615476 30559 681269 453481 866228 1 685928 540413 578189 670725 174808 274512 523479 743667 113662 668356 1
1 74282 270270 108555 175499 958629 10672 491945 785558 811489 78521 1 453669 158927 483346 946462 549285 705676 739833 524766 571737 269523 1 399626 644185 662111 955352 811971 770567 574451 803398 971343 50679 1 550577 54435 446367 647160 279663 686162 331103 105778 850171 229170 1 578018 416614 15011 913373 495295 532456 2315 440844 961734 988437 1 169142 434086 280066 495038 79107 725423 975627 989668 10405 273692 1 362884 309164 179671 897471 310140 325360 697982 294095 660325 454407 1 412112 883227 120498 317305 760193 277096 808457 404206 872487 535477 1 408715 731865 70121 328076 323694 346411 10066 12342 498479 158125 1
1 53115 968525 876045 41504 277733 360664 85507 264186 272777 155929 1 618553 914450 958907 498598 752524 647760 660168 841527 741338 278851 1 633013 377226 437126 831437 931441 210521 833505 35362 858331 196810 1 727164 276976 745575 450503 467123 136961 570333 448127 289325 24364 1 249955 209169 242746 630536 768921 414755 514546 360074 922856 425335 1 141319 451357 951569 31583 365936 224415 913979 365704 42468 916882 1 966327 978296 77716 494788 145644 894083 41490 192640 482818 634394 1 465276 304576 336033 242455 933438 374236 793020 540192 231453 735540 1 472135 466845 300560 594892 586284 185676 755332 31926 431637 681892 1
1 110124 495802 228348 576876 550050 904576 605148 376180 146622 670815 1 778528 324607 557829 781481 166486 532611 438756 842220 277873 112319 1 639346 181450 991728 477365 840390 504407 523923 411874 412368 990113 1 961847 809366 911308 821774 126569 431194 375861 198136 380251 276002 1 12616 189575 897058 675796 675005 676138 3309 887075 630809 890922 1 771211 125936 739046 251390 749334 850912 801095 892494 743907 577638 1 164588 348479 932523 278866 438664 7743 523889 92799 340964 841647 1 813905 506887 935600 413102 818831 59323 159729 117402 558756 214078 1 568239 928818 233846 438464 862403 958586 649426 531285 334055 439321 1
1 821437 276392 908938 385610 556090 930965 838667 774586 22496 454687 1 251645 475524 810073 476660 828247 173441 806662 648515 778245 738384 1 403715 902309 490509 547697 844518 981867 459603 892036 823889 955998 1 913308 5485 712908 243177 530638 223209 557479 571071 531150 655815 1 319169 592903 864041 643368 613285 12704 411833 91221 462123 339540 1 175555 895954 398007 549359 277119 70969 845999 819699 114621 418399 1 797817 550074 416074 652169 689642 746544 602140 522664 914252 832570 1 795666 489750 693613 271868 275234 798397 86768 137404 522656 835823 1 391841 533376 393362 383521 483568 368736 614488 299045 64879 627849 1
