200 10
14 20 2 6 13 10 7 18 14 19
0 12 13 13 4 3 18 14 19 15
3 1 13 13 11 14 20 16 18 0
2 5 12 0 3 18 0 15 15 15
8 13 14 6 10 18 9 11 6 16
2 13 9 0 1 4 5 11 15 17
7 2 5 11 8 4 14 20 16 0
4 18 6 16 20 4 16 16 1 9
1 3 17 10 17 4 3 12 6 17
9 18 7 10 9 18 10 14 1 17
16 7 12 4 0 19 9 0 17 13
2 4 0 10 0 7 11 11 4 10
4 14 7 7 7 0 12 2 12 11
11 8 20 3 15 20 6 0 4 7
16 16 2 17 0 0 5 11 4 2
10 17 12 17 8 0 18 10 11 3
14 13 4 3 5 15 13 8 15 0
3 2 13 5 14 6 8 16 7 7
10 14 2 19 19 2 2 0 18 9
4 20 19 8 5 14 13 18 13 19
11 6 20 18 3 1 19 2 0 0
0 0 0 0 0 0 0 0 0 0
0 0 0 0 0 0 0 0 0 0
0 0 0 0 0 0 0 0 0 0
0 0 0 0 0 0 0 0 0 0
0 0 0 0 0 0 0 0 0 0
0 0 0 0 0 0 0 0 0 0
0 0 0 0 0 0 0 0 0 0
0 0 0 0 0 0 0 0 0 0
0 0 0 0 0 0 0 0 0 0
0 0 0 0 0 0 0 0 0 0
0 0 0 0 0 0 0 0 0 0
0 0 0 0 0 0 0 0 0 0
0 0 0 0 0 0 0 0 0 0
0 0 0 0 0 0 0 0 0 0
0 0 0 0 0 0 0 0 0 0
0 0 0 0 0 0 0 0 0 0
0 0 0 0 0 0 0 0 0 0
0 0 0 0 0 0 0 0 0 0
0 0 0 0 0 0 0 0 0 0
0 0 0 0 0 0 0 0 0 0
0 0 0 0 0 0 0 0 0 0
0 0 0 0 0 0 0 0 0 0
0 0 0 0 0 0 0 0 0 0
0 0 0 0 0 0 0 0 0 0
0 0 0 0 0 0 0 0 0 0
0 0 0 0 0 0 0 0 0 0
0 0 0 0 0 0 0 0 0 0
0 0 0 0 0 0 0 0 0 0
0 0 0 0 0 0 0 0 0 0
0 0 0 0 0 0 0 0 0 0
0 0 0 0 0 0 0 0 0 0
0 0 0 0 0 0 0 0 0 0
0 0 0 0 0 0 0 0 0 0
0 0 0 0 0 0 0 0 0 0
0 0 0 0 0 0 0 0 0 0
0 0 0 0 0 0 0 0 0 0
0 0 0 0 0 0 0 0 0 0
0 0 0 0 0 0 0 0 0 0
0 0 0 0 0 0 0 0 0 0
0 0 0 0 0 0 0 0 0 0
0 0 0 0 0 0 0 0 0 0
0 0 0 0 0 0 0 0 0 0
0 0 0 0 0 0 0 0 0 0
0 0 0 0 0 0 0 0 0 0
0 0 0 0 0 0 0 0 0 0
0 0 0 0 0 0 0 0 0 0
0 0 0 0 0 0 0 0 0 0
0 0 0 0 0 0 0 0 0 0
0 0 0 0 0 0 0 0 0 0
0 0 0 0 0 0 0 0 0 0
0 0 0 0 0 0 0 0 0 0
0 0 0 0 0 0 0 0 0 0
0 0 0 0 0 0 0 0 0 0
0 0 0 0 0 0 0 0 0 0
0 0 0 0 0 0 0 0 0 0
0 0 0 0 0 0 0 0 0 0
0 0 0 0 0 0 0 0 0 0
0 0 0 0 0 0 0 0 0 0
0 0 0 0 0 0 0 0 0 0
0 0 0 0 0 0 0 0 0 0
0 0 0 0 0 0 0 0 0 0
0 0 0 0 0 0 0 0 0 0
0 0 0 0 0 0 0 0 0 0
0 0 0 0 0 0 0 0 0 0
0 0 0 0 0 0 0 0 0 0
0 0 0 0 0 0 0 0 0 0
0 0 0 0 0 0 0 0 0 0
0 0 0 0 0 0 0 0 0 0
0 0 0 0 0 0 0 0 0 0
0 0 0 0 0 0 0 0 0 0
0 0 0 0 0 0 0 0 0 0
0 0 0 0 0 0 0 0 0 0
0 0 0 0 0 0 0 0 0 0
0 0 0 0 0 0 0 0 0 0
0 0 0 0 0 0 0 0 0 0
0 0 0 0 0 0 0 0 0 0
0 0 0 0 0 0 0 0 0 0
0 0 0 0 0 0 0 0 0 0
0 0 0 0 0 0 0 0 0 0
0 0 0 0 0 0 0 0 0 0
0 0 0 0 0 0 0 0 0 0
0 0 0 0 0 0 0 0 0 0
0 0 0 0 0 0 0 0 0 0
0 0 0 0 0 0 0 0 0 0
0 0 0 0 0 0 0 0 0 0
0 0 0 0 0 0 0 0 0 0
0 0 0 0 0 0 0 0 0 0
0 0 0 0 0 0 0 0 0 0
0 0 0 0 0 0 0 0 0 0
0 0 0 0 0 0 0 0 0 0
0 0 0 0 0 0 0 0 0 0
0 0 0 0 0 0 0 0 0 0
0 0 0 0 0 0 0 0 0 0
0 0 0 0 0 0 0 0 0 0
0 0 0 0 0 0 0 0 0 0
0 0 0 0 0 0 0 0 0 0
0 0 0 0 0 0 0 0 0 0
0 0 0 0 0 0 0 0 0 0
0 0 0 0 0 0 0 0 0 0
0 0 0 0 0 0 0 0 0 0
0 0 0 0 0 0 0 0 0 0
0 0 0 0 0 0 0 0 0 0
0 0 0 0 0 0 0 0 0 0
0 0 0 0 0 0 0 0 0 0
0 0 0 0 0 0 0 0 0 0
0 0 0 0 0 0 0 0 0 0
0 0 0 0 0 0 0 0 0 0
0 0 0 0 0 0 0 0 0 0
0 0 0 0 0 0 0 0 0 0
0 0 0 0 0 0 0 0 0 0
0 0 0 0 0 0 0 0 0 0
0 0 0 0 0 0 0 0 0 0
0 0 0 0 0 0 0 0 0 0
0 0 0 0 0 0 0 0 0 0
0 0 0 0 0 0 0 0 0 0
0 0 0 0 0 0 0 0 0 0
0 0 0 0 0 0 0 0 0 0
0 0 0 0 0 0 0 0 0 0
0 0 0 0 0 0 0 0 0 0
0 0 0 0 0 0 0 0 0 0
0 0 0 0 0 0 0 0 0 0
0 0 0 0 0 0 0 0 0 0
0 0 0 0 0 0 0 0 0 0
0 0 0 0 0 0 0 0 0 0
0 0 0 0 0 0 0 0 0 0
0 0 0 0 0 0 0 0 0 0
0 0 0 0 0 0 0 0 0 0
0 0 0 0 0 0 0 0 0 0
0 0 0 0 0 0 0 0 0 0
0 0 0 0 0 0 0 0 0 0
0 0 0 0 0 0 0 0 0 0
0 0 0 0 0 0 0 0 0 0
0 0 0 0 0 0 0 0 0 0
0 0 0 0 0 0 0 0 0 0
0 0 0 0 0 0 0 0 0 0
0 0 0 0 0 0 0 0 0 0
0 0 0 0 0 0 0 0 0 0
0 0 0 0 0 0 0 0 0 0
0 0 0 0 0 0 0 0 0 0
0 0 0 0 0 0 0 0 0 0
0 0 0 0 0 0 0 0 0 0
0 0 0 0 0 0 0 0 0 0
0 0 0 0 0 0 0 0 0 0
0 0 0 0 0 0 0 0 0 0
0 0 0 0 0 0 0 0 0 0
0 0 0 0 0 0 0 0 0 0
0 0 0 0 0 0 0 0 0 0
0 0 0 0 0 0 0 0 0 0
0 0 0 0 0 0 0 0 0 0
0 0 0 0 0 0 0 0 0 0
0 0 0 0 0 0 0 0 0 0
0 0 0 0 0 0 0 0 0 0
0 0 0 0 0 0 0 0 0 0
0 0 0 0 0 0 0 0 0 0
0 0 0 0 0 0 0 0 0 0
0 0 0 0 0 0 0 0 0 0
0 0 0 0 0 0 0 0 0 0
0 0 0 0 0 0 0 0 0 0
0 0 0 0 0 0 0 0 0 0
0 0 0 0 0 0 0 0 0 0
0 0 0 0 0 0 0 0 0 0
0 0 0 0 0 0 0 0 0 0
0 0 0 0 0 0 0 0 0 0
0 0 0 0 0 0 0 0 0 0
0 0 0 0 0 0 0 0 0 0
0 0 0 0 0 0 0 0 0 0
0 0 0 0 0 0 0 0 0 0
0 0 0 0 0 0 0 0 0 0
0 0 0 0 0 0 0 0 0 0
0 0 0 0 0 0 0 0 0 0
0 0 0 0 0 0 0 0 0 0
0 0 0 0 0 0 0 0 0 0
0 0 0 0 0 0 0 0 0 0
0 0 0 0 0 0 0 0 0 0
0 0 0 0 0 0 0 0 0 0
0 0 0 0 0 0 0 0 0 0
0 0 0 0 0 0 0 0 0 0
0 0 0 0 0 0 0 0 0 0
0 0 0 0 0 0 0 0 0 0
14 20 2 6 13 10 7 18 14 19
0 12 13 13 4 3 18 14 19 15
3 1 13 13 11 14 20 16 18 0
2 5 12 0 3 18 0 15 15 15
8 13 14 6 10 18 9 11 6 16
2 13 9 0 1 4 5 11 15 17
7 2 5 11 8 4 14 20 16 0
4 18 6 16 20 4 16 16 1 9
1 3 17 10 17 4 3 12 6 17
9 18 7 10 9 18 10 14 1 17
16 7 12 4 0 19 9 0 17 13
2 4 0 10 0 7 11 11 4 10
4 14 7 7 7 0 12 2 12 11
11 8 20 3 15 20 6 0 4 7
16 16 2 17 0 0 5 11 4 2
10 17 12 17 8 0 18 10 11 3
14 13 4 3 5 15 13 8 15 0
3 2 13 5 14 6 8 16 7 7
10 14 2 19 19 2 2 0 18 9
4 20 19 8 5 14 13 18 13 19
11 6 20 18 3 1 19 2 0 0
0 0 0 0 0 0 0 0 0 0
0 0 0 0 0 0 0 0 0 0
0 0 0 0 0 0 0 0 0 0
0 0 0 0 0 0 0 0 0 0
0 0 0 0 0 0 0 0 0 0
0 0 0 0 0 0 0 0 0 0
0 0 0 0 0 0 0 0 0 0
0 0 0 0 0 0 0 0 0 0
0 0 0 0 0 0 0 0 0 0
0 0 0 0 0 0 0 0 0 0
0 0 0 0 0 0 0 0 0 0
0 0 0 0 0 0 0 0 0 0
0 0 0 0 0 0 0 0 0 0
0 0 0 0 0 0 0 0 0 0
0 0 0 0 0 0 0 0 0 0
0 0 0 0 0 0 0 0 0 0
0 0 0 0 0 0 0 0 0 0
0 0 0 0 0 0 0 0 0 0
0 0 0 0 0 0 0 0 0 0
0 0 0 0 0 0 0 0 0 0
0 0 0 0 0 0 0 0 0 0
0 0 0 0 0 0 0 0 0 0
0 0 0 0 0 0 0 0 0 0
0 0 0 0 0 0 0 0 0 0
0 0 0 0 0 0 0 0 0 0
0 0 0 0 0 0 0 0 0 0
0 0 0 0 0 0 0 0 0 0
0 0 0 0 0 0 0 0 0 0
0 0 0 0 0 0 0 0 0 0
0 0 0 0 0 0 0 0 0 0
0 0 0 0 0 0 0 0 0 0
0 0 0 0 0 0 0 0 0 0
0 0 0 0 0 0 0 0 0 0
0 0 0 0 0 0 0 0 0 0
0 0 0 0 0 0 0 0 0 0
0 0 0 0 0 0 0 0 0 0
0 0 0 0 0 0 0 0 0 0
0 0 0 0 0 0 0 0 0 0
0 0 0 0 0 0 0 0 0 0
0 0 0 0 0 0 0 0 0 0
0 0 0 0 0 0 0 0 0 0
0 0 0 0 0 0 0 0 0 0
0 0 0 0 0 0 0 0 0 0
0 0 0 0 0 0 0 0 0 0
0 0 0 0 0 0 0 0 0 0
0 0 0 0 0 0 0 0 0 0
0 0 0 0 0 0 0 0 0 0
0 0 0 0 0 0 0 0 0 0
0 0 0 0 0 0 0 0 0 0
0 0 0 0 0 0 0 0 0 0
0 0 0 0 0 0 0 0 0 0
0 0 0 0 0 0 0 0 0 0
0 0 0 0 0 0 0 0 0 0
0 0 0 0 0 0 0 0 0 0
0 0 0 0 0 0 0 0 0 0
0 0 0 0 0 0 0 0 0 0
0 0 0 0 0 0 0 0 0 0
0 0 0 0 0 0 0 0 0 0
0 0 0 0 0 0 0 0 0 0
0 0 0 0 0 0 0 0 0 0
0 0 0 0 0 0 0 0 0 0
0 0 0 0 0 0 0 0 0 0
0 0 0 0 0 0 0 0 0 0
0 0 0 0 0 0 0 0 0 0
0 0 0 0 0 0 0 0 0 0
0 0 0 0 0 0 0 0 0 0
0 0 0 0 0 0 0 0 0 0
0 0 0 0 0 0 0 0 0 0
0 0 0 0 0 0 0 0 0 0
0 0 0 0 0 0 0 0 0 0
0 0 0 0 0 0 0 0 0 0
0 0 0 0 0 0 0 0 0 0
0 0 0 0 0 0 0 0 0 0
0 0 0 0 0 0 0 0 0 0
0 0 0 0 0 0 0 0 0 0
0 0 0 0 0 0 0 0 0 0
0 0 0 0 0 0 0 0 0 0
0 0 0 0 0 0 0 0 0 0
0 0 0 0 0 0 0 0 0 0
0 0 0 0 0 0 0 0 0 0
0 0 0 0 0 0 0 0 0 0
0 0 0 0 0 0 0 0 0 0
0 0 0 0 0 0 0 0 0 0
0 0 0 0 0 0 0 0 0 0
0 0 0 0 0 0 0 0 0 0
0 0 0 0 0 0 0 0 0 0
0 0 0 0 0 0 0 0 0 0
0 0 0 0 0 0 0 0 0 0
0 0 0 0 0 0 0 0 0 0
0 0 0 0 0 0 0 0 0 0
0 0 0 0 0 0 0 0 0 0
0 0 0 0 0 0 0 0 0 0
0 0 0 0 0 0 0 0 0 0
0 0 0 0 0 0 0 0 0 0
0 0 0 0 0 0 0 0 0 0
0 0 0 0 0 0 0 0 0 0
0 0 0 0 0 0 0 0 0 0
0 0 0 0 0 0 0 0 0 0
0 0 0 0 0 0 0 0 0 0
0 0 0 0 0 0 0 0 0 0
0 0 0 0 0 0 0 0 0 0
0 0 0 0 0 0 0 0 0 0
0 0 0 0 0 0 0 0 0 0
0 0 0 0 0 0 0 0 0 0
0 0 0 0 0 0 0 0 0 0
0 0 0 0 0 0 0 0 0 0
0 0 0 0 0 0 0 0 0 0
0 0 0 0 0 0 0 0 0 0
0 0 0 0 0 0 0 0 0 0
0 0 0 0 0 0 0 0 0 0
0 0 0 0 0 0 0 0 0 0
0 0 0 0 0 0 0 0 0 0
0 0 0 0 0 0 0 0 0 0
0 0 0 0 0 0 0 0 0 0
0 0 0 0 0 0 0 0 0 0
0 0 0 0 0 0 0 0 0 0
0 0 0 0 0 0 0 0 0 0
0 0 0 0 0 0 0 0 0 0
0 0 0 0 0 0 0 0 0 0
0 0 0 0 0 0 0 0 0 0
0 0 0 0 0 0 0 0 0 0
0 0 0 0 0 0 0 0 0 0
0 0 0 0 0 0 0 0 0 0
0 0 0 0 0 0 0 0 0 0
0 0 0 0 0 0 0 0 0 0
0 0 0 0 0 0 0 0 0 0
0 0 0 0 0 0 0 0 0 0
0 0 0 0 0 0 0 0 0 0
0 0 0 0 0 0 0 0 0 0
0 0 0 0 0 0 0 0 0 0
0 0 0 0 0 0 0 0 0 0
0 0 0 0 0 0 0 0 0 0
0 0 0 0 0 0 0 0 0 0
0 0 0 0 0 0 0 0 0 0
0 0 0 0 0 0 0 0 0 0
0 0 0 0 0 0 0 0 0 0
0 0 0 0 0 0 0 0 0 0
0 0 0 0 0 0 0 0 0 0
0 0 0 0 0 0 0 0 0 0
0 0 0 0 0 0 0 0 0 0
0 0 0 0 0 0 0 0 0 0
0 0 0 0 0 0 0 0 0 0
0 0 0 0 0 0 0 0 0 0
0 0 0 0 0 0 0 0 0 0
0 0 0 0 0 0 0 0 0 0
0 0 0 0 0 0 0 0 0 0
0 0 0 0 0 0 0 0 0 0
0 0 0 0 0 0 0 0 0 0
0 0 0 0 0 0 0 0 0 0
0 0 0 0 0 0 0 0 0 0
0 0 0 0 0 0 0 0 0 0
0 0 0 0 0 0 0 0 0 0
0 0 0 0 0 0 0 0 0 0
0 0 0 0 0 0 0 0 0 0
0 0 0 0 0 0 0 0 0 0
0 0 0 0 0 0 0 0 0 0
0 0 0 0 0 0 0 0 0 0
0 0 0 0 0 0 0 0 0 0
0 0 0 0 0 0 0 0 0 0
0 0 0 0 0 0 0 0 0 0
0 0 0 0 0 0 0 0 0 0
0 0 0 0 0 0 0 0 0 0
0 0 0 0 0 0 0 0 0 0
0 0 0 0 0 0 0 0 0 0
0 0 0 0 0 0 0 0 0 0
0 0 0 0 0 0 0 0 0 0
0 0 0 0 0 0 0 0 0 0
0 0 0 0 0 0 0 0 0 0
0 0 0 0 0 0 0 0 0 0
0 0 0 0 0 0 0 0 0 0
0 0 0 0 0 0 0 0 0 0
0 0 0 0 0 0 0 0 0 0
0 0 0 0 0 0 0 0 0 0
0 0 0 0 0 0 0 0 0 0
0 0 0 0 0 0 0 0 0 0
0 0 0 0 0 0 0 0 0 0
0 0 0 0 0 0 0 0 0 0
0 0 0 0 0 0 0 0 0 0
0 0 0 0 0 0 0 0 0 0
551380 874578 812661 545584 450139 245149 979021 791374 648933 679261
214269 699794 684961 743758 73016 268582 713145 193113 758733 326732
287361 193528 438627 896422 777829 267875 446651 796177 183767 898961
15546 534167 559136 503115 881164 445826 638959 305542 329626 427808
73401 908223 421456 313536 966793 397042 575348 126285 165847 155840
155775 331855 689396 575756 642359 448033 949381 663193 901916 311293
325335 26305 495239 620023 838353 198423 29888 843723 362842 211238
564575 4158 927839 276252 824241 474557 729528 668434 204085 275086
157385 521496 498378 861780 679028 161433 589762 696116 551293 149803
898860 596308 614646 217524 799754 9541 748138 295836 197947 466841
563437 298253 842705 38696 622646 227388 13539 810720 401057 2540
41510 432874 234437 566106 435629 382849 123328 915486 450812 441403
627203 147931 544532 353011 971720 324673 578731 403101 856408 147058
296026 686253 370576 189771 328509 134186 730051 308336 442651 10897
707872 684050 210205 976248 218261 565440 969699 527149 113026 157131
613004 62026 430421 332500 964600 221377 316354 733096 28447 389981
597626 891461 264089 764276 128991 655467 117437 134362 525227 226734
990462 944109 474097 916399 496131 752283 806146 732141 884663 582742
373458 619484 707112 415796 942192 463882 426338 501995 563037 416912
990948 798234 875787 641320 541191 885548 58069 34276 417847 649471
336378 920629 236368 136037 284482 427262 195065 483438 615532 329703
514729 401412 877439 861537 998567 57972 272650 105098 242477 449218
496772 708604 593846 18717 49458 857215 169819 918422 11692 533251
258919 379356 306608 398655 8395 608246 513762 418691 533012 484228
83749 792418 110738 488956 270929 455137 217705 470055 16280 458646
67307 97536 156648 959942 687792 530044 800824 878956 845328 94038
558469 480766 418766 694730 699882 276691 261838 519210 706358 417732
43112 89718 896616 614073 556577 193267 189612 995323 327916 681019
150220 294961 272286 904673 325929 422001 25869 537834 970267 247659
175407 470035 497628 269591 996370 420706 39758 715663 826682 386198
696294 757636 417409 32372 986235 20902 285523 820924 118387 495681
418984 998313 934370 647768 466720 230431 435759 455191 706276 962373
303402 698779 39693 454492 15524 974818 425448 685633 514902 995107
828847 53423 668585 98325 765 904786 7960 479088 892638 103577
563391 142170 18581 55042 932023 376443 756972 323377 133461 803618
785034 805346 575088 647776 390837 868851 600679 436670 486949 305680
39311 136564 933513 156887 397519 372343 581968 503439 937544 741781
936153 815757 285845 58791 676304 86424 13228 654172 381479 899549
728605 893360 415640 166955 452719 554675 694179 122641 910352 737627
729205 315961 583555 140021 849269 877240 35851 875366 549891 164025
939482 204995 721996 955008 172298 933778 245226 735423 348848 345501
56584 321314 174820 945419 356696 128312 745169 553430 288030 650463
715487 745481 843515 818337 27749 571659 568569 463126 617549 933259
953405 897304 829297 520567 407338 585561 749999 724463 782662 315693
911884 543552 361730 279999 50891 406026 92652 840719 30968 177433
626714 389577 830140 742441 130066 888377 502460 111393 834405 346373
460057 536250 388254 38893 196769 856455 998508 622607 115469 454121
104312 793193 721928 113751 5227 221384 86588 100929 999287 228111
3871 891021 8229 366510 596635 523200 8408 893029 675112 253444
629803 903593 572216 826668 264757 93729 920604 829480 401373 641753
671231 536707 163338 196507 909121 975862 388350 970762 110823 286668
121813 951022 272575 372683 938341 319709 306453 573716 57025 960580
135057 331225 282540 292271 84008 738867 89362 113463 958669 760465
920698 144044 502933 872707 993574 273266 319584 570032 548385 94140
316458 65867 517994 690157 887137 121032 367616 390623 598936 492416
831601 517035 393338 480721 226079 331775 604645 305634 237337 355352
714934 805633 777440 737918 164963 621680 239265 528898 762415 154904
334526 893302 461345 780727 32306 723101 537534 154555 1209 424737
270869 771026 912848 431940 120505 690880 185258 427724 368885 570213
193448 653568 361659 660870 405585 225008 972816 457646 949066 270646
285267 177335 851388 548113 31848 271144 758179 935467 619282 591540
718653 133101 500433 921430 500207 56976 735852 101315 956986 524744
483735 387539 333476 156109 62826 592576 620926 738736 649270 400098
311908 76144 369154 548499 248938 22350 980613 107010 4106 874142
789589 266049 251863 816741 109535 736620 246701 392769 823431 337568
599074 141881 805485 930695 703993 482217 977560 558529 397714 157687
728388 44898 32896 402144 224165 718797 644901 269953 776547 82547
495693 926665 406909 718981 381787 443404 29003 418589 2457 182845
882815 231034 189261 70473 316108 924142 16039 994259 993798 676953
310157 716761 507966 639994 172159 861728 649211 687937 271347 623274
21113 505883 176991 817092 420996 841222 603101 788179 295631 955083
119479 609837 363039 880895 359879 76478 598197 633815 428270 836602
422958 120359 908308 390184 982772 767801 661110 918553 496173 525728
132916 704487 206920 82914 932674 752364 602865 862752 220181 951717
48541 194567 17427 341103 901580 375371 571179 678222 978235 481585
197425 877660 929046 666430 871982 489198 579742 189158 961500 94789
300582 746860 560887 738992 564458 52874 76398 394614 882174 36985
847945 733916 357188 123962 416261 683255 309798 720874 807727 280638
790966 449371 683351 302266 485877 153168 528834 480671 903045 25189
730712 844831 680426 954893 714709 25697 740925 766153 477138 515527
520876 255330 957805 570470 321308 43887 224327 382880 528385 25116
444416 592018 242463 505819 60890 357674 80853 946625 190178 574988
427489 803590 532169 512068 266099 807499 204608 87172 787759 527652
536627 255715 301103 148839 230035 379628 267359 404998 541052 568250
28961 887890 937831 609110 856108 545742 689801 127154 457627 981890
691570 685745 39653 689492 790877 108655 567636 950521 476130 614577
780352 149886 8057 682864 474226 391994 462773 135831 37292 448446
575010 874408 140935 89240 38143 297968 287352 295178 599693 233310
810526 88281 263438 588027 767564 895029 342808 45095 632087 380147
177436 223776 360634 41440 968848 848847 408229 970059 732317 799246
615504 316552 808762 267934 948823 757534 200332 161035 988270 882157
297679 753259 468901 19767 852406 17393 925902 203780 208418 304384
25136 191407 894928 98350 189547 714020 85133 974601 337505 241806
210633 784936 665703 736840 186063 207154 529420 183701 994856 479696
418480 98838 430337 114038 463255 86815 24430 34970 267849 228029
240103 640012 310776 913298 344982 289548 224054 853021 993468 57389
513835 396937 788739 310880 269418 56030 746164 440958 534492 12171
25045 126710 307803 314735 414050 327117 5338 241226 27977 549985
921022 101657 549696 807446 738666 511691 980607 754660 595109 170794
302169 710506 657939 876622 369353 205705 893790 850235 349544 664883
252560 913747 50498 925676 55910 987920 153760 167674 797554 525909
239133 439402 248364 429701 883262 915036 105208 48552 460298 883900
69747 767755 175817 123227 895099 961701 238563 633778 910284 526925
912685 893981 691521 586528 833704 168749 890196 6255 143728 63477
194276 260746 652908 35985 807760 233033 304479 572005 361808 793393
224343 261815 525837 915768 81321 469146 660687 615286 362884 569259
69733 611003 917383 584352 702295 584194 797635 633177 483053 198993
793875 977700 145406 102804 129070 37791 945726 849670 788014 155020
352594 502208 404549 968719 474856 176038 985847 735166 228924 775953
771871 508271 18264 451522 681402 346356 249163 215351 547901 124537
281993 147768 400022 758584 584461 223891 7299 694758 807051 429368
278711 306942 163108 349805 946513 206029 967523 289904 780912 855040
382898 446500 829132 857000 27345 978476 367034 217546 963220 75054
635142 975211 945855 846479 701894 309514 513254 477492 110875 138064
576836 335146 193986 372775 107967 65434 513854 194789 691838 295818
473379 351929 629825 686077 799859 975520 896678 399881 274073 73209
443159 998158 889596 914696 592642 69093 597032 924170 137481 675121
681312 599049 471197 165451 610736 193101 165478 587473 290091 420628
532040 682163 490138 648238 385985 475752 37390 293386 477825 186168
793653 755101 662230 439616 174181 878381 639911 403873 441101 966717
629307 479334 807076 927686 863309 319101 834063 148049 860624 930304
650232 343394 125559 223661 932604 878808 911888 579690 785957 250382
790930 114537 892899 415900 670542 993476 454586 849512 189915 973079
982513 87304 195867 667099 556134 366470 23347 83191 421187 445784
319932 411384 361304 892720 323811 940241 225769 888785 36646 416749
878761 414666 765462 123205 934660 603671 25654 22846 620774 617047
606370 680626 896998 184359 479405 527017 496474 105096 42419 787531
238034 93867 334836 942171 767738 36509 36553 345185 973064 550841
678825 596044 457472 249172 983716 538746 246976 308794 905786 382803
393166 60105 594839 601817 244456 202990 272452 562859 623108 852107
801053 520949 638158 879278 148051 806624 897707 481789 945620 738513
932396 110076 779494 435884 560023 548607 312603 16409 895421 542107
403431 341101 947912 427873 917771 275581 787812 335958 314397 136532
460650 621052 486380 783445 196054 437862 192004 292120 805929 116164
946267 903304 567046 74167 766416 1027 418436 588409 337202 423820
789781 369812 722464 436968 872457 234644 314174 220961 353320 512145
195927 29279 746064 596423 92548 660597 737748 769834 181326 903278
172105 685884 163740 52180 444266 425922 279988 392299 827430 362141
186765 901747 998994 948161 166168 689002 505137 933103 582043 261884
588750 926178 532466 384698 709940 16869 738218 141713 664060 464532
97327 837240 486597 862699 534944 691523 768874 120739 109848 582544
882429 445409 770294 227029 413703 896824 23084 505591 6586 413344
93205 85936 342686 895968 828051 814932 893415 113040 700789 107025
185623 510780 844725 435076 766325 160912 735921 489370 965540 29749
945934 271755 436397 425016 94095 415991 299147 772294 591170 778731
313760 967245 537908 262154 901813 495012 641633 121946 798473 164679
859920 364325 35919 430979 613876 369446 268354 277372 273045 272728
272235 979265 979088 481741 620588 594103 339647 665387 58002 109089
188504 970648 480081 852231 428264 160547 212587 636421 277993 432679
162408 828773 581915 768879 655253 104675 554047 280614 870506 190674
295735 66750 744655 821565 852716 615084 131501 632725 838821 77055
841150 784822 748816 509051 402878 796525 64069 741978 966501 245595
534927 657059 794027 359809 914174 496106 806429 365406 589089 653127
538293 321498 477396 911054 167809 359673 161479 315349 587069 140120
183128 898336 860573 536192 430668 417363 976611 664516 697219 122221
769414 578035 659861 402005 792930 326980 850950 314693 701390 475346
748775 887113 677509 705292 104583 719660 22320 897587 371899 569823
711959 374501 213470 899236 820926 236949 689723 971801 708524 405994
467665 90723 622428 948872 298155 20643 665702 889041 991286 786649
643311 674448 600906 432231 596614 699903 632959 574520 177401 899097
223723 861899 179878 229351 395106 743375 242822 541187 929783 869713
520110 114658 957856 111467 257024 468739 418688 855862 932691 825202
229955 937280 7540 783904 626591 809416 99512 430534 455586 686302
543410 598283 65981 535377 196760 223960 628372 181820 340766 974112
873000 541816 790403 340138 233918 134134 483020 402354 840877 633859
755272 129420 560001 123137 778711 742702 333604 863008 791201 292250
663870 864339 115102 231316 961658 823266 826639 922691 461492 353142
374019 692483 192082 597373 505614 200173 687873 204985 846495 967106
918637 475190 766304 382671 472638 448435 311626 286117 136655 554821
855130 223473 334498 864749 232579 205874 159065 706032 376184 791006
675284 712092 902566 466804 190822 812387 632086 454301 727129 573915
154868 749498 124187 762332 224919 851027 509633 423834 572416 355377
613368 418166 730841 385916 779009 629307 299340 453448 676419 937318
85987 727859 856916 309856 707682 827655 152118 334880 961101 103110
673601 88662 863997 913808 904226 876235 25588 87692 320030 83500
780341 710244 269577 646928 135403 350461 756243 527016 431273 988868
653099 398312 795181 373363 59687 342440 562346 545853 503857 422411
410226 940931 303425 814379 317093 420291 31957 695772 732452 396469
422017 521258 650945 144437 700315 874514 261224 534538 512162 841637
657132 373999 21014 359657 278315 100188 683937 441382 746051 673491
79444 412150 286667 399974 828169 772384 350983 127436 523586 138212
996238 646125 564503 590922 889651 924285 841313 16781 72063 787327
354800 938139 67012 383677 94705 992261 787673 300788 106602 622666
989106 45351 337179 2161 307908 291161 973773 78392 278208 34447
287636 446599 759603 808630 734877 944892 501655 468187 608396 727012
12833 240980 360429 516170 45001 237383 55719 283866 548254 383087
80713 258216 578527 615867 756528 803319 735124 325782 710664 80402
90851 77318 232606 18833 870733 577016 524950 900231 697206 415989
740226 435358 373266 547590 951563 955022 287583 738275 330156 880019
620936 310874 172318 820948 794531 641844 415815 444589 727200 476309
537516 233204 689516 474678 589168 217920 950310 875452 506777 328995
835777 824855 696873 263514 424441 289406 649769 193717 362624 12628
76210 282605 651195 962362 45944 746503 210762 409289 676781 261623
871440 9262 559531 932100 507369 420061 829225 158641 743747 715312
657839 820841 458432 965148 740362 435841 564059 369442 199641 939767
376233 491175 795251 679420 151676 413210 843799 106040 881467 920673
28213 880655 299582 607089 342117 980457 677653 345301 183561 513223
321869 926244 979886 133942 346519 24189 562568 199607 827851 282651
771142 596787 967654 993452 986544 340635 90709 515786 878763 385780
1 821466 707436 709848 458398 485192 655077 450088 68912 693492 119331 1 595291 627737 424043 202592 638924 93912 591540 737219 35210 716342 1 885122 278168 101848 756453 597780 669787 591989 813186 249582 932254 1 512026 794234 180796 536755 868453 935421 681417 116330 7684 922181 1 60425 180180 675900 713207 626138 936745 212578 26444 40327 636070 1 944060 108233 922044 267711 310669 54729 269438 978116 547643 662659 1 873066 759675 809390 798547 810562 423371 901784 34229 772615 623207 1 935467 122394 192468 57974 661765 254600 394937 884642 51933 877160 1 621383 963181 6251 268991 392497 381703 489454 887113 545237 264979 1
1 961832 650429 444669 392303 246494 584004 839963 187670 777661 473358 1 514606 943899 520901 937077 564518 888075 529337 652261 187358 353632 1 513957 267356 686354 51754 194171 54256 905502 734251 902594 437060 1 98933 652025 292344 352275 730992 615586 371179 497576 322301 940886 1 880346 9425 61871 621657 631435 902616 258055 893272 389653 57970 1 452289 649129 869291 818522 603087 290196 721402 133677 908192 130217 1 238856 952158 739847 327287 832802 601419 255551 201135 414811 727870 1 624334 302761 510786 891929 767218 527772 351433 169197 27240 942421 1 539347 790695 937750 131263 116028 91514 464353 93030 299721 908815 1
1 292575 923812 485028 41872 525999 86016 491839 500837 147415 258652 1 434829 953960 807700 330494 478201 512129 82879 583321 95138 693022 1 24990 270265 942703 927096 806247 135301 859549 139461 99626 292418 1 686267 797869 974605 214689 563656 681284 377537 701761 743226 830844 1 795029 820507 17230 235857 692654 830318 514572 370010 469117 507119 1 538692 477834 767239 979005 281231 27264 427440 341836 902912 335859 1 448194 712623 488225 730334 192886 929612 733741 723402 34035 865904 1 233765 264910 145397 369399 937377 750183 857495 42437 106883 943574 1 939670 52480 103907 673324 565620 606874 90995 603422 123455 945906 1
1 644631 610453 995571 859519 877535 568296 692980 835677 688347 913277 1 482114 406818 409515 694909 290314 976865 109460 540649 625060 928596 1 251754 293274 451229 959461 51015 816370 803923 375327 990485 333180 1 68026 616542 920202 441971 802274 839250 662467 532094 56612 24474 1 937847 293223 139517 874388 714271 853639 912770 490900 951991 652174 1 737906 540212 608958 848452 610710 873295 392098 522553 823306 125496 1 154337 990679 767534 704736 389158 152188 476475 807352 225384 886998 1 618959 278379 722756 176541 87371 184026 816987 150324 6679 605553 1 651402 200042 691655 384285 679446 18405 162990 891357 996293 832613 1
1 827966 23096 667319 717442 633052 798586 48998 780465 702014 784780 1 595830 371387 792726 430706 17230 629469 555818 824324 796468 617717 1 378063 512860 110962 384702 205031 808344 39917 896970 367502 688027 1 455154 979919 835410 412362 849354 408369 60234 343837 833352 558389 1 717016 435845 170483 377604 241033 838662 748977 527201 220999 847732 1 915888 632611 292552 72434 524547 288573 857315 956971 449992 618638 1 347117 253163 271548 800964 338798 475801 68489 453522 15849 213942 1 268349 639700 533625 78460 991363 525521 496798 748209 26045 902883 1 170664 447917 683656 661025 574501 700000 481814 625521 904850 15886 1
1 317037 258661 914207 377823 133112 131536 113592 518167 50547 503890 1 798196 536311 808455 137929 568784 134593 842524 124041 106035 229008 1 325163 803787 396452 523191 565285 999507 355167 751130 318709 588683 1 213233 444255 283320 499822 975954 266471 106053 11939 575046 160879 1 13111 969744 193149 709357 171186 630610 110516 843782 364318 366307 1 639072 147185 941607 753622 494904 265623 421522 627486 518362 949229 1 397111 557862 130664 794055 677148 351944 304178 872190 807434 991943 1 711413 487974 510032 433837 979520 755596 100028 3951 390884 748295 1 12414 349807 278132 163299 314032 680898 694676 43804 963347 826156 1
1 907289 871656 330982 72464 807558 353398 508072 707203 228612 447703 1 212385 413864 66453 766810 433186 913841 403502 886783 472765 515533 1 325556 355966 280070 917426 977304 187322 98678 778796 203267 711514 1 540532 541846 833902 16502 867556 26341 683406 838750 386541 489081 1 7607 891273 744700 301325 415951 261013 542223 956774 920391 245976 1 142614 801759 638091 566597 680866 568934 924737 93961 434703 839514 1 333829 635172 564956 514582 126336 853293 641474 819603 163566 285897 1 155126 965688 581667 115916 674053 407544 772001 110246 960421 166741 1 411991 626570 978944 461432 33089 371293 853744 65811 316440 169528 1
1 725140 103675 991574 87741 618819 529382 703492 494058 959998 965422 1 172778 868524 25449 666167 201090 693130 572293 960237 467096 648998 1 36274 566353 31979 34701 395416 793591 552680 623815 303040 621947 1 603515 421304 95752 739248 141659 515034 286288 56400 728382 373421 1 926746 3519 294096 864672 117813 128666 652294 820019 309461 332616 1 332549 518521 508072 15379 343500 539812 520649 737618 257867 402051 1 611252 67454 90520 258558 135252 432152 312537 444048 964520 491138 1 361760 893596 328232 44654 462618 102011 762279 156493 939859 370647 1 322330 355962 854066 214049 609944 821438 285288 772962 604347 969734 1
1 726441 936192 980739 565556 94244 35036 741757 186321 696159 830806 1 691610 77091 790623 96945 195830 98003 735121 331323 959654 18606 1 579368 857318 691835 251067 850436 662039 357881 879060 197604 948247 1 296682 728009 731925 622388 112452 267931 596490 5278 917376 739879 1 116290 666653 616657 588263 521073 391130 380418 383850 990686 156210 1 578430 232578 593653 218739 911222 783251 659788 644690 853122 249868 1 549264 591407 891643 402897 494027 514370 679717 19961 190344 260130 1 655109 103811 74665 810873 186986 738020 484896 104200 747073 375980 1 58349 772543 783726 286202 778142 451577 108354 591883 141782 70677 1
1 980144 682237 312139 413806 52995 194883 145356 176190 289914 71899 1 547141 385485 843876 317496 302557 430372 639632 700560 179273 327908 1 408657 44210 959494 514135 495131 979980 22486 837063 715793 853551 1 56329 753064 636270 932196 553766 480210 700298 655696 369999 435049 1 912387 31657 546633 98627 843759 722048 261547 753904 696044 960850 1 429464 471651 717518 14664 370798 315519 415111 534982 445538 255773 1 353810 102286 74968 327417 280582 20900 381060 625944 484061 284106 1 256364 332878 639336 444252 421328 96392 396469 47505 12750 843512 1 499621 963990 109256 679137 732834 922634 338677 903208 472524 196880 1
1 310938 155481 877529 806090 881189 169018 61066 873091 457925 801615 1 569385 752393 727678 997932 756985 507654 949850 28441 635230 135294 1 368039 576198 156726 334032 586198 130170 618701 214784 868048 770616 1 213066 682753 206645 612954 815710 84550 364763 815939 365320 538047 1 784756 293577 63428 333463 238267 228325 270091 87031 681758 206007 1 339846 426132 142708 267969 191417 565724 801010 249319 412644 976407 1 999931 719053 151598 696599 647092 566663 722559 167733 925498 380701 1 723604 711002 616877 19046 867851 832605 110925 405888 637828 53167 1 892341 778311 215810 436635 703091 507276 219696 518493 507011 970073 1
1 1998 60190 717890 232624 375150 52522 38980 790327 108195 568218 1 818211 384317 195296 35604 658747 909919 940624 793965 296611 948496 1 18638 167561 377161 124476 214787 852588 443220 447296 333302 363700 1 195752 273195 803334 127112 78323 279214 940115 213312 621596 668564 1 814416 62721 746923 814933 15819 759411 237077 168561 878490 569753 1 98676 238477 541691 820340 290167 250278 865083 222381 921557 504032 1 912135 603324 900165 863751 722074 586088 107757 573293 651702 144297 1 819335 380427 545817 708800 883060 819730 770378 498176 191233 807806 1 979419 434033 876307 245981 217466 210585 37279 732097 658630 345129 1
1 422419 629673 886419 671661 249691 165 92810 938020 713362 462241 1 917401 887907 3689 233540 340246 288511 447627 112400 707775 854990 1 650294 628445 819202 627066 135087 392169 252324 963523 957754 8340 1 260780 217821 491749 517548 253390 234962 548051 880798 281228 569886 1 181197 811720 344536 874630 288458 883892 226742 863279 78229 918900 1 338488 790830 982168 136968 41586 978481 86101 831894 815640 844537 1 863933 719207 583670 987060 273834 521831 293051 941212 13186 554418 1 345624 276467 165740 546741 587567 808588 492240 127442 401376 520434 1 451271 986354 293070 618054 823567 893871 766658 530211 15481 524230 1
1 429066 807745 342439 376049 772716 269933 145943 745290 60793 789707 1 681602 497591 856111 90577 748993 111745 303006 736273 216678 159989 1 73153 509692 292920 77169 277902 950549 437408 949130 188598 151082 1 99065 799563 878678 87598 621827 986468 897619 822772 483348 127597 1 744751 133126 793290 911234 476577 508429 403930 947272 397983 310675 1 49993 20281 784506 652496 836169 934282 615780 902269 791288 676819 1 243990 313256 225069 202437 913997 818638 781764 181131 17799 283043 1 995730 821184 505552 440722 746284 279300 871233 10502 86008 485355 1 837733 257662 645910 651734 885509 271364 164865 690095 435570 217849 1
1 178266 200814 713336 544716 99023 907991 886635 726469 632863 7582 1 290454 263713 453756 764827 966827 780409 597652 460859 547126 589153 1 244235 512522 745186 297635 692236 616944 688304 862543 470187 280253 1 540824 890070 263572 527743 503822 347175 552176 872413 413147 577218 1 226530 189368 857628 160317 381103 261947 170969 630105 696411 448038 1 788857 17181 904287 868464 656532 845300 648997 45294 477155 988187 1 985085 246358 18302 625456 590929 605025 556898 75963 598780 672526 1 545899 599915 227944 64189 890732 753645 609378 363308 664259 170769 1 451970 167786 215202 906798 455038 973287 954576 542202 705896 414485 1
1 79555 212716 613109 35820 199559 172634 108310 85207 90746 372604 1 435648 80900 825941 616979 490509 241391 241281 388002 639855 977522 1 321499 40648 364958 535832 305138 606616 751527 614652 386861 708362 1 858675 356329 945259 95349 409315 174943 532027 481449 289720 381411 1 852709 271482 585706 701272 838749 141871 491154 546815 494960 284458 1 371301 727997 874676 165608 325460 510569 692055 775958 746194 649535 1 950898 157112 510556 967099 595722 22178 912598 512387 429394 682258 1 882114 418935 411392 574089 660845 227658 154216 580650 750867 394573 1 359881 519273 645898 887194 295310 393922 394551 532384 858986 949481 1
1 222091 621199 571006 814734 340465 819121 850602 930145 328476 99130 1 27674 39764 718516 558250 285913 115620 113182 334493 530509 975567 1 705868 943727 500218 132850 872709 96074 228012 330853 451233 189406 1 624799 400926 795623 473539 515116 117045 907793 913635 551439 26878 1 831919 958578 248149 880382 633477 173166 694566 808406 50540 224594 1 617302 788479 452672 40297 959686 374811 78859 986042 764899 44404 1 243372 896827 546341 169348 795722 140384 360582 634749 874672 943861 1 609632 205656 214923 94936 697200 618829 481093 963989 940619 272764 1 965144 58204 189486 663286 618438 297590 287950 312140 266754 720402 1
1 230161 760865 420389 87721 2788 86973 405834 795322 42922 297135 1 431390 324223 538462 866023 71397 935017 311802 934711 624658 52586 1 22554 1250 284912 938822 775264 231907 128450 969710 99977 255826 1 566704 362721 86729 258139 763900 464238 806371 682230 910201 359538 1 170615 924884 842782 695701 747976 9014 635039 369270 977950 616227 1 900952 594993 318237 545635 252726 4399 359042 429929 291439 434377 1 470038 752811 194630 266605 692389 694518 462959 920358 617521 788562 1 996331 641677 571016 391647 606442 482049 575162 95369 636660 353563 1 104882 61439 191977 237711 3470 445323 762255 555118 34653 148571 1
1 699288 616508 376524 337040 158878 141851 973626 508539 797123 991947 1 581935 921434 769770 82404 198407 769519 602256 853186 595096 262321 1 413109 670463 657243 663858 167743 347739 340553 938921 119299 67644 1 876417 688219 562621 560461 370368 187072 383926 307330 621771 79774 1 669712 341540 153976 760261 491364 179986 759264 988288 935600 47374 1 37255 20987 922916 881458 292925 818461 723944 986954 891332 198647 1 700140 323962 899474 854923 223632 468978 47446 869761 941964 457408 1 88124 446627 715030 936804 57869 551412 945467 651963 451281 147092 1 415266 771769 331078 741179 228884 159389 787219 312973 306093 219287 1
1 455953 870156 885014 621178 161086 70571 142903 54677 884929 606005 1 297639 60301 103353 642406 761918 211959 536866 517577 393630 205355 1 120630 83313 769037 30515 627727 179903 972310 742938 506082 343739 1 256839 817225 154724 165751 558931 433762 693096 117422 249698 208408 1 223870 101676 932628 158361 926184 642074 762094 266350 544766 342356 1 601646 200180 148931 781169 574129 418605 148948 792515 985995 301297 1 545964 35797 65359 808411 252212 75378 515547 588631 928400 877356 1 692766 318699 516020 248045 608587 490039 925499 776147 126790 199544 1 317034 778482 750681 900903 984834 354677 765625 85046 585804 674386 1
1 502606 837810 275261 455533 216727 156621 567827 949491 949581 631378 1 725139 576736 687660 68898 411676 851285 611739 133418 269931 283473 1 535372 38102 931514 775340 19879 208021 730167 727591 921938 629617 1 245097 242595 690590 793517 293375 845104 546128 986092 609193 130023 1 568083 229544 259096 564525 466215 77889 932552 257357 663277 593308 1 458466 551420 523154 381823 26718 992312 888851 742930 32412 731750 1 536694 435632 452167 757402 630694 597505 488045 145862 784444 549213 1 273918 914365 842796 361057 317411 82165 705151 479602 131270 332629 1 318459 506623 957176 678893 708338 67092 463658 852723 642810 572747 1
1 229066 985825 146554 739799 188652 819316 587663 581041 950696 834822 1 79797 103098 980143 940204 904704 587526 62507 869768 165568 796253 1 957750 174014 601629 827169 158367 619165 531069 418432 515443 403567 1 725256 325324 495929 619593 388487 866606 505333 488243 965458 566114 1 354202 752547 701276 16383 120888 656570 445999 331184 820288 437175 1 10645 796856 377679 978770 987710 521022 207682 814981 372855 318448 1 113191 740373 265141 764512 160469 606693 868353 166165 58684 832943 1 738761 258816 765885 218810 163200 36276 335614 285665 165053 398962 1 394084 410321 649566 303404 693353 102067 56100 327828 657183 909173 1
1 416659 170942 93697 383078 421853 372122 463850 129697 259973 789679 1 435011 191489 562797 975022 374043 154310 281187 325538 424228 394341 1 424547 343439 78684 80985 249469 523323 829812 300629 631617 707874 1 269578 277324 229963 375101 762910 980555 350472 557956 743848 682962 1 748661 6449 804409 784128 290523 925473 786074 528931 385207 362610 1 727759 148357 943523 577154 766099 852736 183163 112991 143088 933308 1 119441 503183 492120 214942 45650 222177 510894 225767 276349 601864 1 577334 309023 351622 811383 490598 647854 282034 473298 590456 528493 1 612313 18705 606814 541837 541758 406087 661131 827155 341848 696837 1
1 328278 629157 743024 863834 90229 19085 53174 614665 841505 727724 1 824643 525135 893690 123686 122865 303798 930478 159412 513027 337512 1 748995 271506 446180 269018 446056 630289 141409 720552 955184 326899 1 857178 603482 932375 845888 595226 785846 386619 155364 981904 592348 1 664040 660757 231997 113902 405187 116171 966139 88265 583482 568139 1 659188 192759 823455 506238 884292 591594 756533 865335 538359 809729 1 214117 252449 525385 697991 682250 878281 746377 840665 706146 224202 1 49348 445629 2491 763678 595554 934701 907785 47447 39615 492350 1 641714 862632 645473 225614 237900 587282 953069 812656 398745 703049 1
1 54947 119638 710491 470370 743528 734130 548881 84661 567199 741453 1 714332 756928 441214 236344 321115 127552 697723 518046 823166 412535 1 369348 731682 174391 576479 452753 709250 513013 330177 523167 302001 1 847670 254622 496070 922120 726287 488764 614151 293690 597262 808031 1 69107 319555 599175 554593 248733 70305 543365 490200 180035 692777 1 703424 221528 617712 150377 203869 369731 916082 448116 224821 465632 1 96603 969430 860368 964386 60503 890723 288223 211583 352106 362722 1 767630 862270 746442 724500 525869 941472 587628 609303 598047 630793 1 935709 310173 192635 75252 464163 402997 559240 839147 254607 535806 1
1 507860 706273 301177 61780 20698 818373 873981 675783 176652 610269 1 408833 452384 220363 409992 661256 418583 999753 972767 863927 210723 1 224623 872697 590117 565493 681618 54743 868728 151551 246708 623824 1 781625 430476 353964 125623 377762 393227 162824 319281 701283 10702 1 760705 793048 593683 19074 384557 26297 843784 595635 535126 267652 1 389392 386166 86495 707201 727335 316958 305390 59504 741815 361038 1 90278 610495 839238 547044 231753 650256 720767 720791 346156 955919 1 523007 311231 420323 682925 490725 241277 708498 990995 368406 69641 1 704528 223029 725825 22528 741354 166033 699128 160812 670492 678343 1
1 693747 282652 738031 184158 42012 824993 120511 428680 161394 617734 1 459849 679679 502544 821462 473368 400909 352359 693488 246076 699049 1 340225 621974 327072 819110 289205 217836 366254 915960 916118 300221 1 823043 798635 587454 116479 455714 78793 858375 39856 750971 334372 1 330106 714987 94998 131184 513601 118549 392627 262472 66466 220357 1 407877 117970 799083 588765 779566 846531 94435 855380 257230 97730 1 733722 348384 140200 703165 550975 822659 304893 4188 196573 423707 1 4356 91322 525930 20237 90108 109869 812874 594750 549545 333608 1 271102 119769 657246 123887 460068 337626 211419 830864 533958 477723 1
1 360245 175759 806624 447793 454494 368377 914223 151365 642527 801058 1 688004 782507 88491 682888 422833 596973 720486 806604 123409 452768 1 725762 758112 815778 887390 349735 288531 283670 988122 207608 309297 1 520177 71630 674881 271324 820370 863040 592181 109838 670897 417002 1 183494 741272 948440 796958 937623 164358 615269 991049 794877 199922 1 930172 899887 696116 942308 656788 249140 839884 382134 752114 526860 1 276823 466873 739101 364818 552454 514007 345188 633841 281376 549139 1 197073 250612 28166 308481 875575 610159 553155 212960 655027 788544 1 795589 720054 970808 159566 191475 143585 745464 487569 621874 83069 1
1 742105 513023 50461 343613 431494 985643 925427 726323 413152 242753 1 948821 766195 836451 134034 995004 488171 853465 311816 792513 148294 1 939954 256614 779253 838024 575316 102157 832846 243623 396355 826390 1 805154 11088 526064 349912 909858 461813 714378 58284 703953 445461 1 139237 870866 478424 408400 479813 156264 771808 636317 953157 797054 1 383096 3664 60719 94525 373142 961216 951005 102609 365221 12660 1 862009 957853 856221 465614 704346 723490 876474 765686 913845 562129 1 998770 841482 842967 801911 841715 182160 808788 220664 127811 700751 1 84735 529173 703260 302011 542425 677969 569056 1785 42802 63784 1
1 737120 780766 94233 806169 211312 273182 311622 628782 285101 466695 1 200661 274956 190566 865879 906121 785040 676307 30621 173385 444437 1 83271 110509 477760 150882 542179 372985 346893 875060 453427 650249 1 997627 124343 104714 451883 867943 769400 663572 691875 347133 445436 1 223248 563142 540334 700962 202083 329377 631110 278189 905696 404216 1 62739 287429 325009 126222 714300 348654 538914 497305 209925 612773 1 745788 96853 518305 549350 919014 294469 927001 879342 958828 698330 1 61772 215737 716866 740678 642825 701752 470292 953830 928134 427185 1 264128 95672 591878 157618 530190 790703 46358 696035 988872 655199 1
1 34583 366982 57752 583332 126687 43122 67567 652151 248556 850090 1 505864 551876 736931 754393 575274 553289 945196 285487 529329 764580 1 647696 439762 405405 322470 190995 273307 313111 595021 135195 524689 1 123953 4755 510654 566692 128671 719981 469311 280543 93778 879377 1 392469 786031 73668 261794 888986 253743 90024 356992 310352 791093 1 244000 155533 399748 727153 679440 205967 201467 953793 269168 26662 1 496366 96663 170748 146215 568880 567942 151777 296526 281463 949660 1 989447 463620 638322 695285 538039 44995 700331 633238 933155 64675 1 341425 13560 846681 783053 432042 888768 578083 702783 106579 87127 1
1 322041 308992 467758 47824 266071 215253 7456 636227 922005 449812 1 59946 568610 267646 443457 969880 276470 668361 288598 879906 560414 1 279714 697872 911719 266234 259587 407045 877779 208231 532325 575125 1 660906 856369 796258 993459 270419 42417 999857 789401 102330 994106 1 142652 930511 248951 19305 250544 599482 696096 174860 160083 174198 1 146229 764312 436869 423359 488907 5719 818559 485931 533531 37558 1 495291 747114 449849 38456 50938 349352 347493 531628 158082 193679 1 643684 880318 671242 153590 34308 872714 537168 846328 9108 694786 1 897386 569734 168153 889152 10910 880327 551006 556930 314192 317432 1
1 46452 81230 399889 493035 854622 200536 607455 952687 675749 592324 1 102098 973047 540426 168763 870059 538469 233237 985098 414367 790476 1 324671 286291 571895 854933 180913 785312 977100 380271 115302 144743 1 298383 68188 102942 310719 324289 956970 500546 43907 856566 378593 1 686252 364907 603300 796230 101158 945874 235899 327941 205842 951405 1 939189 205881 790103 298534 555523 570556 938627 421800 670141 120194 1 753536 344597 317749 234859 672162 202618 778336 817813 812783 588865 1 30393 333144 69293 542836 894320 934751 211724 137710 342423 434350 1 870885 898684 205808 486084 40041 828320 236298 897116 718166 338782 1
1 516292 481635 721166 260855 954492 812479 113598 445592 840853 236490 1 435322 53139 34041 19519 330253 369823 999059 349602 915073 949765 1 616588 658822 574266 761862 181114 849991 811451 914088 847428 563403 1 963408 962360 93060 97588 284169 564023 939029 580318 812140 184998 1 756737 443911 461366 652244 816468 83406 46221 17671 185088 94775 1 646951 97303 908117 232704 665214 99931 3386 94869 452952 980597 1 668804 147672 616679 387082 723003 945590 778651 362398 648855 410643 1 240158 805033 764754 807066 62298 537908 916161 43861 687227 692819 1 659001 353965 93482 305374 735477 897571 711697 15805 121098 417345 1
1 129345 712654 140485 200207 437309 962980 512300 704880 149768 816338 1 583377 282644 703437 836003 978648 815417 762588 778436 927971 65210 1 635628 452313 945695 615030 866940 297571 671410 801298 747755 72411 1 100849 554440 981620 713278 42517 142165 487118 779996 316837 748635 1 483345 560923 602121 301741 595628 329520 775347 39685 721780 9660 1 377958 948881 320399 388795 29421 629644 64300 378982 266739 600841 1 579791 140038 926094 298356 600065 840049 469856 339059 76972 132799 1 920241 30410 683174 708321 329710 388395 882380 721488 256350 49881 1 233183 270996 502879 969607 823361 88165 514856 176004 325587 234266 1
1 280443 404592 294118 625590 70273 615440 904144 604884 736504 718429 1 592913 216853 901138 848092 842938 800811 93292 174010 409405 747284 1 806188 413623 143024 825436 915449 187533 111407 26796 237921 507005 1 672518 578908 468950 100651 240658 963029 116129 85528 76579 890114 1 90714 398027 86208 557660 543901 858538 107040 145363 510621 136836 1 277603 909475 108197 785554 217844 168597 858953 433371 849872 589852 1 48152 699367 990683 952703 56929 392608 31595 358864 758702 806590 1 86013 915067 712356 613423 311303 410068 551174 555001 104537 837662 1 670940 380783 680580 398756 925437 740662 402234 734601 691889 561076 1
1 703531 849981 852993 282106 655702 744715 409826 834734 778403 34344 1 438212 502456 68442 438120 609832 499955 68567 698672 736388 678474 1 952320 410231 671185 783150 619500 427321 596130 39888 521873 681854 1 134811 623478 360683 739515 853614 43222 196754 719788 500191 50477 1 525834 957722 760487 943347 920744 567465 395083 35852 386224 944680 1 134833 447079 636490 433916 461826 52027 252294 967541 634157 579157 1 440250 483711 250250 433399 72458 744376 701784 674952 923642 774048 1 214845 763581 35252 867608 458594 424534 51420 181359 992498 364693 1 975012 17810 317132 862140 946983 468159 819183 58257 701520 199408 1
1 769415 251280 733208 91277 918089 680639 348237 420605 181941 663919 1 514331 174378 856029 339820 254049 802150 875447 293967 81807 752365 1 249293 724669 188012 898641 593097 592547 331242 841234 816880 725756 1 338150 649680 395143 817157 911297 500381 72682 772452 90071 988217 1 799684 375883 921895 379190 210889 190560 719635 759175 810367 584840 1 686042 103559 695132 476736 115087 307775 756082 93461 765960 973709 1 586239 206204 62176 842963 13511 646882 69879 637545 929961 76559 1 867263 140534 775245 605632 709752 833068 836241 137352 137652 462212 1 532315 262823 52862 207954 155023 186250 356540 663962 837946 111489 1
1 919131 115516 682816 275207 469619 765313 718051 239761 882226 555152 1 541724 525819 187019 690287 418055 154582 944238 142889 809742 188985 1 162092 486708 694442 550082 795561 829151 461558 768272 607405 648383 1 419829 817496 810087 571013 160093 161101 157454 844817 939539 188097 1 191646 769701 265826 662414 363484 664618 266942 433273 688187 907999 1 488315 799174 476743 242270 709932 118454 224518 854977 419528 646633 1 409314 817939 820150 514844 475156 423596 895154 962523 844455 911494 1 541950 834377 455078 938752 702872 435045 719273 374410 834353 321469 1 179637 461915 247459 494376 964643 963841 753699 176447 655858 962152 1
1 968617 31585 95360 72840 324580 71662 995409 231238 673011 264251 1 346000 525301 672869 719678 535101 420651 179246 599948 883943 960447 1 768415 304336 841982 311756 823676 809410 499944 526916 867718 880829 1 789144 625955 244764 493748 403605 575280 889874 365574 745055 205501 1 494885 137942 867285 426401 812536 263659 241358 409864 400588 942123 1 959293 317810 121923 570488 893717 305554 125815 511410 956710 860818 1 706524 836227 634907 804163 503447 402151 320465 752651 609024 271543 1 969239 334777 238594 712074 840391 608869 260002 51741 697984 727864 1 505003 134240 392381 261920 552427 330236 583273 463151 208645 174539 1
1 501833 512328 825969 453558 482519 658862 717906 892179 171916 668446 1 855256 994115 756998 631143 825192 492845 334245 807038 286200 728633 1 121593 547216 766755 217700 764924 447164 863562 790731 335814 818113 1 339089 217146 427135 493393 320751 406737 839951 38391 704269 749919 1 193341 246398 44388 869040 612280 679492 674217 125962 156059 66070 1 721166 549226 984891 444677 555193 226066 652548 81217 953503 467009 1 233604 365928 336634 54497 282080 799965 266659 153967 417979 811341 1 127127 666419 509644 772796 125493 365041 163739 695599 728421 491384 1 476923 742942 959554 842745 734293 39665 557906 993362 115292 105349 1
1 903967 678802 432263 791771 804630 193911 922101 348408 963803 43615 1 337837 153256 749692 795965 887246 845531 351009 187215 682500 899073 1 578358 457645 186966 990982 892046 289026 621348 432011 166759 750448 1 953863 979252 192445 946452 949980 337920 9635 158652 864393 667295 1 468896 610148 971378 581461 932492 480624 634787 478501 310887 316067 1 544164 441920 889786 488041 752950 951640 984106 108312 578694 51379 1 527065 188279 198646 537162 717819 305782 110540 806328 255989 630085 1 896180 517786 574979 458460 393447 311526 743375 758553 860111 101437 1 303112 575182 530044 461790 716945 782578 742878 544245 501672 92195 1
1 961833 967901 268476 321979 415385 767457 269708 324530 617986 529501 1 752785 280860 471669 781551 473092 221639 631456 318877 387476 670055 1 414413 259783 97514 788376 361774 641817 542486 426503 68477 340573 1 629255 739798 147123 198999 738440 240458 539194 633511 556726 22935 1 332507 500162 692005 790784 60603 641080 462602 309780 997334 522951 1 125147 85825 388403 905505 284079 101819 960463 764255 246078 39060 1 122895 641059 965268 512929 865628 149390 910130 923685 362584 619666 1 74422 191331 999144 749315 122094 576943 502688 548522 727398 426419 1 283380 443524 963236 997002 161784 261755 269209 483045 856371 678968 1
1 55961 370098 535883 296536 725267 6338 679994 535192 195398 258226 1 759317 21778 242752 397513 268801 486095 329830 268082 211558 872649 1 637645 532945 510149 69578 911820 288225 584166 765577 254553 481088 1 78725 17721 36411 430323 529722 207681 835086 676023 944037 698160 1 194820 430879 20654 365263 936170 359407 349754 944088 503247 576419 1 209429 798474 958331 562288 639482 327405 618239 625331 706112 294783 1 655438 28740 438360 287632 629551 608066 48059 781443 706203 978963 1 639404 890763 426238 903823 968969 371675 500633 389285 574100 339706 1 587466 812654 31099 161908 252321 506535 966804 808258 450652 171703 1
1 987945 583600 323225 508975 898389 261735 262716 763247 374352 98811 1 639631 500612 435244 120245 548558 601094 128178 214246 441020 309055 1 669676 935005 827202 215429 722977 416970 357728 415980 463599 65475 1 390338 163672 807360 25358 283276 282594 947910 335102 265664 233384 1 532717 564192 430224 991229 330581 414547 696390 658029 446763 659148 1 494526 499594 685168 387852 678568 91324 798157 857616 273745 960848 1 744133 292198 916579 265764 739847 878380 799879 831658 563040 998050 1 828114 441579 183551 228179 678169 438218 712783 779286 289112 954020 1 665101 390377 141135 920832 233434 636884 849850 424391 756873 854556 1
1 590443 116450 610402 222641 213324 476944 535017 497799 356512 907997 1 621544 155831 605298 199731 798859 211436 550097 399840 3460 661098 1 865778 718417 231035 371958 964774 509134 668948 359292 530155 63114 1 743520 434233 54522 84244 122674 79665 36827 750375 582866 147611 1 347301 614284 254567 55243 127320 729129 289864 416472 663555 621272 1 105225 648983 148914 833355 628648 931190 800538 300542 75581 307474 1 201944 525277 358269 416171 398543 719802 695850 928139 239310 774274 1 27561 818233 151271 452463 853339 928980 888003 205926 372675 117852 1 907247 677320 626428 202728 482118 631907 130850 420415 304574 139805 1
1 499648 158721 970730 118295 268601 520320 311859 739947 637281 293105 1 140889 620574 782382 986422 351782 435516 408861 411453 291480 720747 1 881785 924837 523735 379796 779008 189261 685090 356760 558264 914619 1 928753 188577 12095 749824 942954 816089 488308 511779 34798 551209 1 187259 823487 267267 456362 736593 554651 34077 514600 118299 804692 1 380008 916680 187860 25029 781164 377429 698368 417031 945954 95358 1 124294 766252 153624 163695 284356 548929 447477 889636 985259 49247 1 125959 99945 921082 299490 206105 555366 871148 374555 102901 286982 1 892949 519261 369407 356914 636803 263371 638787 269039 714275 834882 1
1 779003 444498 472544 866963 138141 691717 214542 163505 215623 846165 1 22605 732058 758487 86645 160706 305265 591387 399858 172502 830779 1 724676 557206 743693 889184 757248 861200 206883 30418 998704 188049 1 192891 484689 752986 418945 845631 391553 863772 245428 753402 245988 1 254898 514820 634029 535000 942371 152895 664090 556562 615630 401753 1 238034 92750 154318 81093 986724 418469 527614 477705 857327 100794 1 465759 522676 102008 966439 241935 525712 110211 830448 492069 83691 1 766102 280397 762533 692704 190929 785003 418685 274795 317433 91619 1 654254 853727 905490 249353 570834 681437 280935 643036 389961 882129 1
1 915763 137657 326546 308196 879103 440258 839580 823191 768206 391980 1 362712 813271 135702 653945 364199 782228 131419 457829 636329 742349 1 929463 30016 440829 156974 73595 493126 556856 360888 710868 530738 1 835122 139917 911261 166208 719908 682701 622094 837352 4453 20937 1 1377 120818 835266 389052 497488 559188 946407 885776 696643 787929 1 140372 362793 208130 603545 726352 124227 408538 186776 729380 560980 1 959269 57200 139340 117232 676320 141770 746927 463074 433580 553074 1 236359 420258 482611 136106 273700 521300 759826 842397 960197 645615 1 6731 366047 865792 666635 619863 481007 87257 622938 5784 961793 1
1 425461 253730 530862 788432 950487 475513 326789 549441 367998 499466 1 971578 976964 272403 344644 113949 714532 254194 455477 194535 131251 1 613060 107413 578872 386326 869086 484592 560156 525494 809762 741110 1 767854 520548 741663 937284 301516 210005 885470 143942 807087 416266 1 409876 211547 772893 407467 930 506699 588618 671745 846153 292986 1 342210 58436 608259 416988 567677 688207 906263 437912 505442 523088 1 685632 396085 122930 370912 342506 998766 560158 726169 416597 234342 1 34316 134419 826643 615998 276508 617642 315530 557061 638852 711985 1 412988 305050 452802 587984 576708 811792 114430 402767 102528 980382 1
1 125606 553693 799205 486026 245121 329045 731870 932262 641801 128915 1 962891 338033 332383 795973 903161 779662 920922 641483 60006 632299 1 361943 167981 577977 378804 811386 988366 971317 600943 164218 585710 1 7237 828191 210348 958676 60281 25204 316127 87466 566723 364132 1 326753 164458 467353 463379 728925 749831 156829 714137 625146 275618 1 302541 942619 332799 963213 728942 102022 276660 136 287690 424541 1 778542 392814 30701 399141 782707 617013 326807 117564 472768 788873 1 952550 296071 456018 471004 181185 133567 882903 737490 72564 83700 1 590235 246545 959009 890034 79191 102888 90671 669631 421366 987294 1
1 147920 903222 454489 525029 410009 246575 587709 90994 48643 8558 1 503683 538152 369752 536177 75483 48559 241506 192796 275390 407538 1 341862 460390 347375 53425 732753 453388 113144 170869 571774 492811 1 701881 664204 580883 933629 267152 290103 42547 192581 348156 407337 1 340985 648008 388811 830000 236028 775028 654842 581482 563763 720862 1 641523 820496 963959 625574 797939 652464 560305 520048 535255 925533 1 522618 156665 306498 481304 557782 217491 896099 416824 738905 881180 1 394552 98182 400338 336333 347146 912870 487356 490754 431432 506349 1 839956 718020 579779 686559 900572 118946 885800 988183 76587 215695 1
1 70986 334701 482138 97744 912364 216037 233444 326906 894995 456984 1 975737 174803 387849 496990 324271 32296 432449 273505 629548 820448 1 88936 39658 524110 48655 681730 110417 756245 296315 372938 478231 1 234257 728608 802301 838179 943324 741108 509726 819152 106889 167420 1 606273 814500 702505 419578 755545 625187 382437 7178 271975 241382 1 864017 523492 688416 933225 941589 597534 699762 436002 706362 375064 1 604341 738452 662980 563640 130213 856724 281384 302667 48130 516532 1 878999 258878 494091 544889 540985 162261 612944 608537 806812 686910 1 762883 238483 440671 356428 694346 99742 37628 969169 860123 752213 1
1 507125 125806 594022 317532 222480 87054 483996 120787 409936 989807 1 414015 524789 633604 273657 858312 741965 714267 956007 183689 878426 1 342262 307423 307932 305564 725210 812369 893619 211593 155084 134002 1 885468 488509 262014 265629 677496 318452 828007 455344 174791 444623 1 175158 813174 30366 808282 629085 971398 743227 48267 861749 791404 1 978705 686834 956900 518360 683506 747528 244065 940441 541435 455474 1 35827 370815 741781 281505 372037 496834 125686 481879 27271 403048 1 678118 971403 826850 831248 145178 662534 118942 251021 646553 988919 1 586111 824604 369332 189387 850089 755564 844541 33852 623880 783275 1
1 703562 749942 713180 365349 85223 388317 128729 257160 281244 28049 1 138250 74632 532476 406020 413189 813746 310277 517134 864218 75994 1 268614 732647 7388 543394 439940 980205 454417 241542 172996 995763 1 906433 959987 703629 130714 46714 799135 335122 357187 677756 411482 1 115268 754223 97472 32820 903230 740470 197529 656055 843333 709234 1 430274 124783 192307 98737 42995 741167 523980 173080 573964 453659 1 185930 748842 114200 912400 261264 289448 249651 711070 589219 292582 1 236356 278367 45081 236687 821203 342750 205448 798732 33135 114319 1 585797 566113 723085 566927 82233 309496 178119 316219 354942 667316 1
1 899420 870172 713953 134327 606233 729949 540593 728921 644031 686913 1 63771 842058 652737 112315 628695 661741 757020 109237 704881 353717 1 32079 71295 514534 279558 81128 337613 171920 452071 957013 896508 1 495338 227078 39309 909097 231817 854601 218669 979362 205393 199614 1 86285 861079 540231 830336 589728 880371 564249 106568 347509 260750 1 723295 396473 662759 220343 909913 613338 763945 629867 708881 452830 1 767038 510067 264969 730919 761641 190234 707395 761865 390604 53279 1 777694 795 164948 349207 511627 377952 224507 52079 793969 718483 1 120445 531682 519483 168287 986644 95352 674209 957882 350009 93989 1
1 715385 539030 824909 135681 632132 851576 82525 784424 96955 874395 1 800707 450680 813412 185577 59467 490299 146010 296896 409946 330878 1 159164 848340 591848 117387 795155 793934 523062 145045 312162 864270 1 195554 679362 361420 540141 338411 790498 12821 834643 518435 905015 1 986379 666160 444139 759777 194838 998679 113845 636478 97473 443856 1 232110 459650 144423 794042 790800 666099 650918 751703 894901 98680 1 874026 224228 989364 436234 965862 375656 511227 816568 529869 266147 1 440603 76273 173891 951513 291051 982666 777957 272348 618601 581839 1 159920 559880 203187 159081 582487 822468 961279 426691 997289 452488 1
1 981565 833072 821855 770323 306808 925918 496111 597361 260062 662872 1 727088 338360 470927 82474 31181 240662 647599 84651 690787 187321 1 244018 252732 81776 225288 853117 123437 8939 199279 181130 993895 1 104119 131379 827981 649481 113725 517875 140725 685202 369651 179194 1 811063 626852 372464 535522 177761 209767 252966 827008 525530 225739 1 325966 30828 201044 863234 466037 339986 38540 483764 197660 359159 1 560338 979799 491250 711829 459319 472554 165248 630573 403161 905244 1 362977 492476 265959 917416 494379 815967 997687 551033 447269 616449 1 974838 749401 672826 971199 418056 971836 966488 232862 597150 673465 1
1 626430 362017 309955 915677 81296 494449 118191 16102 959547 601514 1 915952 384192 283845 498558 19167 78687 662118 910223 922640 132715 1 880045 340089 426540 174545 336563 429394 79479 403081 774328 142821 1 598888 593952 784969 985124 489914 749562 523724 362807 752645 608002 1 245845 666165 781749 325647 327073 478469 962341 877945 863455 741768 1 528641 944081 205484 175550 678099 843195 744 917392 687272 662961 1 447389 495207 745123 731457 672945 338174 898205 169107 929638 96601 1 395069 111903 264588 415632 146442 18480 898274 716016 139552 752726 1 109651 822445 962811 918787 373343 71665 40270 949740 241372 75465 1
1 744002 846752 603999 336409 701395 430770 382602 368568 568484 759443 1 127390 407151 133925 435192 968144 9285 883950 314352 898591 505547 1 233275 403197 786762 773279 77668 47724 10091 161990 15894 715128 1 322333 144601 944297 83564 182750 560725 724091 251644 230256 454426 1 540263 479567 466601 762173 352624 380899 286618 756636 997232 549915 1 224697 760929 844492 24690 814119 79924 254986 870226 976446 830589 1 655406 715148 101550 17785 705084 153851 834101 625132 375423 430650 1 378879 129370 898810 869695 660221 884236 195833 726983 880019 468564 1 587455 547537 942649 853984 505022 391926 71062 432886 529195 960032 1
1 477128 975579 628401 108690 338583 766522 870674 872852 658871 286639 1 112882 607235 883871 250064 273974 956266 647792 860215 545004 259221 1 874563 488101 909561 30896 932369 982392 477854 981886 765516 344356 1 936006 129015 345138 46520 92361 661279 120375 835720 736981 388900 1 6898 694451 41511 983526 532936 615875 300197 249967 902584 362395 1 671051 450900 348719 282923 875758 565668 749613 243213 548469 275460 1 760686 755051 940624 568908 966764 617316 491585 758484 275019 997951 1 955681 8741 585513 44144 748545 505921 604624 110189 658275 115200 1 538702 260408 3356 545550 859553 799015 96264 702596 509720 358473 1
1 310736 767231 951336 361716 282896 935921 48500 960865 907248 164313 1 124995 829294 30551 377372 113402 780765 631095 696142 177862 629622 1 911471 243445 488409 304820 72789 126266 969359 244369 877619 768604 1 841840 542994 3937 421281 103475 227330 870596 501917 19852 151361 1 858978 756057 876643 81645 710695 875356 962665 858098 224531 378707 1 961396 688004 351208 978012 111878 312877 42566 294695 342341 61565 1 552492 36147 862348 890527 178861 760204 955817 979667 465357 880756 1 597599 772004 817234 8451 853202 872942 364510 107840 371643 374940 1 257216 486597 98467 806983 232760 47741 279860 436473 349743 861968 1
1 976243 103297 812522 495081 500938 340238 547196 861550 370371 120714 1 92486 415860 698873 102932 287775 934551 668845 604655 500809 594614 1 391195 968916 222811 120324 460060 844975 402827 814653 705444 408162 1 366862 98428 327779 119272 732651 208029 25837 781246 420447 275589 1 728119 486941 970566 839229 472021 408875 364372 324513 827882 435244 1 857692 843606 299272 526604 298305 427264 389302 291475 796782 837723 1 29113 438634 484245 416871 270076 310506 857438 32072 871920 682610 1 517896 935047 583813 77732 466952 717419 451664 142234 455300 223922 1 561706 467960 274841 812352 99451 43537 816964 260756 155726 320450 1
1 749691 252361 687618 995976 834555 708456 249367 475677 990318 78851 1 86423 659721 765975 443989 617853 499643 926518 823488 668530 504440 1 221454 56456 296194 262479 338214 308581 689058 848027 903736 330980 1 173706 992531 328475 641057 539823 419930 323276 928172 524968 818104 1 197020 73870 817514 574319 688290 998123 640061 706413 141676 698896 1 652948 963749 454917 29837 917022 436840 481666 31138 961813 674536 1 967655 118636 836861 875928 910434 788975 68398 53958 182454 320866 1 768913 568275 371950 921915 663342 549150 259877 583624 835352 234509 1 290177 216162 128517 790803 314586 99088 850339 173558 850346 628137 1
1 372254 437335 143457 524894 886027 493564 425836 994424 137532 881612 1 582151 137202 433279 513416 804369 731800 426212 884064 31499 369769 1 918952 154842 378974 63499 641020 726955 483437 721037 909183 672287 1 22736 432290 528962 134381 842225 542877 585356 629081 765281 769809 1 494714 747006 795683 996671 540543 962475 681427 330533 803169 951346 1 836854 908820 272513 924624 122528 766784 627551 235131 906360 757954 1 802016 829069 814620 93594 765103 190699 465733 939170 74205 562199 1 495302 81273 721986 397238 974589 502678 494904 578537 859297 484486 1 518750 259869 565313 272881 200488 947385 737904 414257 809646 759728 1
1 261495 890417 517697 809865 373945 751691 88487 235741 548042 253867 1 974359 288724 749436 944872 716288 545983 370544 199344 556288 3646 1 67672 143959 166272 812413 845991 166823 456214 468950 931832 156046 1 33403 270396 450076 569620 892574 627900 366891 814601 382177 471921 1 363554 918780 55811 573283 690812 437341 551772 488693 692420 871022 1 961978 705822 708353 746600 667321 99192 127244 185072 25556 607637 1 388675 49204 664117 836902 112514 599478 984059 861547 500250 400358 1 816696 75010 565047 878285 477056 90126 226467 203482 242067 840641 1 738104 539341 967727 775887 149349 697720 482225 496923 417164 513267 1
1 551928 691526 713087 769886 863245 278038 519568 987148 450834 949736 1 656978 179911 997974 86001 408710 414491 748617 884808 299217 467386 1 753285 357564 476621 888518 843317 441438 547813 165733 829697 708396 1 210169 493538 635638 236058 764132 679852 295559 231234 513797 160529 1 118991 761551 516097 8005 871317 826429 163036 866203 131864 540496 1 143513 975036 221896 143550 663619 931681 462600 129683 487175 9972 1 286621 309904 725373 298445 588615 737052 740124 27531 841375 171885 1 627069 199873 109262 960139 353263 913274 685735 407777 753953 349397 1 689074 990193 847814 390170 25700 201072 176710 53405 102491 777695 1
1 182057 846806 136548 922858 701197 542580 836198 813493 763228 414558 1 635169 813489 393817 478461 464162 733779 558480 427722 395092 708132 1 42313 360864 556373 631619 562464 252394 467128 363807 256599 597411 1 954615 397822 636474 267246 493515 956196 652689 971393 517302 489264 1 5137 725732 434618 680930 70060 807644 834122 158919 557390 720715 1 182468 839652 851684 606087 232695 464102 822836 874711 713963 892644 1 177569 520342 790569 292012 347988 918528 71003 374938 462496 441948 1 284290 215533 450748 450302 311744 483714 109369 386210 654642 944675 1 116695 30709 545003 659029 999079 93499 349266 948893 667688 542912 1
1 962761 233720 906745 967160 791437 509215 206093 441005 242628 679380 1 99477 57871 271888 28722 723783 468366 167800 734171 122524 347661 1 734319 69971 95948 299955 398347 208332 828748 750886 861376 372380 1 304819 906911 858427 531291 977036 783598 580919 980570 175222 543959 1 656634 195681 522238 100274 758266 763123 65020 926805 268541 517443 1 702290 236549 931240 699152 181467 872784 875176 950540 568987 748941 1 891232 39524 507878 861179 780309 123250 32694 223874 42142 489062 1 223823 760865 760976 569360 996433 235264 593491 295627 764550 761718 1 699966 834475 127833 567013 258442 166759 782100 796680 631932 810141 1
1 301765 353443 821669 932976 859304 953990 423 474314 314080 480956 1 774689 234006 298564 822972 832208 701495 505833 741218 600620 426857 1 851759 205145 965714 409300 514388 369393 241157 47911 146886 219755 1 479286 332460 639821 785086 758189 377214 193052 542020 776416 316183 1 860168 292688 685280 626078 879422 285979 772067 635232 641658 78144 1 102489 90489 582044 773166 339183 738146 617090 431462 350067 787138 1 623852 496800 698702 817596 730270 38803 895550 911063 550253 505950 1 945252 125893 148026 58688 423650 960404 555216 346650 475708 193343 1 288163 662205 975930 779776 775415 328476 846347 577076 541699 750137 1
1 286391 940913 787865 850475 835095 522420 942661 726945 662626 790111 1 821738 885400 801325 953149 464489 501084 819362 601399 782253 318820 1 320288 467976 380111 848647 720644 374907 510773 558152 342786 517808 1 166869 616 353896 66028 147153 634692 572922 17598 286807 331342 1 14090 661532 523497 31528 819678 25644 786263 209016 125579 328643 1 99444 440642 422220 183218 815537 8424 52515 577403 222990 435039 1 495427 968007 366671 862187 19630 620126 806125 688907 389143 626370 1 585417 47958 13715 546338 504801 565369 432706 265193 215943 216498 1 908777 728640 540260 26016 380888 521562 356062 19214 294175 489258 1
1 347221 285729 291958 922030 393841 254873 970083 950917 595046 711576 1 937396 998794 814027 372286 528764 732212 684233 552931 301525 918033 1 429412 326529 106300 403558 911128 313479 480408 741801 72540 101018 1 44179 443328 624635 952122 5389 156361 282992 838334 500001 921764 1 625564 778788 927302 495054 869750 619325 65390 138871 866556 297746 1 245526 434492 599475 246867 555449 424995 33757 115897 126871 667330 1 960707 481017 677611 930769 702282 833596 729358 355328 555347 26568 1 223109 111479 851267 650314 445704 346294 292174 634888 389009 560281 1 835031 988425 273025 474039 932868 666467 241612 29475 781183 900185 1
1 291110 966671 769741 157019 686491 581945 103218 231063 309633 801691 1 364967 687294 479694 683769 473064 929995 749796 699289 935373 7504 1 365510 245214 609402 261501 89543 501315 576800 214142 916860 332176 1 140416 90587 360314 517616 247893 702569 985400 482854 330937 779537 1 699710 190245 326899 43682 571333 144882 791212 965814 735012 499540 1 515597 618376 673055 61046 579090 22629 199494 881918 208342 359337 1 900316 584784 249875 601160 325165 608585 227226 851420 577603 434121 1 619606 860788 166287 332068 25668 840494 34675 759225 456975 232395 1 602825 666695 56023 95626 74391 516610 944679 698674 106733 660948 1
1 107791 40527 53953 642122 788194 693455 586602 152812 291114 85580 1 27420 835862 167667 95783 815560 235180 543426 393472 722416 533273 1 126637 492477 719201 66565 756652 526725 472314 529703 209654 713267 1 124318 299412 59315 486147 971182 637409 709161 244475 943490 714554 1 837400 755939 800492 803354 136045 109459 392243 143545 768604 972871 1 941998 571286 892865 245527 630434 821643 375493 685644 974817 274031 1 334098 596984 287148 140526 574326 226873 305381 972277 295530 82507 1 955036 982856 298389 822399 303115 389651 613758 657093 982863 670117 1 83339 201949 501071 524459 923208 65602 589385 368373 116747 853049 1
1 72308 552403 572981 384968 535833 448295 454937 825703 606829 959636 1 664969 387703 322791 270486 702389 726108 927469 513009 752297 619019 1 293269 236397 475473 946794 291393 859741 376527 989799 441799 266924 1 399358 768849 206997 488851 685630 165273 178663 977945 13452 398714 1 653600 417952 979242 141538 850170 702826 286953 470671 687598 405695 1 18662 80844 641599 749612 287423 49609 465462 718043 953193 204275 1 18434 823604 194481 408589 475480 943497 812766 323078 143366 339359 1 440003 810377 956257 924913 820083 641825 266519 221828 344775 585803 1 720950 211532 892092 292957 428362 413645 126976 735795 910022 623070 1
1 526905 269699 260200 874719 580384 751803 112409 961062 840521 579914 1 854520 580210 355469 560653 948098 18475 707820 773597 685600 796468 1 806817 711233 284936 767661 509021 939558 271673 690578 884025 494494 1 36167 568729 684075 195990 893911 446932 397459 515012 777429 554560 1 992027 988671 229551 909351 122750 37157 803745 393228 939914 899281 1 784658 617637 527845 365519 183063 478332 107788 835035 116046 634894 1 813598 548455 79873 844915 361783 444221 45527 935554 710672 175239 1 509297 52760 615168 792257 495752 336489 194920 531316 679497 600450 1 906981 494752 58282 956252 222956 974372 114171 825257 479453 315584 1
1 912865 288162 345406 564923 494904 389336 433295 282625 743832 222207 1 250978 95723 110486 780547 977202 401568 474995 735094 420886 452773 1 500162 367507 643512 268565 598907 213662 231463 100848 456330 408348 1 280809 736132 40235 344788 366373 890558 504092 807027 644085 209791 1 271916 472355 723258 174233 854755 629269 480379 631750 228526 197989 1 667610 831777 497257 39995 422129 162310 598875 687602 101002 311744 1 995216 208934 914640 356054 171176 398970 538572 761799 354296 83162 1 180103 134178 417045 155039 897600 273892 498607 634060 158266 128054 1 684868 366924 471666 703899 414516 205109 694460 944326 798497 244437 1
1 3703 798595 936906 357251 268681 477294 771674 944657 779373 265700 1 584458 737991 432956 566146 247214 187112 68979 496709 575937 268878 1 289316 161621 103008 623985 784307 289212 703228 860903 220756 211460 1 993205 428263 60705 761954 460240 770699 642225 159468 768141 546721 1 176084 425904 583475 142731 762933 330684 592596 157250 340806 170696 1 371566 755004 383822 169342 732828 989987 888437 902588 388849 832405 1 220806 274543 901751 382752 243145 594582 35912 114999 228544 527024 1 544622 407430 889434 743687 23914 963562 149581 379786 338337 463303 1 285220 486074 431878 208355 124852 615504 791342 899359 549022 10550 1
1 207317 968492 203699 261000 133631 616151 485118 264137 927374 467448 1 738412 112676 612733 14953 764340 307485 706526 51779 539012 964769 1 370014 167454 695326 455167 427585 271918 406472 444924 337430 342704 1 940444 585957 925824 256830 790577 293579 511387 631338 854436 393916 1 827678 656306 467764 388163 441264 385771 741583 89205 641249 167882 1 918294 168236 572015 59867 266930 571515 271171 290632 851071 979524 1 812183 783011 819348 285503 360098 255908 504399 340784 602010 446279 1 151648 810117 403785 370487 336453 825053 438870 557733 27931 285858 1 170240 178447 86000 782857 324858 603390 467339 514983 538298 810942 1
1 937946 533808 898102 621220 338369 902638 115474 239287 464826 811937 1 14249 24169 810077 646767 768917 197087 530056 922207 396183 597396 1 361652 375753 578011 112580 222270 576698 900789 201833 492024 715935 1 62756 671668 139393 62115 386281 262939 188233 541934 58960 412146 1 332243 316289 505815 441625 988256 247894 237243 832822 283657 836739 1 279876 745369 163548 700111 977471 163653 717409 582505 996496 632619 1 23737 697571 609994 655365 330810 176378 312814 557190 920532 75982 1 789181 398318 147022 449567 952656 916947 766708 832035 324843 213707 1 422334 307083 749591 556153 533393 429394 935101 840563 6261 682408 1
1 851442 679115 727354 26166 527000 591454 35545 787349 122536 450877 1 242717 790422 340443 958605 200027 258488 543302 390944 177171 430221 1 679948 239287 190030 686811 449890 215062 974454 498222 807536 291971 1 685478 890623 141919 671868 71495 492520 228643 171661 840078 445319 1 231529 776814 842642 213180 412922 847733 721139 499315 603597 921170 1 636502 853828 23182 924302 857914 564628 979139 693512 451252 510584 1 266306 584291 213800 26235 15686 629920 603000 781022 69898 659294 1 456851 141469 903489 932299 541344 755214 47684 629290 900099 234493 1 555703 216872 391104 850624 61148 482977 907521 214913 332992 186373 1
1 939660 777642 820675 957051 208125 698963 473002 686750 567530 125950 1 1214 315094 950391 479227 172518 15220 329990 96702 250029 759770 1 122247 370591 175500 3766 987280 373739 452418 543831 420604 981377 1 395701 129662 352861 305149 6567 867664 108944 107801 913851 621128 1 880674 579295 678734 988307 204081 119652 352659 99485 998335 861882 1 507796 729849 714266 563579 391391 869707 441860 632499 954620 109188 1 976428 84107 579861 543726 418107 500064 17116 670450 875628 618963 1 389446 633731 164423 298621 531101 753252 49546 827479 935979 737320 1 139667 188184 430655 513679 693159 870526 929381 442708 686521 696528 1
1 90278 207404 133012 199624 778474 759291 163728 533329 282481 828930 1 831673 587650 619105 300339 271665 173159 866765 472691 729044 723827 1 727860 659158 439379 533266 249995 216067 386431 512836 593230 848006 1 979554 568206 916663 266635 452133 515386 237051 192291 199236 467878 1 817947 534824 996128 329590 452542 955669 851466 577010 632843 889668 1 192199 843195 641378 904464 999335 533827 222023 602849 578499 222404 1 721971 153726 787775 566155 39191 745523 490624 428722 282545 619232 1 974918 442132 778683 596099 466389 902193 853632 136797 60566 28197 1 808849 657760 645617 318714 480925 321985 697245 354711 919380 300630 1
1 869980 262670 572343 61868 480223 112012 224946 476103 197840 703889 1 354853 265572 374242 447088 106762 192348 15303 499672 80582 748506 1 255294 331450 692415 15916 61035 37239 140202 480301 364744 92313 1 907154 438744 390560 100986 638074 639573 911605 78465 45007 988379 1 203739 444299 727376 353665 964078 477028 36473 582750 195615 731011 1 907557 192471 577698 672188 136244 606353 534023 41141 716221 230317 1 966045 37255 752597 244034 42113 558041 869786 13386 996433 245340 1 230527 535370 609160 287131 621769 872246 174395 674350 106204 761486 1 122038 387548 888111 398993 762485 736873 396125 786272 5196 710987 1
1 995916 105047 252105 154105 575478 518320 725527 430064 868861 157101 1 473964 848623 793115 916102 571216 6455 562901 233899 170546 693018 1 870769 118994 548820 750906 290686 163145 922151 507939 470075 969147 1 228536 575280 98232 912312 726619 362090 161598 709016 255052 62067 1 957357 660563 428351 674719 378131 144214 704679 899317 279875 54581 1 367771 549754 477292 753637 848857 466975 708330 901455 536083 515248 1 245206 201366 395210 228597 437945 222348 835903 115862 28225 565974 1 664216 246215 285330 67074 309753 603677 20964 7087 13112 126336 1 504815 632010 273517 11444 900984 634806 169859 408230 820534 712931 1
1 61352 175006 73680 681150 999486 102155 787740 859844 730229 769109 1 405799 753103 153700 692068 752875 61884 41834 618062 800536 747344 1 949156 290714 253615 168434 275276 652288 605137 200019 543573 101435 1 647621 922020 147896 49438 986953 519301 420267 417154 265160 820753 1 322000 951572 146009 152052 990869 764615 734160 438418 463100 334341 1 885890 711772 118170 985085 245617 18118 984905 602770 594173 27304 1 387980 933957 692652 100062 417386 576534 847643 554680 355601 985669 1 727420 218134 548343 687322 775637 222813 753674 569799 549136 163165 1 251922 105364 860451 185435 636149 766657 797250 69109 924793 583937 1
1 294252 692022 823032 458947 266204 11741 941367 647626 365753 942999 1 3132 147581 882279 282738 240856 509429 333840 34072 531985 322287 1 647931 913168 838120 419520 600817 751352 809123 66726 112005 14152 1 123305 668807 705087 346483 943079 782522 129338 553030 778593 382174 1 938366 453269 565576 560643 713503 977847 652187 698244 907181 511290 1 357827 885940 456696 1227 334696 909704 689306 233932 404810 925750 1 677849 305298 837257 81516 111377 525415 551272 985146 154883 806989 1 390848 655477 888995 520862 369178 546798 402399 843868 629497 457152 1 465968 154876 856898 755061 49614 406188 309887 855228 212165 625981 1
1 937337 229398 780933 968566 983161 639358 397461 886625 666962 134148 1 143242 756436 353332 297918 691170 729008 726411 679801 286480 300930 1 621829 711057 315470 682889 151136 371116 890373 397084 267726 895087 1 617061 39609 289567 459476 17947 894067 705437 548632 313780 870199 1 458208 138769 707778 828882 501916 315238 293864 863987 45415 113187 1 24250 157340 418809 423078 526641 52843 695252 420600 719423 227704 1 847306 772486 500841 7119 38073 118082 570757 656918 690491 949520 1 911809 147710 360960 725465 532355 417879 749633 835890 252190 314466 1 510532 6850 326747 599498 170267 740848 415074 504673 626251 212896 1
1 815192 658094 746751 614434 661636 431184 12426 445127 804557 422157 1 68492 182671 735762 689177 14610 521720 403840 712906 961863 433317 1 233999 151824 360320 550453 580255 451348 561639 208005 242203 209237 1 978904 131154 312849 431467 597394 972098 207247 88913 893953 460822 1 316633 574702 563966 205057 488502 528378 374547 521318 938529 82008 1 677827 802072 917406 681804 612249 802512 549840 337640 748197 739100 1 576605 148662 865481 913827 867673 673311 697422 62412 522880 492295 1 931291 346016 918944 668777 521525 755034 445007 598419 897559 462629 1 347219 846406 774805 790197 648357 440436 510917 424922 257716 493914 1
1 930327 678324 402350 987859 512428 564301 652570 140707 923979 709431 1 873818 24811 530179 914364 216597 793501 81370 303436 411714 873834 1 724432 678438 354112 255662 753703 817352 515240 616142 462541 709901 1 627853 869328 111295 972204 301533 736651 734012 999188 220750 134141 1 553386 55601 749282 891520 877311 840581 551870 724428 743518 971557 1 263516 66737 84792 168262 859564 697906 667554 522933 113022 737820 1 422102 278156 525813 19344 390391 442159 920398 972317 44061 752718 1 224712 532937 561500 625553 474098 548382 260338 366329 997931 205762 1 800310 997169 342740 455451 133802 194842 199286 538213 686689 152106 1
1 331572 385328 768241 330622 591241 927803 865012 358493 228750 424077 1 939288 231906 887095 579774 130143 23575 204157 623377 677897 934115 1 924485 122451 809510 544482 620883 8050 641463 953211 396436 395981 1 446110 463544 733351 760494 748401 641022 102769 408219 614340 103111 1 699718 514667 552451 67335 17470 453412 461186 266278 789858 56951 1 745581 493524 91123 965535 626582 383929 5596 867954 460250 359059 1 386476 570115 344655 734321 508273 701944 204709 617603 750928 343168 1 856566 426928 579361 818707 268064 187154 915676 58468 54420 456607 1 706280 88388 790673 974679 910776 43379 253608 290199 837510 169556 1
1 340875 953655 109433 266546 125362 229562 104009 283492 328510 52409 1 169844 575163 228079 281240 939531 100372 557791 349816 855131 119642 1 238818 665142 997211 317937 22242 755569 799554 234088 406760 334722 1 851029 856948 421637 450568 745761 454125 370012 795305 669129 16734 1 579814 310168 222092 615640 23274 628161 964480 41038 520233 884376 1 14948 301373 321967 86593 827206 427670 417557 48743 859425 813225 1 127485 169590 880845 205329 379716 196375 855218 219895 31842 779335 1 226452 248289 755494 353471 20532 643103 143479 800709 141625 570407 1 785518 453588 969319 126417 346159 598081 650467 432815 95213 54143 1
1 32055 495800 457517 137148 717860 496944 519574 55301 896951 722143 1 123204 959069 906664 510929 656 703318 609919 280708 42202 353065 1 660124 898278 56333 116633 658151 61601 177503 314984 692795 315833 1 189923 514435 740349 884840 501682 313630 680695 161868 372844 642031 1 766487 635281 220794 127508 322869 676443 212703 707332 707960 340153 1 333191 146383 337594 268401 359027 970752 830691 863960 843966 164158 1 415404 521907 594022 355267 786098 588399 834313 769306 872331 652929 1 679685 865448 53894 182440 630643 371320 97524 118110 660281 577252 1 751491 386876 206130 995706 751015 85973 765019 87105 147509 730572 1
1 382084 324175 589542 200497 141569 338280 373531 608584 818613 286989 1 580887 907502 200597 556933 928708 740137 251709 724470 328994 573992 1 13116 109935 555957 126884 768004 361001 115126 37672 791462 637925 1 192563 621551 734671 406196 476386 730368 500583 832002 594051 360003 1 196315 291841 764485 195776 380717 286899 413073 80231 131477 669178 1 580770 630392 329806 363916 250667 716483 369408 157891 52350 611335 1 270579 194648 389519 405361 341111 791767 703565 552392 780085 33875 1 359070 228930 988520 614112 469494 173071 455404 38816 145078 875693 1 672080 141761 773502 226093 778329 904294 430777 733496 778986 908639 1
1 699093 654943 922933 781916 527032 633622 571457 710781 693082 141095 1 171969 782635 207317 103626 620827 425444 926954 14484 186717 73986 1 69659 113118 693685 923073 836300 884603 943459 402919 135848 487224 1 924964 128093 28794 564142 346699 370054 452379 564454 708400 503619 1 85993 940248 316532 826160 886261 526372 475897 391110 314919 81796 1 582578 917579 687596 989299 974202 475982 652062 900313 91767 274824 1 566625 26506 971876 26366 599163 36443 670780 932587 847703 752437 1 462783 179695 399107 287613 363612 876479 954245 23982 783451 441931 1 902538 534416 802306 538455 606210 319383 821894 408642 381458 928183 1
1 629483 477317 579160 12472 712804 192042 632467 166347 303525 358036 1 300799 583538 544866 237548 938441 700547 881749 495489 72138 770788 1 347309 932648 782351 635664 633047 108485 976055 365742 440954 682660 1 409675 671800 9074 350793 410540 731788 830612 943608 584373 544531 1 929778 168942 140203 649635 890112 644012 575850 358351 225123 491149 1 336647 131927 465298 720338 539184 391894 709585 782840 213069 799857 1 345244 538556 271338 702177 923433 382644 175008 253010 818647 532050 1 712506 946141 278128 736839 776053 833641 609305 971866 692418 742859 1 649598 567792 345710 877462 151721 782472 392658 176437 632329 423539 1
1 611912 933008 108719 483223 634565 505093 353679 215105 396549 752348 1 922344 169939 849139 624604 857567 113544 387680 595704 190208 989035 1 880511 596091 266640 213813 943742 28575 676768 362998 991382 323133 1 958273 458138 817093 44039 934045 758992 616649 126575 847103 414960 1 560090 29203 387010 27132 892009 676636 351343 422236 609968 768089 1 486958 227281 510140 910067 569140 661133 160811 363172 981120 277657 1 706534 390675 430289 830596 232761 193563 89542 28821 772200 349573 1 892556 96952 314511 522441 533735 866767 836553 653115 553763 851472 1 269641 1796 271774 901076 274437 674386 146065 352349 446723 955881 1
1 50891 879687 399369 112685 129084 150286 147345 922977 976367 940930 1 54517 389981 460195 636403 348881 84777 304484 256784 930852 133060 1 91506 929441 974979 521926 28239 28584 617069 29388 991106 843307 1 368928 604349 823584 87692 634372 240734 358112 903858 367550 403054 1 277244 230672 536484 567959 154164 711355 702286 694398 816958 87195 1 551637 110600 822002 905569 787154 97800 660535 273349 329697 353133 1 923875 920429 1699 519451 736189 218715 207785 376192 843545 925343 1 970717 160923 352384 158876 105592 332610 476830 645774 251311 140093 1 694275 306187 533193 110136 196 388681 331420 538858 561105 680941 1
1 417003 900725 806475 556974 482169 286221 353079 139381 57761 861983 1 889630 930694 618405 606440 39469 837269 370578 67579 261430 174086 1 546843 158968 140515 769521 882578 787392 123549 243910 429793 192248 1 267242 27210 362437 696486 4778 362431 754868 235703 580883 211111 1 875186 764185 583335 522637 839634 952889 817142 880884 876488 786650 1 349282 94703 230128 754317 531092 590436 386131 894554 825381 126991 1 153793 914990 715300 60177 867827 93186 546188 349470 101040 81213 1 336666 816531 808929 734791 817273 705182 373283 635120 608947 298534 1 632430 683838 909468 384173 50699 453695 93350 326073 34336 911585 1
1 67710 1022 613854 451054 846 63867 974517 647317 417694 763088 1 634198 563134 833183 22285 225293 147774 408186 985175 679025 793510 1 330364 376057 906133 341843 688726 85623 584257 607601 867818 78092 1 956897 456023 288575 503483 637453 681824 563830 20793 636838 507351 1 678736 163011 385955 88781 334104 625921 763876 270311 889566 778159 1 22464 538485 112074 492080 160067 636757 699514 226712 481759 608592 1 389044 707570 216373 363195 952509 793844 954205 658624 320488 83357 1 539813 365368 320882 766131 199973 76488 202930 808017 709579 600001 1 935862 920980 279235 98645 536566 427771 456396 646600 196968 327261 1
1 342340 14206 474103 981020 388487 842933 859026 835427 988767 3278 1 229437 185695 95725 751093 178272 971925 354908 14579 979888 46477 1 656239 398668 31839 861705 303508 300197 920870 865267 884666 832927 1 729670 382852 226635 100297 733838 886217 453302 185907 241524 954995 1 3777 1173 910631 798425 671288 616443 474682 58616 991957 564809 1 999871 854787 377876 384676 421576 420490 440082 87821 859916 261972 1 424610 370444 176939 778982 512305 158849 126386 777936 378333 479577 1 817458 173587 560758 765827 844319 573005 868094 184806 203671 253971 1 24917 772254 947974 341062 141422 125072 646320 429927 591127 94535 1
1 210943 721428 585397 120068 382713 600122 687957 854303 853373 855338 1 106959 427861 407831 76205 211405 448386 19975 620017 934614 623498 1 542512 272069 818998 90184 920264 2400 848058 317938 220773 134504 1 319790 624070 797599 695260 566264 38890 308935 784159 670450 161546 1 336988 700481 105964 867800 983794 720693 916182 662115 176721 596812 1 140063 729223 900820 643711 946696 681461 890693 79226 553208 219070 1 781174 503501 29456 992513 250583 956205 885416 602244 803815 966742 1 735039 128333 533242 7909 379916 810507 653472 267861 676199 521742 1 416562 197851 826460 641272 71458 59008 369900 577111 954523 566043 1
1 559317 772455 44259 599973 785835 246067 120040 836428 242059 606385 1 913880 768042 392948 94159 371057 411708 525166 811297 864122 90328 1 237141 387737 657400 3252 156523 606543 517107 610975 216703 747903 1 832793 564348 57453 421566 505253 633806 209124 388845 488813 339385 1 944155 896841 405918 805318 59573 279972 542034 414391 215648 460289 1 464654 461574 796359 860674 862544 264418 464654 199022 968079 744917 1 910000 284552 298215 755800 544142 48112 995744 284109 220670 877521 1 223361 900469 183072 437306 636544 575455 534662 3718 329441 128927 1 659461 122498 339444 271705 631808 833336 586168 26564 979557 22712 1
1 757314 418903 624272 547769 914119 99462 384048 123506 536422 361010 1 924082 76231 537124 671593 742880 221918 307518 674551 258 593908 1 602649 211819 89454 43480 60816 378800 559434 292790 130109 43659 1 357949 507856 812745 675653 506757 140428 977083 621153 895284 47712 1 958613 642533 358504 936319 635210 456717 221920 50131 273932 973921 1 205259 656665 692376 634235 727057 408432 566230 950808 928199 751224 1 458542 526521 323426 594580 522764 934992 40856 936605 397755 446639 1 406824 397144 543218 258668 636146 510016 505610 797504 339126 885447 1 68911 236881 370947 828568 379405 754078 39962 277191 972682 287859 1
1 79458 262744 566783 959358 796123 330796 353224 556868 8194 855814 1 818187 955726 640229 115209 571888 874058 110116 954201 417765 211776 1 452646 341784 224111 393902 781585 558624 425680 350843 517436 235814 1 280911 992152 211704 190044 752240 858008 231074 306180 868287 928370 1 199024 386583 116644 717428 109553 114106 728315 743767 670546 339443 1 661486 441566 144722 624458 115851 352151 192060 806710 549327 122290 1 642775 59446 602768 533393 267565 710003 838354 919207 391647 583266 1 485326 613854 790558 868829 62326 306958 268523 698171 872300 659769 1 230516 719981 55176 134571 856897 576129 899179 477693 530053 67061 1
1 721010 124711 683407 550315 919187 531858 179434 108756 767342 130478 1 761280 361068 195650 297508 687236 109888 811838 553297 157391 828508 1 17680 696851 117414 294542 867739 938154 81326 917793 452434 226027 1 660739 982659 575211 211696 523614 126743 492560 73147 721816 388858 1 116545 604194 798085 307596 135134 389882 190246 999208 90248 244555 1 709542 578580 805472 246879 923932 505195 552368 579543 503294 21360 1 367976 118190 172455 121786 545894 445963 750409 943083 919750 473294 1 335074 609822 47194 292967 515125 488219 39633 534492 155691 687713 1 442379 504567 969440 195230 324862 876613 665885 278733 930240 431 1
1 619895 664719 690647 448991 89953 536321 688342 599939 168423 578840 1 590347 985845 346959 841985 580804 799734 431446 528869 771201 336496 1 464073 640383 368044 630942 9120 306309 612485 837135 53878 269463 1 991864 273149 84392 897736 868150 618331 698110 288180 792527 855972 1 757255 503880 21911 26721 973671 551168 722456 917006 286555 223469 1 637574 120232 859274 251750 571084 256384 334572 386260 653807 521233 1 773213 493386 944438 166194 635835 726642 282759 148514 421457 862124 1 306650 648083 480546 946946 271481 494481 224605 416597 314805 953139 1 100556 877333 148227 325778 273246 511833 193321 104049 304829 412453 1
1 190839 454710 108196 363666 323726 822512 587066 897584 470838 377604 1 318492 99015 672395 149361 436352 486629 826228 754486 667233 195232 1 360955 764811 116670 545842 331380 571923 671951 857940 73202 940755 1 386468 968204 395353 527763 88553 954093 206388 977427 905251 998469 1 55515 977938 777057 518864 990596 549604 409249 401699 12257 810904 1 832419 948044 610536 14051 902709 442945 31500 948877 889261 466018 1 482364 428478 543369 122662 83298 302883 239532 25571 316583 18725 1 764320 889500 947274 129601 929254 499399 472197 7511 458767 423684 1 500292 278229 149793 176627 205146 183218 143204 271922 326455 655692 1
1 844276 921727 3610 617672 182990 226905 900427 707791 539784 218222 1 384481 781000 16120 26397 583106 837769 358555 37040 791371 429263 1 565529 673900 27706 733986 64265 947951 642586 469198 205653 48193 1 122164 236926 181173 540193 91511 793793 54416 511968 51244 646446 1 834615 208178 425024 322789 892888 65986 886758 511989 191027 414876 1 371821 945465 752842 945711 848287 199698 803288 793250 626722 493050 1 884991 384861 709682 150713 335524 88186 388520 501153 691496 317648 1 821215 61161 774006 266072 887820 391921 521521 42097 861816 836527 1 907903 287453 150107 742852 860693 51066 313764 708722 214670 678657 1
1 891648 866003 105142 960343 842228 855696 618579 66886 930290 918634 1 540974 256831 207455 680591 585031 277259 93656 936649 251513 759871 1 935044 523731 496581 181994 63029 24372 45871 795295 703239 462912 1 553243 564023 603783 642165 137263 976838 824862 323626 798936 448521 1 927624 8882 383123 664920 125451 931111 276114 877002 53506 804024 1 292448 151539 801173 810592 806965 395754 27031 654439 806497 566230 1 658059 540063 913696 390609 330351 718758 329436 535737 154169 760519 1 462064 239722 794757 933088 238753 554676 166630 287910 451640 303851 1 950977 972803 558714 759175 171729 292084 624252 942372 816186 878933 1
1 89212 957807 103869 765615 93930 418574 170966 978944 362630 985595 1 26986 338 413204 284276 561623 120371 287386 348725 28022 2461 1 176097 8087 663903 655128 977997 873918 251872 977945 199994 786502 1 584986 612458 145058 661679 310939 147680 793674 530185 253919 657261 1 728803 670687 960953 548956 299601 394662 315521 75305 642668 469297 1 629783 157595 148069 585369 39038 123923 822265 307537 833071 64340 1 999795 639889 339510 556048 644924 708545 159238 387214 380564 832976 1 602695 891320 875409 812332 387498 218875 672721 492049 440452 156448 1 973696 751057 137014 221359 78221 556836 655610 539321 171961 991834 1
1 995470 510869 3448 865669 294512 360207 48237 297772 918232 553291 1 783638 960708 641620 814984 643720 143550 770089 367957 267020 218615 1 745794 120518 361654 664587 685547 546070 276944 120144 337482 647932 1 7092 194359 894735 661884 363354 490776 327167 865964 845908 357844 1 733762 601782 731627 505776 206058 958159 382406 802186 471115 392100 1 240860 525804 758237 812993 134498 721860 998996 126206 867127 356567 1 918240 742022 803915 597328 831721 152589 532219 786253 575317 854392 1 353070 305968 841751 427869 592386 398593 201023 10022 737450 680217 1 383347 828566 163229 574724 996139 264840 80690 555727 892226 283220 1
1 934425 761175 180353 899363 948978 556078 22329 845177 182296 363047 1 748284 162737 945233 352236 220985 14724 622280 277422 289974 822983 1 509595 967133 496895 973316 232227 477359 665099 682101 958439 65801 1 817179 802441 579715 437940 307287 851074 787526 417143 489217 865906 1 313286 581174 652779 19599 332049 260629 343880 536796 96657 749269 1 291233 159934 606919 327743 647470 492779 5621 57888 315473 734170 1 217439 275493 888729 102691 952452 887493 637901 280822 472752 939116 1 796174 444252 385034 942270 993363 508717 747016 127709 603826 584677 1 295127 339980 133528 778903 923102 159147 103937 384054 354666 615472 1
1 711976 727537 577228 40234 393600 866843 647543 404798 419626 528724 1 165458 937788 858916 608826 178843 793596 807288 203684 61185 740253 1 555048 1340 90753 357859 587478 448962 767116 11871 698548 970423 1 237426 59870 703702 882203 773697 26800 936190 814606 598350 766683 1 46002 123364 471154 216702 577117 53064 140912 7103 195648 613694 1 962820 45843 291648 363067 513123 769747 177343 340005 403075 285447 1 296704 708109 499877 729656 89856 993102 847408 148602 586362 852196 1 27315 575639 25083 26194 35205 508730 791892 581992 34262 880133 1 162385 867767 536978 276804 688811 274643 721939 18508 37506 349977 1
1 864461 665273 816593 843737 744682 839425 986802 700235 810898 423608 1 274923 793911 327620 631943 376092 730927 104033 560012 955082 166835 1 365202 816102 259053 443779 432120 104787 703205 192530 36853 35143 1 717778 887686 412041 259922 659628 76039 660834 262799 24894 267873 1 896451 900536 97789 654220 666396 918354 851630 740072 662722 738083 1 181066 702599 170901 839906 787245 420766 990193 182017 859469 620342 1 412038 503266 588375 423631 245422 169027 455691 92243 247577 135029 1 98787 651385 864752 636289 300213 919928 35905 826757 85562 292338 1 78060 466383 823043 451632 360496 426409 641461 390191 726242 931391 1
1 25493 558284 627475 164506 729823 653630 666104 749912 103164 360419 1 670613 896293 857862 786259 194993 464789 265191 905173 831975 834397 1 709311 385843 68321 472250 172166 578008 874499 224692 804627 274087 1 829011 320022 109359 115651 913122 479906 977285 251697 495358 887579 1 270264 471095 830279 342934 102326 735954 55493 252310 259777 349231 1 806579 990942 846348 474565 527367 229541 974996 498496 99301 635635 1 60163 896907 53055 75417 477030 749257 654842 631842 576150 840383 1 509239 687744 341970 91515 530326 357071 953603 233896 751471 782222 1 726487 743903 514838 322201 480948 364491 177489 119841 998400 32998 1
1 826249 966028 470370 142824 8728 647297 999529 617383 452215 433659 1 872989 45029 342038 397687 727895 700727 162648 135190 913979 91804 1 846796 992705 497373 147471 573570 371795 605448 690889 508741 188022 1 441786 441885 32318 635533 247879 306940 214825 981007 762351 982832 1 116728 609875 954790 519549 526386 432676 937839 662835 456655 767077 1 881997 365171 526503 713138 796147 233672 984307 432542 548295 536095 1 506503 885867 448450 404423 42822 748632 290631 284964 193036 776499 1 916475 247143 654026 288774 735808 646852 325014 46060 160822 35111 1 609900 86489 458198 60903 922395 261013 977132 486962 972800 438034 1
1 173112 586508 244303 622953 70624 415408 880346 14906 251992 152628 1 52880 485080 509807 240003 622015 139730 346019 688994 971837 913293 1 451138 219746 841163 29159 699132 247799 805760 406621 209620 701385 1 959283 9308 591522 951777 307510 856245 539976 499312 621491 897200 1 653712 994480 5556 617457 681501 335435 464607 703393 648540 61825 1 645212 281401 689762 364508 117851 457815 464414 473210 484539 10941 1 122581 115896 591569 760589 405478 753442 100864 587369 225426 148870 1 721722 484598 978867 724535 433640 102739 109607 655464 184397 129316 1 658805 812774 393248 569479 78171 520212 192868 93401 843078 261626 1
1 10776 246372 83543 174610 233380 213532 436005 135268 487195 465972 1 776909 18239 106004 355504 402114 808999 905121 264478 339777 611266 1 612174 907597 551197 645592 855772 281756 987429 504614 853495 426640 1 389885 386975 198482 18480 189498 346331 527995 629287 856078 790867 1 120514 285099 402051 839060 358881 779126 199117 180204 211987 262910 1 96268 199775 281327 802696 807397 982718 951311 367914 17671 391946 1 472236 919820 449275 493295 544055 191700 349553 263362 969692 887412 1 292674 168607 520538 292401 196096 14831 190527 901314 923995 954620 1 559934 211812 617707 702167 49665 297492 524505 720981 980837 944275 1
1 736611 323055 32490 770564 196546 102373 85529 896378 651483 175985 1 801656 667583 415216 198590 568366 241491 182305 442917 412491 926123 1 422769 409039 280965 198163 866372 430138 536153 848322 755801 179673 1 602814 325090 87497 715422 45470 467019 209199 178771 5795 395166 1 584032 782160 263982 158739 772067 944444 479613 160441 341631 179605 1 941871 442973 489222 471774 625150 838927 277465 208350 480321 437569 1 296048 753433 756836 724397 513436 26177 586062 423631 55292 7761 1 129181 487554 36516 543351 615328 960072 686057 521365 347758 392726 1 991276 820257 799918 606946 396751 347653 665855 439258 697488 889471 1
1 431407 273090 412063 563298 757252 250244 505815 26229 323919 179066 1 815132 615883 143582 798676 57449 159759 558161 524404 286179 829704 1 231835 819860 173718 114239 579035 546718 483719 609451 157142 294796 1 219602 659840 471727 785214 206024 970398 898876 609496 403633 101575 1 793137 666246 379595 468012 41807 447066 611366 906980 77222 395421 1 974712 505468 514708 18074 758841 132545 336218 984203 155842 350460 1 657027 596306 962200 185500 176991 171357 700137 152809 561995 162221 1 336442 208418 957061 74462 500777 842581 870371 636283 988227 809503 1 747117 831226 796017 368073 674680 394475 166522 775490 530919 294726 1
1 604008 134182 447640 238073 492678 311083 681247 611402 489324 737168 1 3773 551766 356867 137226 244134 224654 393529 267102 456061 962180 1 422851 333096 908210 704755 852409 258439 886249 847796 505095 697598 1 775305 399598 657807 142723 643435 463771 640249 640794 814373 45364 1 459885 692995 234062 706326 97385 583030 534577 399428 963836 51543 1 686276 409642 893940 218785 775365 302670 617371 511078 991200 168712 1 221446 97208 492303 926855 7165 174995 406477 102160 654585 26985 1 239337 262447 588824 280132 871174 82919 712283 279909 130330 430170 1 389839 672960 88660 900171 94212 132602 496709 670441 75272 932171 1
1 302013 11706 998088 111612 333686 16223 366434 795717 989151 668565 1 102633 539821 616457 17999 984115 201962 277281 484428 324095 392843 1 443650 711347 576918 834880 660004 606835 945627 76772 45411 775354 1 490531 23509 371272 205452 215446 55889 9448 992785 366239 583083 1 630144 656063 28633 201555 70885 301475 34375 616399 861615 966366 1 107394 202204 57212 233736 385938 352104 458712 446593 915097 223814 1 913751 976534 300175 819293 447515 225640 115294 108861 784829 786658 1 600476 600906 336754 208419 429094 460441 299844 749310 554012 92821 1 838494 880423 79782 173177 96924 669142 182270 217490 39064 217940 1
1 540007 462887 753688 214926 472181 322436 274421 36288 578364 627698 1 348372 423040 548742 767801 712015 554894 563872 910873 918942 175747 1 772389 94393 317952 37855 736724 172703 125667 798235 69331 80756 1 549810 266724 291133 772099 549056 731944 124579 996504 458353 271940 1 98962 108135 730825 654995 924053 453091 708221 731324 540541 801014 1 458698 155693 145613 916628 524180 685392 417125 994543 849767 644851 1 965012 253875 912863 488246 825026 864029 907135 216154 398525 628046 1 513284 677617 898171 492114 612259 832303 112819 270429 161954 200684 1 39263 145269 564102 975472 196597 141627 17435 17518 296973 158621 1
1 345521 98137 738197 796840 424839 543536 451782 836808 56757 889378 1 357607 847825 533368 851779 721871 315482 421248 614262 242430 162709 1 947002 93846 144707 801533 124913 418337 818596 929643 106498 583199 1 882029 480036 745560 764589 441002 293586 873967 935840 416834 771536 1 630203 73442 679736 107643 512185 369484 758180 260901 494235 843680 1 111138 215229 85958 390364 945124 971086 776315 41864 840322 593629 1 823303 488813 352360 517303 453641 678565 504130 156159 918570 12046 1 446152 49285 499324 801178 234670 939976 207340 570525 792262 583644 1 255041 117952 341488 116834 391486 472890 367157 760542 776306 655522 1
1 303355 338227 240060 416482 390837 667022 87178 394488 21550 44848 1 75849 145093 539847 71235 92411 74903 363856 788013 796862 929922 1 451657 100395 891218 171622 927082 912282 706199 480441 343882 76957 1 261106 533179 377293 542296 916397 223277 883973 43008 418503 38075 1 592665 687342 243987 248915 11230 619321 344479 76352 120342 945317 1 297091 312998 905024 788703 205133 480271 493986 979789 26617 363627 1 763452 982639 473181 423971 991607 905353 93537 389774 689920 66377 1 834673 566448 281245 452316 897366 799621 83140 479586 207105 189678 1 715842 777004 494535 662609 919334 162043 798901 598885 72494 296119 1
1 431485 529195 472034 126119 922277 141396 360750 948273 165372 491639 1 935013 846519 390053 200378 381188 564156 388974 176734 130600 168146 1 913199 329237 780783 606327 925224 160333 352464 590348 82599 422624 1 20132 770018 636131 998220 1067 555649 152214 380339 72883 636644 1 976937 312557 676346 957024 766502 413970 530142 968278 443892 191729 1 214505 496637 720634 596767 310097 29516 248055 464764 490224 3804 1 288008 32575 174770 106062 642045 501898 525122 248756 8627 769167 1 636123 72009 993865 97750 974441 751791 348994 679994 913907 372802 1 202791 991511 603853 869236 815760 492898 292441 303877 281482 785998 1
1 508077 969897 198834 176274 82833 308530 627207 597479 225430 711677 1 970944 390753 433845 546036 497941 459243 573085 315924 689486 828784 1 148351 724026 563334 444716 722415 84809 22274 296845 787002 795687 1 266536 263226 262165 468161 349858 629815 630996 20484 767865 349254 1 18461 623364 94281 653815 497844 494651 290982 531778 906037 726465 1 849960 198820 99015 830054 419375 752571 342874 990698 562073 993415 1 915347 888852 121259 535430 271639 316065 244381 629647 25548 461303 1 156064 465252 323605 832291 523979 520285 78546 617368 717664 821274 1 520692 120407 969613 435478 648635 890619 184626 5281 259928 396913 1
1 632880 680314 226959 804969 174308 83943 571682 95142 515439 470933 1 67163 306935 257649 660034 744481 598469 65076 208649 124420 349654 1 250186 662592 293686 115482 51319 870152 845211 183136 15160 803625 1 202449 998527 665663 599575 236409 911618 737884 478476 183904 844684 1 478444 886521 638460 347664 889932 928328 584812 487961 994914 520899 1 86403 285601 676744 110526 58695 395178 192700 862588 421636 106884 1 479544 779385 194395 116811 208269 778377 176052 521921 344403 631785 1 600956 781577 218631 170564 971246 73252 990971 172270 173504 140374 1 387154 563338 664704 10122 438005 230554 77604 965118 307403 249120 1
1 166500 846737 165064 414243 937387 876652 420978 544549 222680 52635 1 224474 420568 247331 610178 109647 959011 462920 367148 167207 91794 1 176442 349835 72053 175020 934769 306159 361008 701469 180452 834852 1 369832 657990 546392 302324 925674 882140 715475 367973 23972 519395 1 461228 102627 586123 213416 946627 633292 915756 473751 514116 62521 1 551685 911232 186854 145386 484457 710680 46005 641103 968919 114523 1 564174 715045 255085 264640 721717 781347 679275 932408 291202 917640 1 686278 59878 202188 148052 720279 100605 348934 6818 439092 106754 1 357276 81509 264406 417267 179813 518762 982687 882100 403509 474206 1
1 269626 143588 504751 125641 972346 993201 17998 544296 620583 105951 1 331697 186359 178981 538594 356390 752261 994838 993628 162332 564398 1 743964 59928 178631 726517 395700 107708 474880 539205 623320 329572 1 356214 931509 188726 201412 410076 788040 525717 60254 282560 12842 1 716342 976986 421140 297640 592554 968791 517493 469838 508702 556210 1 307143 947875 108225 762381 732591 57940 370766 447414 916731 229856 1 478012 537569 731532 10447 391637 811293 221226 407749 810890 441133 1 308541 584383 730143 157182 989431 955016 238922 918151 318551 547183 1 357632 663230 20709 477098 758944 289707 944901 469065 437484 101066 1
1 632430 444153 246004 23318 838847 297190 781373 474451 168921 133432 1 199288 29214 54053 777723 687255 699613 350579 547613 985674 895537 1 560833 782842 390626 818312 576600 601078 383969 680582 170019 909191 1 245037 2593 774904 519088 284287 755111 899198 65134 407859 766257 1 496988 578639 260389 818661 307246 732107 203805 755432 896104 447037 1 99365 431134 871851 380195 429643 161511 418506 253317 627676 689429 1 561405 3433 733804 256574 888624 649674 643352 680427 652441 153463 1 171170 751453 801801 227041 846171 848001 239812 480091 661538 400925 1 247991 358835 238220 73444 790270 721646 100332 625093 446603 293601 1
1 264064 43367 967555 308483 436793 346744 238225 406977 472704 308867 1 544277 241698 882146 496532 859936 101461 414225 563254 293571 648843 1 284420 621161 614280 184082 601786 323891 418973 902899 91263 171574 1 28327 275889 646193 904283 637357 74152 28020 330454 766096 668680 1 383435 691447 637241 431516 842780 133774 397550 905462 781853 930582 1 428258 175488 729553 782023 391509 647581 164817 196301 834332 906090 1 412575 533032 624039 466930 44338 845062 851726 119899 894597 883739 1 787186 4794 607083 713365 830128 760310 294788 252294 982016 129519 1 582654 269469 220740 211425 239618 63448 601227 177148 243069 183998 1
1 455709 399715 613178 388382 132331 868314 707391 47105 655727 260197 1 761828 95623 809223 729920 627166 758817 517241 76292 608016 751806 1 92966 362886 348185 739285 947257 225411 841130 845529 152450 828737 1 334601 422146 783880 58244 924440 435691 263136 785099 327355 830840 1 847214 288454 998008 177738 940956 662011 811711 932619 545028 788128 1 852022 971919 978693 428139 476219 658764 221331 602329 305002 600008 1 273147 165489 910349 727373 832364 808395 476425 119571 664289 584521 1 838744 191288 528231 916746 452435 567931 466778 132098 64468 622227 1 173770 592698 386775 514786 257726 796223 835543 537015 473605 189904 1
1 239491 434933 4938 589640 592542 105547 357005 602834 417513 774209 1 901624 285559 780253 368256 133709 165263 44998 848400 750572 775116 1 799499 170580 720533 270447 237342 781304 331555 801235 301351 66220 1 458715 848857 110492 483328 858250 962128 465231 306735 947019 9359 1 564831 366508 469491 296359 315342 663887 290334 221392 211519 678417 1 845248 512430 426181 154790 291686 450819 756868 239419 889638 681904 1 417506 314622 245922 438850 550802 679638 895238 632991 574715 482184 1 661999 50623 108581 888241 113539 476428 305283 520280 365107 634642 1 248526 989319 858806 83118 254093 749607 501333 373977 261401 737396 1
1 543259 525098 911534 621196 21025 364457 485748 958737 465200 840989 1 499272 166231 918897 493564 156864 527745 711631 161857 929995 152051 1 215351 138015 419893 786903 402468 159035 510815 852075 235264 351376 1 301512 626748 513034 514259 836817 70053 790141 206990 122818 247643 1 351897 298150 727587 552123 717282 884124 348537 515030 237076 505111 1 149913 898568 867601 925330 105758 828745 699011 144353 297698 991591 1 52021 552731 611436 774462 679591 232562 609179 25626 593939 382010 1 22743 725120 626383 201843 323296 848527 26816 815029 667957 933058 1 240090 966254 120207 437276 410510 242482 714131 169121 290606 541939 1
1 435283 968824 604301 250350 284704 786147 588594 512703 399217 375558 1 740031 515917 230125 428703 439658 206068 241518 633399 502874 919302 1 176877 207686 618468 166974 71603 751423 235395 872321 787264 19343 1 44090 916703 275891 492827 956772 3038 894697 207247 769118 412701 1 117458 3466 843934 929632 436788 11105 427199 707632 714201 210842 1 838841 710197 836994 148138 482055 758844 83262 409341 298471 565544 1 533794 435480 795059 623722 461525 862725 511896 417769 115700 921754 1 208414 756555 349494 572913 638775 268415 468508 977000 395751 116991 1 375174 962487 857160 678400 837973 115032 459689 657196 929450 850031 1
1 665850 735282 538690 879285 391989 898428 217143 963658 786547 526995 1 835937 39274 846381 270052 463936 151112 494179 349909 502165 794213 1 820975 685748 672235 957990 854839 768082 679463 280464 439232 152854 1 892202 587925 984403 472037 576100 568875 983209 860163 67162 632515 1 60539 661358 382361 498011 783607 950633 940782 170673 994191 460260 1 279848 8321 93259 321930 179352 17424 594199 642337 339452 545477 1 529550 862557 660454 941559 83153 75357 630384 455474 470158 203580 1 141812 861012 438523 152876 448529 8229 691072 54180 97934 383219 1 482781 75693 424571 67252 769806 360197 133271 197082 422311 134358 1
1 710273 911245 520855 882096 670678 452730 177086 942997 956594 245611 1 964250 870966 887274 263009 148352 723731 679386 219981 380300 766520 1 608360 39764 604590 984735 291929 706503 162672 562888 742844 991275 1 635594 95308 444033 235829 866713 103135 525923 286659 912603 889251 1 271553 839814 226848 542848 138429 35647 122226 644245 488495 346675 1 140295 336156 24848 18629 788347 725038 202958 281743 161243 862994 1 445838 921254 970296 971750 801211 539010 375074 776479 856596 835004 1 505384 558115 14822 361667 376458 89883 207882 970037 858885 671890 1 944714 246904 537692 328590 191012 669510 64914 785986 160235 91934 1
1 988020 170496 15567 673069 440935 102458 286330 51929 32182 390364 1 698151 823537 914755 325901 43518 118519 579719 796162 663715 996363 1 686752 907481 336952 426575 184899 611708 609995 721001 95703 214932 1 101645 881740 831634 692430 827915 163798 989378 591109 631070 437711 1 596153 474014 66234 582252 565298 641201 694773 144728 330178 843287 1 75060 969740 211911 782927 546735 314544 174913 406340 573360 815526 1 569778 540441 745494 883600 379421 866573 454276 733561 200128 717502 1 411075 965807 49505 760206 353105 468282 303619 9920 761970 216281 1 431546 951474 430591 791111 450683 117281 211764 279039 340343 573834 1
1 492615 710418 34147 237254 822879 23736 369519 837453 246218 778175 1 768537 410207 657117 481154 420706 95398 855740 761297 176760 601931 1 106079 596792 21551 839960 854537 777316 551974 725629 355890 746256 1 638126 204108 200686 406114 618331 361843 163374 786037 270133 518230 1 262672 672435 230235 608494 362442 987454 761889 513813 55810 762754 1 96415 576649 779842 823539 878687 309323 914505 357492 12236 40639 1 768884 382763 352003 650269 937243 757777 135937 15565 34374 923310 1 211743 171645 217946 680920 676234 360232 893090 42955 879457 37642 1 618262 239127 477085 213462 536854 94810 935039 6444 934641 435050 1
1 130140 642232 924388 877261 195734 759853 747512 642671 149855 303269 1 665671 404109 601918 32896 536553 403107 440112 847542 535657 649830 1 450706 542527 469119 541527 719254 338841 129273 872099 56092 941000 1 821174 665397 829147 198214 671009 24383 239980 582153 551139 399147 1 816536 591826 670208 139406 316268 239535 833859 73336 390002 571467 1 200305 25829 482750 761456 681278 727753 844623 584895 136628 825361 1 5165 668206 948652 167743 704107 455192 153704 821649 989475 731989 1 666218 493438 349841 158370 562207 837719 214982 793075 527421 817607 1 146936 965239 158475 457814 156640 50523 465124 416368 993810 597937 1
1 301594 351210 663772 621103 106787 9291 476813 49796 856827 170056 1 161223 379799 546772 107268 254393 129261 577096 328754 186313 510734 1 956085 417302 76120 890441 214983 896 457758 859631 580142 595694 1 699739 270159 5677 665663 189034 1503 764524 911336 83330 371785 1 8616 280802 255863 17475 491652 477737 882107 79508 608379 96521 1 359997 470831 984443 340014 55182 70411 182131 657418 130667 314458 1 631448 651502 811877 280254 603392 740400 21554 296480 917971 146621 1 18845 618578 977930 199536 123119 262782 236664 403598 876584 296813 1 234212 823764 544176 655382 827350 572694 848982 828207 315808 759970 1
1 124602 133301 165626 304033 425381 815648 795097 137544 112283 354921 1 369672 981486 301043 59478 600549 642736 681478 284721 547545 539329 1 844859 158586 181586 52634 882798 51923 683023 859185 810594 945604 1 415492 193640 855414 516431 55296 709313 184764 701105 270875 730990 1 309015 409168 723781 43969 719466 81926 562446 199663 201173 338369 1 564678 934632 226978 372826 616671 304983 770398 201738 378706 796113 1 254168 392793 269630 432366 693636 544119 476315 963142 223600 393609 1 203913 853477 590188 476016 588191 750 973501 123078 883410 644552 1 563036 804585 916646 376300 472393 914814 191800 417904 392169 790432 1
1 714029 448952 574055 678163 902383 671646 117407 441691 465526 319022 1 270513 421232 516994 340703 669401 569882 539504 344950 882871 371782 1 96284 83551 51729 447675 92266 324023 466786 814747 29243 789532 1 186210 523989 801154 407810 395447 584436 374961 139402 301250 245708 1 349878 92987 777319 416081 519164 175097 965534 201025 22560 553348 1 157211 14975 943302 812938 175031 997095 321276 557319 995411 758785 1 355344 707904 229312 437500 863288 541669 444033 885846 987805 913056 1 688247 525555 684157 303171 482226 714247 427933 808528 105241 629562 1 449983 398568 759211 983823 408777 896050 110891 538889 104560 642643 1
1 973843 199121 557379 677666 552977 348110 467268 512704 321806 690257 1 147835 90532 280039 527894 394206 565460 264250 575347 573317 983699 1 80806 666659 879040 584458 769413 377677 746951 963950 554200 619567 1 852515 85374 195722 725471 672195 81282 424534 147904 375219 27549 1 725160 672138 632844 728588 84929 496170 81405 616091 38353 765395 1 311665 967302 590135 77964 913436 635939 941963 51535 365522 540898 1 189579 55925 564099 150809 44078 31177 767005 928536 858549 820290 1 638062 354213 46601 19004 769030 432270 144636 743388 40608 11515 1 372943 930239 696966 200951 735969 350686 685576 979385 336095 213519 1
1 611612 919943 757853 883019 551438 948447 248913 141824 481458 318069 1 929213 778125 534902 515762 853197 625901 495813 70788 944552 953393 1 618676 234751 458067 963326 558564 757897 253867 455563 84076 796837 1 901263 340391 753068 310834 847458 699210 314055 66489 864262 439384 1 28310 724535 953691 389869 175138 220881 822541 679178 372286 725808 1 535674 828736 272741 657319 572238 540796 880787 131850 467921 378224 1 909276 249603 355835 323852 853051 949275 10826 701320 802063 233525 1 621485 397472 583046 126749 568732 511937 270305 988830 194298 448422 1 130017 366506 757174 240739 336541 785108 127772 191038 790939 258191 1
1 597236 241799 947734 677184 835782 643946 817366 565210 20027 411637 1 461157 151522 746580 362299 339090 594415 277462 160707 156152 75215 1 979510 240286 402891 846402 766229 476551 654313 269455 821707 332112 1 661621 995657 88749 671258 819974 718072 701047 768680 951186 214477 1 136572 220198 340537 542814 770941 890437 78536 93390 809030 209811 1 295109 751210 732609 534535 677946 995096 854966 919290 996593 308513 1 740394 805299 24975 817177 573135 751987 300504 467619 35380 779673 1 377985 39073 867816 405649 568632 399264 716875 192585 470660 194318 1 980758 323480 694919 554256 238626 559884 266713 749867 13964 971614 1
1 329217 549339 986220 11164 912238 969914 144258 573627 679380 606121 1 771761 353562 340326 139360 524975 285787 223389 852360 284656 169784 1 507631 579094 382535 847029 44831 633232 451305 946488 90420 803648 1 561843 975357 785772 438670 355578 857464 118299 544059 484584 181762 1 878811 985752 596936 17905 756516 488912 411797 114378 496973 659100 1 42918 212000 903255 977093 220973 107514 888577 871522 159099 261439 1 966757 198830 797218 241974 255380 106119 915735 481674 534356 86703 1 670555 534716 167410 445858 91203 555897 79136 892010 601465 433232 1 599127 207358 341002 284172 600420 119588 760563 121552 323970 685405 1
1 824436 291937 848980 503830 79730 76146 709844 506214 996139 68637 1 223958 396380 936562 730899 944626 254382 410021 673947 454557 59904 1 573916 89337 923737 877253 179002 453444 95196 946733 27917 638422 1 647871 860350 91892 133177 481529 485816 242284 609534 909152 89912 1 843243 111709 631482 874820 803340 177244 510105 924928 858524 638080 1 227289 879721 635944 248164 688159 688539 91783 158813 917026 280209 1 441188 774029 698872 348193 604964 425427 44788 388199 967387 913244 1 195542 122060 122015 230828 70454 22706 987378 926849 353043 299467 1 965429 800063 743032 526192 167080 660198 241630 50420 820538 400148 1
1 7895 282226 241244 221499 125 424221 978970 771861 452203 197564 1 177929 297533 304102 346262 71189 373275 600570 988153 161811 187065 1 557359 57094 393762 481879 988474 687134 580430 260328 98891 369659 1 915989 780529 356461 541139 281369 825377 789189 899522 956342 949866 1 651600 481955 19173 638694 994437 55517 936428 475022 379129 950711 1 172326 785417 208694 612773 655458 370700 954512 395863 860359 431297 1 979366 956509 594036 236639 547555 546575 692755 948506 386694 298742 1 635826 369954 685286 637580 579268 921684 39131 22837 839286 633206 1 459937 35493 832344 473312 523433 292608 8424 373051 791026 808351 1
1 194407 124394 763233 195426 151293 196203 570971 601700 978282 6926 1 855399 732703 479167 876286 381614 799304 425161 219915 187890 740022 1 786071 743271 46123 318097 804460 550130 442550 677960 499131 330993 1 248220 846003 796349 100769 142420 523259 44977 164895 250169 744330 1 556805 385281 598463 948353 724191 717973 609140 46042 758039 410164 1 928871 370299 458428 992981 755298 940985 965391 828402 39700 678461 1 758355 828614 539009 339491 360421 435101 648277 781059 77735 447065 1 99802 627093 260746 897838 53468 32933 335585 848746 986291 179509 1 314454 516795 31578 361906 470557 136218 978771 606508 637280 791410 1
1 4011 569292 148942 634952 306881 201894 719286 776551 363970 734169 1 260364 159706 268091 89716 467002 464564 602983 425600 428886 689474 1 403964 963785 135622 781554 324750 461756 97093 764909 438061 574954 1 376610 415735 830491 603728 646368 160030 294499 556777 796782 930579 1 268219 255346 451768 298672 772053 467520 545400 265112 774695 436017 1 90192 780610 589349 738540 116388 416929 787212 974855 879937 255328 1 783985 962419 338005 562492 274483 627546 328113 763821 745984 392221 1 697040 390781 955104 372399 578097 675533 586195 114833 505047 682738 1 873783 57333 310975 820782 340462 70429 157470 97959 885888 234438 1
1 457483 242409 63177 280639 725347 51201 887604 391619 300740 325463 1 768758 648428 27006 864687 148839 99132 845805 11282 237861 244774 1 873250 347156 55112 70692 614825 36965 88256 310558 335085 260064 1 649165 816955 203501 470249 416757 655238 749715 71845 801847 189950 1 869470 600753 557984 725107 557966 110592 156851 948546 990983 431218 1 790586 447556 672794 753668 405466 1992 732891 540650 60440 831736 1 684667 269610 807368 848303 905339 564242 223091 663967 588013 21959 1 260729 439547 585062 477308 427219 927871 907200 679519 915648 578644 1 31786 759540 939681 377418 849214 558981 283556 743680 78293 786620 1
1 982654 599258 830675 163341 444993 219498 88553 558168 192895 326543 1 264027 352627 346967 575349 459163 980488 436947 818235 697739 129131 1 786876 272764 746536 393613 118771 444557 699684 438576 647291 640544 1 665813 773051 688497 920689 810833 760332 375877 870471 677090 817659 1 850154 645671 538739 340559 578585 665314 471457 285456 550829 766013 1 703697 958342 367869 454654 402793 364048 970974 242039 691732 116667 1 649258 409653 123926 856667 342162 643041 701718 719632 845468 979252 1 248881 917247 946329 414338 787947 77439 70853 582049 429656 564090 1 741766 160583 955568 657910 373073 85261 656619 529235 511850 611734 1
1 769270 755232 427916 184370 599389 984884 730289 870268 575448 441733 1 20113 954023 514840 463331 221751 919349 933584 760009 51077 791159 1 580066 826235 878176 359067 393544 946175 671289 452497 779072 291230 1 952703 591039 616334 242941 619087 990919 892192 508310 931881 156101 1 41103 913690 321186 770058 733848 266760 826312 204151 790066 83812 1 129117 312152 872469 7326 198496 984325 828433 827911 200973 177368 1 137103 271457 784949 231999 463545 571554 788094 474261 109523 327180 1 375885 29633 562896 898256 959724 394847 760458 650579 745979 149787 1 905371 839033 857372 901105 399833 25786 489476 864437 17464 423248 1
1 475966 16404 499235 721735 977466 793271 411666 677005 870749 482028 1 398854 34186 648093 974376 276885 248473 581994 482079 485602 123956 1 722124 214213 45652 346211 997313 897717 203757 779235 331918 211225 1 479164 62841 459324 614789 60486 852891 988706 900884 920886 911410 1 414452 927244 561286 675304 427815 131619 608242 898926 653872 401857 1 995158 975777 298364 820886 842953 485710 546124 122560 439965 346913 1 177938 572847 624425 827586 718591 923573 677912 398101 414219 726016 1 370256 564475 5051 869279 261610 302036 350415 82235 101472 68331 1 383579 195304 207185 986123 369268 536518 260976 664038 534593 236125 1
1 300818 515216 213553 635997 294341 920547 542563 249916 142118 683159 1 930723 628377 911232 924197 154561 398480 993371 811931 733083 998057 1 778443 55980 4513 852140 65932 71393 571958 163004 46820 405714 1 612870 38800 430382 803526 159542 579798 138345 296398 290298 186415 1 36427 271946 561243 705645 574904 437130 624429 664897 281034 496522 1 430905 592952 297211 996158 579816 702128 73802 194974 481216 543482 1 599523 701501 325170 236179 989502 200043 426961 320849 644799 80690 1 512193 898933 666118 140476 367155 403707 568069 185161 406097 647659 1 57312 470449 703816 100190 825693 819578 791255 212894 454415 281687 1
1 957619 379574 657971 616056 604962 139513 948565 770321 398849 260768 1 631413 878990 453347 143024 589271 807682 191118 662431 719353 699653 1 849118 6331 661524 556534 116942 423377 725768 864418 560611 188187 1 219394 951676 583468 957911 36604 558479 278353 23014 850369 536627 1 679131 917620 214842 511522 657549 798912 504941 670679 766747 94798 1 743458 105092 641193 869421 2980 158050 661623 128982 1341 428348 1 287453 467063 887264 482029 527882 634506 830389 485403 64061 953365 1 300422 632519 228665 413157 389377 907996 962541 903209 991009 65033 1 325894 834852 782406 25260 38570 354225 554410 833755 165076 599569 1
1 527245 316520 559131 707991 563207 218913 307018 115142 168095 536599 1 330073 138210 599914 183104 827473 157072 659260 231634 713572 158284 1 221714 292994 235265 952233 888742 279032 670954 468795 901171 961109 1 994861 923554 630423 225472 166625 977845 710363 486578 970192 448993 1 988338 792735 371153 240982 328032 826501 356072 334869 373276 67835 1 643436 383710 497988 976950 146604 141795 289212 906016 168814 541205 1 515412 424845 525164 740314 7845 824637 276063 540023 967762 205779 1 532147 297339 251361 761957 791373 486654 562976 636301 786452 407555 1 620607 472189 118980 360868 486301 828622 316330 721923 209995 407262 1
1 7902 209812 48100 691314 356576 714577 41955 3758 987023 345130 1 902797 674250 802610 67915 32390 165871 855286 485583 186628 479169 1 451883 429156 493675 584555 441001 251310 691479 974297 562372 444187 1 999932 947760 454057 871922 543036 495739 15892 371731 349101 160908 1 648848 734398 656725 298007 524852 932507 718195 298129 165125 13236 1 811101 846467 804157 512243 546180 171828 284905 350281 261288 171184 1 721470 892959 982316 338725 424254 991360 263493 21814 308328 208992 1 855006 318172 39787 152254 937357 982675 837949 875961 768269 50974 1 153762 918261 881278 926883 483443 866166 702410 488557 625358 863209 1
1 545850 945643 596005 816993 51412 876132 306455 614069 541630 464371 1 719568 133165 882471 881474 508162 766102 827442 445429 448553 626701 1 908302 285042 380180 640344 275999 579624 48164 738421 557089 574757 1 75803 421491 543781 592269 142910 444902 313000 932068 61205 644714 1 760488 140621 769446 647915 883571 774119 678364 839136 818535 767905 1 777632 694474 404175 626090 405402 237299 417830 500613 162525 964986 1 971310 376892 146032 575182 648132 697990 882154 361448 810200 845127 1 467639 65883 513031 128983 915141 411396 625313 164179 304534 657749 1 380353 788031 444815 265137 512346 70 545531 639069 998232 236768 1
1 210745 840396 408451 581049 372575 711394 130252 413243 88636 538392 1 949675 17066 752131 194212 30095 933923 705926 789943 118075 319113 1 314220 730020 111063 757094 548330 990989 139047 673343 765188 214482 1 208613 885862 525470 468875 637112 648622 630903 32930 896319 585531 1 649217 926496 9636 756890 521443 99262 659605 927151 835052 731304 1 866514 256357 660861 431134 142839 76677 519529 120544 932060 344262 1 715664 16770 748282 657815 423856 690287 671827 307149 406137 800082 1 412711 248133 582358 160052 67364 762895 524861 332311 17421 603210 1 409303 623391 728219 653791 965254 227669 868420 143446 785326 434506 1
1 889822 16537 620183 182609 427111 139985 169447 136602 361485 932650 1 363234 270771 629210 323723 43839 920330 605774 537694 901923 769342 1 367612 466600 438592 341014 531252 268332 736085 163377 423842 868663 1 398672 848318 781249 786513 262170 506374 224286 321828 699729 680630 1 440068 249267 97508 805895 682849 927464 242009 5464 978037 263586 1 762646 939735 372031 952585 243185 678864 711376 698686 972413 877318 1 103608 376731 407377 115228 672735 972768 230376 512817 145540 351681 1 166964 734408 45118 468771 251866 872851 482717 769641 135282 362140 1 70335 322064 745044 96708 575702 489227 548594 38164 722133 574022 1
1 107382 521905 972612 905434 286145 331323 402224 627820 504471 710644 1 21925 99624 174035 884783 913260 177936 948577 662776 475511 848223 1 750887 152000 488335 506888 809877 369119 614426 514546 495039 615391 1 217691 980148 330310 415093 724451 633022 641124 944972 34948 316091 1 639258 336817 722340 325302 187053 570116 139994 846577 205931 726069 1 494061 948066 968929 139642 939546 806204 404694 997632 789272 178043 1 128776 796632 784202 472155 921404 623780 270773 399762 922347 477643 1 399315 1278 579169 478465 203056 562244 915898 42341 941251 590948 1 620195 345866 227898 351003 915551 867483 562663 395705 606227 507054 1
1 198218 487464 214529 385422 515110 257104 343082 96239 782674 322937 1 722418 492120 557195 53 107458 398104 134599 568328 555357 457206 1 493924 338138 124293 784431 895696 880694 463567 685748 693164 357868 1 388440 288792 595872 90315 617636 97437 975091 696710 706793 106206 1 832841 24988 443096 173793 98059 169277 929965 291647 909625 982432 1 23559 76693 477595 569888 112659 931929 881872 905767 515664 441928 1 408760 197889 134622 522306 245949 670351 87424 429459 786527 214495 1 431325 565934 862906 499241 853898 454861 689305 514040 253244 883466 1 482540 114074 855657 849228 843552 580256 525008 308817 337433 667393 1
1 371576 558397 667188 275285 728614 189895 479444 753710 52589 526539 1 591667 961441 725132 265757 758235 809805 800499 488030 366804 820036 1 946949 148267 773280 806933 932928 524255 459434 284658 799608 104115 1 886720 600616 183066 759234 795150 375990 645354 936313 381870 482281 1 50326 379026 344755 965007 584513 920886 883159 613110 884712 593391 1 179150 269966 430110 793179 769015 749514 334218 877984 186092 565102 1 348638 264545 915269 489269 948823 713497 73939 492635 577690 502824 1 596750 925494 292475 162861 254476 663490 992739 38947 414211 36718 1 801086 827968 344887 504407 465180 758234 626353 643614 238948 777053 1
1 507368 449540 647318 128956 908291 748556 373993 97030 442324 990761 1 305210 921213 247888 606734 899744 60098 103332 42385 200063 166972 1 669564 389862 386377 934771 342614 206654 7783 120023 998659 356862 1 554869 779808 20983 764764 667703 879838 279808 16520 219898 284410 1 999169 762794 305690 278063 207882 671554 25906 612812 51337 348396 1 493233 449133 256755 473125 658884 126032 315916 974739 15503 544411 1 425141 794308 249771 397419 740550 683195 452455 714666 909760 553433 1 873783 895141 848579 891575 630572 386368 653283 989569 85448 937311 1 285582 753870 935357 42538 384909 92075 406401 742412 226084 580619 1
1 584616 891866 113267 386012 58832 559978 250716 661591 395007 538283 1 500880 446083 671876 12219 867051 672655 351952 393019 94476 944334 1 948683 209708 943801 586188 819590 428776 174128 828582 473599 655976 1 238649 50366 737379 740387 70846 792919 154958 533266 876270 328869 1 116771 694929 499561 880450 848201 163197 453173 93779 851321 508465 1 562797 467221 812227 395988 409262 247659 200444 433746 37720 382685 1 329384 480991 825732 508809 239850 904519 312293 879180 677022 460891 1 577450 551623 594511 66394 967769 834083 523502 252670 368959 120062 1 134780 495154 326430 703105 968779 809451 86641 839698 658792 133879 1
1 504752 204228 563961 230750 144978 426270 521518 473739 690471 966285 1 837549 85270 93318 470097 881199 229214 199683 278242 564157 244412 1 13952 729592 912000 786142 802353 656915 526023 398964 135420 991051 1 101364 618400 261758 148396 235949 353949 409943 363769 544870 231983 1 523752 151728 861951 741694 88164 589034 948162 224677 235677 672117 1 134050 938353 608709 706803 697736 666603 107997 842511 163841 756835 1 326699 691444 870567 544121 29716 396075 669991 597064 308108 838259 1 100193 469440 501703 857598 158028 852945 52761 35211 373523 982121 1 76373 832682 939602 611316 238372 398727 53018 233530 253641 364981 1
1 441178 844505 87842 661967 129515 335765 985534 926388 831872 242656 1 325124 187691 744059 894099 678023 712571 791056 372757 605044 519516 1 753590 514473 94504 910701 693397 211155 833233 561225 421815 46924 1 362636 647016 435400 874033 349310 851099 618218 177181 732550 49463 1 128087 267376 628694 579293 175407 236052 2935 574932 253540 921125 1 188474 297817 607780 187283 762126 10602 231783 546966 42594 797736 1 267472 578820 879572 710205 854880 879551 531782 687781 921073 360870 1 762167 184403 753610 394804 835740 948898 73208 37582 939225 901327 1 982998 962944 651932 985260 335215 712711 156065 29945 405842 622189 1
1 47783 729899 467228 760561 993446 824731 533672 5822 659337 41465 1 456673 283718 267617 823539 540942 905279 143048 460680 184552 691219 1 809903 802969 355746 186826 653557 62918 757435 874566 202678 517676 1 338012 677786 929329 993748 18051 401588 634102 145970 11579 567216 1 573088 638617 797218 362403 741921 3777 653947 288947 67840 566487 1 852992 528406 59482 176260 889774 615102 754010 521163 888991 308482 1 411447 105086 797221 851384 694747 990054 964826 875408 229772 322514 1 396234 320257 160964 726410 768043 912114 455621 207787 733133 891148 1 372019 626055 437092 387498 625175 825059 241702 84100 302417 107840 1
1 930466 40894 749349 890151 468226 890206 530928 128702 192888 534287 1 163197 645033 99182 35783 331902 312430 248922 358680 800262 832859 1 659424 935331 338522 263857 620037 416988 39905 779279 463670 739294 1 323676 115581 666223 582077 822692 613737 585767 132365 387448 163744 1 280289 687361 42627 267901 700032 992924 399176 431972 711283 250805 1 462770 74218 768178 408947 963826 440602 322125 968007 86886 158432 1 732962 188164 187904 907655 344662 985062 136063 841467 185419 65230 1 142999 42260 973413 4611 83783 973457 593208 932643 711883 126134 1 286479 572569 836134 595344 842535 233564 341363 180300 354488 603846 1
1 875220 733803 625432 871423 443937 276184 898946 132139 611664 922851 1 13523 193296 758127 627144 602346 599521 249706 248023 665354 593159 1 82296 372292 924122 120456 283901 739288 484097 551218 121924 539943 1 127598 63298 893963 593367 157261 342552 283517 47368 739463 714628 1 33528 282163 757483 594662 162410 99084 94465 382049 837033 749969 1 219214 916488 480631 760612 243103 790406 810230 659545 874421 769296 1 192734 954215 655552 144280 798030 401625 510670 714077 353923 365514 1 971715 524121 9406 584754 37943 952622 309667 1055 116054 276835 1 341003 156669 888844 748831 641766 416026 525851 512056 763686 951055 1
1 60416 427433 783448 186627 698051 229300 758604 310043 480748 303151 1 801686 295093 806598 916153 773841 310994 751947 258490 286345 138586 1 708473 833127 277089 791602 486759 269663 347708 787789 965821 389434 1 74758 702283 360729 653193 842526 345181 56009 692214 154581 114215 1 9692 234275 193810 392678 633099 42903 511389 730521 434592 760100 1 931701 645365 307963 140535 993151 127461 487643 662155 802409 731016 1 313388 287567 831690 340295 235624 751031 364320 200903 886200 881946 1 562495 383762 353538 575711 626550 787937 652531 31402 425931 459219 1 170017 521932 858291 630957 229199 756197 658248 539711 10414 507118 1
1 787283 800388 547942 182937 827372 542617 67880 195001 794928 395094 1 798362 277361 825444 751775 598287 964441 762835 850025 786402 959520 1 848812 109572 619078 392054 433666 783825 360009 121782 316424 63168 1 580779 148874 303804 796177 327084 10382 404749 117425 440293 857798 1 154256 445888 856810 327177 642014 711133 95164 401224 525975 768613 1 618070 568703 205189 524716 616206 428782 111336 38713 662758 697781 1 787536 535051 718424 929646 387203 809735 520442 629119 36630 492014 1 982307 424011 343735 142420 474368 26280 782293 890298 222826 832734 1 907030 645960 440886 161062 583060 905339 610804 52532 371324 772343 1
1 955045 707166 447722 444677 477322 802403 708224 235985 365050 921320 1 390300 35806 256638 975270 897816 466609 277252 386944 116040 390807 1 493649 410320 251928 112472 473021 594819 516507 82128 191274 430635 1 513690 643422 778253 15919 731120 789056 243376 507837 133041 338243 1 196394 117615 147583 493751 745683 831844 202498 785672 498302 752063 1 759908 269014 937905 302609 19764 303608 501653 557852 775056 25126 1 424680 42096 445568 294994 796206 489309 792386 401760 405309 886565 1 779675 433126 3050 408088 799802 174056 828089 848861 541365 300854 1 346779 309015 543477 662751 411294 148899 201552 524369 718372 327227 1
1 402212 709787 918034 879576 805867 504687 163367 595291 781882 80520 1 138680 687426 186340 610055 50731 507889 641521 514494 548154 194696 1 605103 207289 157457 702948 532158 405359 535957 994872 177679 672509 1 985835 574221 723770 317012 479856 238177 466130 933066 555126 765269 1 568335 826537 643616 993314 973630 27814 638124 287790 770747 130578 1 558457 135480 728522 169288 294090 863977 441222 898931 830058 57176 1 490712 861565 388851 797923 155609 703363 210371 581133 13714 384434 1 843021 803406 986171 827602 388776 436263 821239 512945 39230 90717 1 448073 780209 274832 689965 220077 505209 460856 438057 683575 342102 1
1 424534 599214 715619 325092 776131 268365 719523 152543 234861 343897 1 850741 40154 723717 607657 406649 661182 902689 417946 335576 875331 1 741797 917315 371901 813847 137050 757589 585441 40214 811772 481107 1 246088 920162 386521 551349 820231 891890 278052 790208 498769 804502 1 49097 1691 190861 375040 977234 581239 177943 910785 276276 854265 1 852699 272659 767752 488015 650409 465556 984547 712969 665716 170465 1 114316 522222 203393 674377 332094 686854 882463 722763 856404 213536 1 851596 936459 944703 295754 489953 799136 894694 231285 373689 153198 1 815650 669838 559674 39996 170302 569899 253161 802648 943259 861604 1
1 114028 710278 729089 482518 400056 921128 85143 999883 811158 453905 1 827531 93045 138515 484677 577076 852413 342368 268111 635005 343957 1 928467 489963 983086 226231 24585 542203 851783 529016 843241 109835 1 283042 368517 391305 605038 361555 925505 814152 616201 60513 471844 1 207845 44322 669327 630524 619954 966103 856754 147911 677597 984535 1 136921 460278 492551 500873 687026 695392 102168 704652 568006 770046 1 808104 592224 795680 900654 971003 980220 140707 200583 596428 199898 1 893517 574088 709953 310296 760570 853763 521802 112313 103733 499492 1 969668 809924 984252 235073 357273 227483 107083 683952 401763 392931 1
1 155651 31721 620484 409989 971616 510813 98394 189216 536102 807895 1 671034 8358 532330 834836 392231 749469 308396 456306 532486 668439 1 288781 264818 904276 125444 792798 51845 334799 396262 710026 58440 1 810657 587788 269825 761200 263487 191367 475151 696136 640652 638399 1 543860 875489 548613 598253 335086 638767 374175 831187 986667 742342 1 246342 903354 90673 436687 819982 824772 819237 15190 518617 529935 1 592959 517214 962010 766218 308539 924700 831446 186087 322422 418881 1 873082 189132 827403 200093 404601 853210 661394 999911 271694 653625 1 466321 955733 925971 529959 417076 811722 45292 101440 220373 935617 1
1 36520 154021 24220 347803 587153 32407 725804 424529 233013 582124 1 887934 611293 339217 302622 740527 22721 519569 971003 797348 845532 1 377099 813956 715736 245730 802342 264216 553059 518135 568917 183998 1 256878 454721 215482 796663 189599 141649 769965 388586 219639 531575 1 247321 97924 446092 279363 398012 820961 438573 781022 300343 711163 1 281487 537235 754350 113737 879321 91128 440383 129522 727416 269100 1 269488 285298 55220 799268 102929 641412 332802 425220 581811 537620 1 15640 644937 36503 697240 305578 571001 664153 891307 344634 76672 1 347596 186363 632662 903929 91482 481921 9769 624981 808282 440264 1
1 294880 204827 277029 100903 692993 921451 742207 391767 796007 629097 1 491721 122549 380205 86487 680738 587255 501237 101848 9291 118019 1 227461 450324 179464 144275 662941 152551 722464 118987 943878 311984 1 764412 55507 908347 298337 157075 12188 986781 380578 447610 910001 1 890032 698630 847494 877634 84067 293553 333514 755667 806350 825536 1 512066 461409 869233 114948 508172 845421 80056 793581 563865 522262 1 353088 256593 127117 648137 979371 356560 282562 881087 186493 937457 1 965490 958849 864301 116576 133128 332728 904873 871906 956502 875391 1 288191 171683 921286 257379 860562 951249 368220 758340 845741 526220 1
1 354280 130334 159884 536544 391080 732493 151346 908600 371106 669228 1 919751 720720 282357 217566 93433 613930 741445 806329 660514 731979 1 938332 626920 680703 527306 650145 138449 321797 482859 961403 845110 1 351309 213877 350438 667977 627880 68434 350351 608837 403973 236833 1 124926 754482 577378 844739 152221 483559 499813 585594 863355 852986 1 686784 363726 977211 598687 533548 562878 430323 293413 21581 950271 1 605671 692647 82122 504185 897311 693225 943694 322531 2987 403484 1 823465 240700 585647 345546 258334 332243 922168 638195 89909 927063 1 641926 849523 803900 254264 483978 637104 599103 76972 573372 829716 1
1 758749 996046 754992 612638 491772 871143 555510 389933 771887 540588 1 333879 983356 892974 811949 67295 131171 165855 629679 343441 827250 1 534127 382855 393712 844533 735538 956801 506201 420519 910054 530193 1 5828 576006 768088 972373 831489 168325 226618 713271 261572 379449 1 503836 596660 813814 69764 522616 435277 88511 210011 430421 693586 1 217284 245109 150533 217344 246200 7431 523111 531231 338877 707756 1 273547 332604 36736 712002 254233 756611 575707 46073 491778 83810 1 664495 361377 608223 61242 985235 454348 546982 531370 140393 924172 1 300267 909930 222110 42525 175992 265502 51133 556511 991979 709605 1
1 615891 108356 986620 737962 194073 49495 666568 77080 914657 205958 1 939865 865930 844185 54789 777706 753323 312618 453973 678697 205869 1 760009 279814 596634 274454 1550 120472 369572 113005 775396 272449 1 124187 583442 851923 668153 313759 941308 254823 971946 534001 57061 1 825238 258073 917207 3258 473374 88254 889066 588531 496821 635226 1 320339 548404 644017 577847 371790 63616 690712 692957 661193 331413 1 343699 721447 134815 8107 101789 978840 684381 517620 190929 225522 1 144092 384903 860101 31617 70261 795510 681168 897992 197981 231289 1 707709 936024 703831 550159 846185 20183 226528 379549 637596 736752 1
1 61672 320221 291734 70559 267688 915372 767086 958339 167809 873234 1 930398 489510 113073 95793 532358 621630 674440 800582 158691 66701 1 470544 209313 844666 639072 747155 908881 736634 646969 152528 280596 1 542526 825144 533577 176543 966731 223329 958072 174537 70925 314962 1 967141 934321 352035 635305 461803 882154 116247 566791 940136 252332 1 760981 375805 69095 408301 933532 586231 907325 420699 386621 711122 1 97396 926585 251856 187056 43621 948052 72669 106836 685713 418687 1 748012 826310 451436 478395 448586 346552 678886 836326 253952 245580 1 350594 528530 243432 3288 109548 657449 592791 279620 862707 405261 1
1 921372 845097 158511 298976 110958 223858 622289 70001 508655 581798 1 527133 622295 604970 44525 287264 355428 104312 99990 152231 702147 1 979426 496744 70271 204115 795396 505640 760427 395158 404217 814520 1 221561 836761 702354 154662 507260 203689 989303 952010 296316 313399 1 622314 715029 601507 300055 53382 912571 206167 339811 785170 474190 1 356139 223931 506228 738592 887905 279637 228997 440580 792561 689459 1 879758 919337 306388 810339 949867 555031 612755 680231 965456 922136 1 361726 495259 871379 734377 637116 511839 547280 977867 835012 128935 1 281946 6412 713802 176401 632958 605851 421777 337338 565185 929225 1
1 594476 656513 292562 615945 694817 679121 721395 573331 153764 926457 1 772950 786440 701164 932613 280426 787222 440822 188735 709226 313594 1 674385 654639 871082 334747 831106 628089 736288 752792 799420 579440 1 522020 483019 277736 596651 238526 726356 982466 910727 965092 788519 1 491839 881213 482048 373316 258727 468989 240120 714615 488501 479142 1 385243 533616 886287 146075 697646 957633 342087 21272 3591 176550 1 34637 673231 674598 972914 68010 665842 28967 435010 282291 13770 1 986235 720848 822048 499321 754472 169028 105105 30542 816051 573901 1 482557 430810 33840 772173 756449 727257 794859 695537 640889 628904 1
1 60110 82853 70033 718748 863564 438172 640117 779476 214474 670656 1 791290 896366 214122 312469 716673 267932 770101 500775 411413 664461 1 75186 232595 879635 80318 163456 797853 5170 382007 222259 723178 1 567699 745919 11153 903688 745112 206978 412327 724316 464178 271201 1 197377 475761 36664 791170 209671 281147 835149 254656 987256 873497 1 614507 865872 855373 554794 252324 449450 186898 409006 903939 461366 1 725308 940403 153116 253699 620492 949387 506844 419866 928248 77461 1 992297 807384 908316 512750 20312 819719 151183 771721 751830 90620 1 383729 655451 208475 646630 887860 975212 993193 825058 374142 69298 1
1 134129 469541 201057 430231 937201 281257 239635 991267 362942 301212 1 147333 371382 110356 924711 625011 454203 851590 704857 356536 37027 1 404407 614167 916448 854036 948345 927490 502473 963516 798243 93323 1 332429 986145 772889 739774 834917 984249 575940 387744 744555 492144 1 619512 75558 316430 189378 277656 809378 308100 765583 28171 465180 1 835176 710828 37032 571130 426974 31335 952531 181131 316452 909152 1 310790 547058 471137 35187 521770 230373 790781 156198 971870 711662 1 32521 56595 862845 314804 413478 650320 32670 425343 387218 527798 1 806700 521827 865855 155426 226564 24210 138035 395905 667647 517047 1
1 886394 349156 798402 28376 618422 638770 906689 57272 273910 125656 1 536963 947436 449105 842202 233380 901109 824982 528161 666186 797942 1 874310 938939 642368 116126 916669 611317 46458 795318 199034 823397 1 969660 273585 209004 584228 516354 2014 949870 934266 198889 895139 1 370693 154823 107207 80387 551933 650646 941975 286822 169239 133559 1 115645 2507 570783 690832 188546 297773 830065 118304 331015 483976 1 529580 995956 715675 486028 127324 781745 177089 921816 782666 758596 1 838226 349108 938752 261766 932797 160858 373297 476517 209533 724548 1 443976 966624 199487 673861 177486 929270 74366 701782 3906 652505 1
1 979009 351195 545265 748623 170352 276613 240394 627610 617217 208400 1 666284 836371 446522 386592 558249 538568 290867 339829 204480 448285 1 721240 19850 820783 289556 43947 783736 810291 923828 298333 399899 1 725633 518544 592401 226170 231730 457838 74095 186781 708264 813840 1 345179 949729 472828 127874 141225 576546 261440 913544 151599 481198 1 819054 984161 350150 219001 311728 46419 910004 725858 436147 296142 1 898550 219253 823577 570994 483981 282016 648663 999478 604477 62379 1 180376 552460 400332 474603 997248 281208 577757 45823 766597 135093 1 507046 93694 493063 663936 750528 744058 185206 763505 138183 189653 1
1 127284 915742 762816 912647 967113 64633 527968 594003 530160 760135 1 152796 55118 54550 251755 711603 219878 80908 22041 380691 922870 1 813377 366131 39900 565645 182054 23760 65629 756546 405816 811616 1 888345 30283 603843 23346 943032 178678 803038 798406 688861 385863 1 629696 299796 348914 856198 546926 401227 714239 259089 427419 224941 1 146905 920002 680010 242953 127482 486941 674275 533638 617820 154311 1 336912 593491 655933 597030 621430 361383 843518 534298 264433 244439 1 243180 117025 17882 642683 892786 277983 370786 89217 199782 765232 1 836002 296220 51653 47029 432599 916043 835152 256056 666566 66472 1
1 661722 659515 694663 948092 397520 550885 772070 880287 739797 420125 1 459647 220270 217558 760546 554821 716815 615730 153431 886331 536245 1 99465 661205 156192 365190 760435 445160 208668 892633 767760 792574 1 883079 535930 42245 8015 873174 688751 285538 717203 700082 89439 1 464842 852036 237551 148229 560898 549288 328893 152489 690316 232857 1 661233 587527 956211 784878 896675 76800 158811 945496 513083 300139 1 329529 532913 606242 284692 415641 691689 59552 989376 147526 930712 1 332077 681346 849007 852718 25547 637550 543237 817805 747650 164291 1 808002 41954 822059 753230 426298 534087 763706 314868 915370 795970 1
1 437765 482509 735973 965252 310796 317025 256573 434163 296900 726179 1 129248 677889 524736 915634 813527 305559 622293 576521 759430 600578 1 399210 979280 728852 971902 253013 231851 574368 620793 966306 363394 1 90003 387907 349084 734344 454704 982522 153700 420169 42085 560437 1 684868 419768 95275 707083 314309 999870 574748 551693 604415 204313 1 294964 156638 312484 670167 751407 328776 877599 5328 773668 80733 1 870659 136412 422808 976469 591180 792311 235035 90669 541407 114710 1 844418 217733 408460 456198 443830 513830 434793 694734 795817 497354 1 321625 234609 890898 215071 274309 697398 432573 624242 298483 645987 1
1 776027 35251 718348 7643 417763 394900 560965 353724 890409 633085 1 550919 379561 77375 69822 113542 541756 506029 998822 132169 297274 1 192185 388868 757622 804564 386378 735535 929709 708817 930107 705407 1 56832 331783 972269 338327 226942 881924 396085 180347 794724 101930 1 402814 604746 640030 435209 496385 730838 5186 616097 770602 389799 1 933204 210517 219920 528315 477668 716427 446332 94734 615757 128563 1 61698 511979 904925 692866 340428 518207 698141 34317 77148 891116 1 110695 491167 70615 250849 758031 798106 933327 556433 305295 346416 1 3408 89229 846023 884421 755743 157922 698920 609940 63949 836078 1
1 436634 922755 411892 883927 745041 830587 61472 810719 418970 371090 1 994621 649902 43662 657289 664086 192727 679901 700560 512767 267368 1 873357 651834 97774 217087 561033 759303 501437 511625 628970 146951 1 21028 799833 981915 138265 787033 668488 356285 1165 650847 787433 1 741201 805307 376108 331142 623279 651632 832933 477666 832137 483802 1 25220 179298 336007 545314 337335 594424 767408 409747 62885 51167 1 731556 100803 493931 718996 883965 2690 855856 281155 775698 330522 1 763800 276449 980365 154103 461457 761981 787391 623556 852333 547749 1 117191 260043 547414 162355 177610 161371 674404 828424 438850 780227 1
1 619786 896638 891232 546945 837385 435481 781810 622407 873833 276846 1 216433 35316 591740 61057 513483 547439 882624 237699 991027 69944 1 899338 10076 273629 214469 924690 459017 725241 440462 594312 875485 1 109812 869275 8477 833863 223096 46409 335183 463157 228044 943153 1 900370 805911 251178 506848 918401 446667 608778 290545 523586 89270 1 768897 990463 630937 611508 772741 864650 590200 428376 133644 259667 1 626331 284622 426927 566753 607206 839190 609627 982083 908285 704144 1 700529 338429 488298 417969 17185 174019 50235 672136 58619 259850 1 476092 735350 853012 767167 864022 344117 661748 871722 833071 896240 1
1 567386 100609 344442 472278 703655 430595 768994 895028 578789 982137 1 543417 403964 881 480669 56604 378368 230340 319248 665810 723353 1 394273 644957 393488 526677 470593 43987 617755 264458 237190 887462 1 238814 752117 932294 926453 869067 60890 21693 160150 357168 270291 1 998449 845670 454473 724923 976431 223171 710391 379643 562147 97983 1 67913 40992 854201 329522 401138 513343 133390 201169 945300 276454 1 515832 501536 864927 740487 166020 29930 512404 824314 47750 774110 1 564623 560184 948248 556988 43121 662081 543480 666110 279808 954506 1 942029 297287 623142 479855 396729 218298 537068 458860 535840 905867 1
