200 10
1000000 1000000 1000000 1000000 1000000 1000000 1000000 1000000 1000000 1000000
1000000 1000000 1000000 1000000 1000000 1000000 1000000 1000000 1000000 1000000
1000000 1000000 1000000 1000000 1000000 1000000 1000000 1000000 1000000 1000000
1000000 1000000 1000000 1000000 1000000 1000000 1000000 1000000 1000000 1000000
1000000 1000000 1000000 1000000 1000000 1000000 1000000 1000000 1000000 1000000
1000000 1000000 1000000 1000000 1000000 1000000 1000000 1000000 1000000 1000000
1000000 1000000 1000000 1000000 1000000 1000000 1000000 1000000 1000000 1000000
1000000 1000000 1000000 1000000 1000000 1000000 1000000 1000000 1000000 1000000
1000000 1000000 1000000 1000000 1000000 1000000 1000000 1000000 1000000 1000000
1000000 1000000 1000000 1000000 1000000 1000000 1000000 1000000 1000000 1000000
1000000 1000000 1000000 1000000 1000000 1000000 1000000 1000000 1000000 1000000
1000000 1000000 1000000 1000000 1000000 1000000 1000000 1000000 1000000 1000000
1000000 1000000 1000000 1000000 1000000 1000000 1000000 1000000 1000000 1000000
1000000 1000000 1000000 1000000 1000000 1000000 1000000 1000000 1000000 1000000
1000000 1000000 1000000 1000000 1000000 1000000 1000000 1000000 1000000 1000000
1000000 1000000 1000000 1000000 1000000 1000000 1000000 1000000 1000000 1000000
1000000 1000000 1000000 1000000 1000000 1000000 1000000 1000000 1000000 1000000
1000000 1000000 1000000 1000000 1000000 1000000 1000000 1000000 1000000 1000000
1000000 1000000 1000000 1000000 1000000 1000000 1000000 1000000 1000000 1000000
1000000 1000000 1000000 1000000 1000000 1000000 1000000 1000000 1000000 1000000
1000000 1000000 1000000 1000000 1000000 1000000 1000000 1000000 1000000 1000000
1000000 1000000 1000000 1000000 1000000 1000000 1000000 1000000 1000000 1000000
1000000 1000000 1000000 1000000 1000000 1000000 1000000 1000000 1000000 1000000
1000000 1000000 1000000 1000000 1000000 1000000 1000000 1000000 1000000 1000000
1000000 1000000 1000000 1000000 1000000 1000000 1000000 1000000 1000000 1000000
1000000 1000000 1000000 1000000 1000000 1000000 1000000 1000000 1000000 1000000
1000000 1000000 1000000 1000000 1000000 1000000 1000000 1000000 1000000 1000000
1000000 1000000 1000000 1000000 1000000 1000000 1000000 1000000 1000000 1000000
1000000 1000000 1000000 1000000 1000000 1000000 1000000 1000000 1000000 1000000
1000000 1000000 1000000 1000000 1000000 1000000 1000000 1000000 1000000 1000000
1000000 1000000 1000000 1000000 1000000 1000000 1000000 1000000 1000000 1000000
1000000 1000000 1000000 1000000 1000000 1000000 1000000 1000000 1000000 1000000
1000000 1000000 1000000 1000000 1000000 1000000 1000000 1000000 1000000 1000000
1000000 1000000 1000000 1000000 1000000 1000000 1000000 1000000 1000000 1000000
1000000 1000000 1000000 1000000 1000000 1000000 1000000 1000000 1000000 1000000
1000000 1000000 1000000 1000000 1000000 1000000 1000000 1000000 1000000 1000000
1000000 1000000 1000000 1000000 1000000 1000000 1000000 1000000 1000000 1000000
1000000 1000000 1000000 1000000 1000000 1000000 1000000 1000000 1000000 1000000
1000000 1000000 1000000 1000000 1000000 1000000 1000000 1000000 1000000 1000000
1000000 1000000 1000000 1000000 1000000 1000000 1000000 1000000 1000000 1000000
1000000 1000000 1000000 1000000 1000000 1000000 1000000 1000000 1000000 1000000
1000000 1000000 1000000 1000000 1000000 1000000 1000000 1000000 1000000 1000000
1000000 1000000 1000000 1000000 1000000 1000000 1000000 1000000 1000000 1000000
1000000 1000000 1000000 1000000 1000000 1000000 1000000 1000000 1000000 1000000
1000000 1000000 1000000 1000000 1000000 1000000 1000000 1000000 1000000 1000000
1000000 1000000 1000000 1000000 1000000 1000000 1000000 1000000 1000000 1000000
1000000 1000000 1000000 1000000 1000000 1000000 1000000 1000000 1000000 1000000
1000000 1000000 1000000 1000000 1000000 1000000 1000000 1000000 1000000 1000000
1000000 1000000 1000000 1000000 1000000 1000000 1000000 1000000 1000000 1000000
1000000 1000000 1000000 1000000 1000000 1000000 1000000 1000000 1000000 1000000
1000000 1000000 1000000 1000000 1000000 1000000 1000000 1000000 1000000 1000000
1000000 1000000 1000000 1000000 1000000 1000000 1000000 1000000 1000000 1000000
1000000 1000000 1000000 1000000 1000000 1000000 1000000 1000000 1000000 1000000
1000000 1000000 1000000 1000000 1000000 1000000 1000000 1000000 1000000 1000000
1000000 1000000 1000000 1000000 1000000 1000000 1000000 1000000 1000000 1000000
1000000 1000000 1000000 1000000 1000000 1000000 1000000 1000000 1000000 1000000
1000000 1000000 1000000 1000000 1000000 1000000 1000000 1000000 1000000 1000000
1000000 1000000 1000000 1000000 1000000 1000000 1000000 1000000 1000000 1000000
1000000 1000000 1000000 1000000 1000000 1000000 1000000 1000000 1000000 1000000
1000000 1000000 1000000 1000000 1000000 1000000 1000000 1000000 1000000 1000000
1000000 1000000 1000000 1000000 1000000 1000000 1000000 1000000 1000000 1000000
1000000 1000000 1000000 1000000 1000000 1000000 1000000 1000000 1000000 1000000
1000000 1000000 1000000 1000000 1000000 1000000 1000000 1000000 1000000 1000000
1000000 1000000 1000000 1000000 1000000 1000000 1000000 1000000 1000000 1000000
1000000 1000000 1000000 1000000 1000000 1000000 1000000 1000000 1000000 1000000
1000000 1000000 1000000 1000000 1000000 1000000 1000000 1000000 1000000 1000000
1000000 1000000 1000000 1000000 1000000 1000000 1000000 1000000 1000000 1000000
1000000 1000000 1000000 1000000 1000000 1000000 1000000 1000000 1000000 1000000
1000000 1000000 1000000 1000000 1000000 1000000 1000000 1000000 1000000 1000000
1000000 1000000 1000000 1000000 1000000 1000000 1000000 1000000 1000000 1000000
1000000 1000000 1000000 1000000 1000000 1000000 1000000 1000000 1000000 1000000
1000000 1000000 1000000 1000000 1000000 1000000 1000000 1000000 1000000 1000000
1000000 1000000 1000000 1000000 1000000 1000000 1000000 1000000 1000000 1000000
1000000 1000000 1000000 1000000 1000000 1000000 1000000 1000000 1000000 1000000
1000000 1000000 1000000 1000000 1000000 1000000 1000000 1000000 1000000 1000000
1000000 1000000 1000000 1000000 1000000 1000000 1000000 1000000 1000000 1000000
1000000 1000000 1000000 1000000 1000000 1000000 1000000 1000000 1000000 1000000
1000000 1000000 1000000 1000000 1000000 1000000 1000000 1000000 1000000 1000000
1000000 1000000 1000000 1000000 1000000 1000000 1000000 1000000 1000000 1000000
1000000 1000000 1000000 1000000 1000000 1000000 1000000 1000000 1000000 1000000
1000000 1000000 1000000 1000000 1000000 1000000 1000000 1000000 1000000 1000000
1000000 1000000 1000000 1000000 1000000 1000000 1000000 1000000 1000000 1000000
1000000 1000000 1000000 1000000 1000000 1000000 1000000 1000000 1000000 1000000
1000000 1000000 1000000 1000000 1000000 1000000 1000000 1000000 1000000 1000000
1000000 1000000 1000000 1000000 1000000 1000000 1000000 1000000 1000000 1000000
1000000 1000000 1000000 1000000 1000000 1000000 1000000 1000000 1000000 1000000
1000000 1000000 1000000 1000000 1000000 1000000 1000000 1000000 1000000 1000000
1000000 1000000 1000000 1000000 1000000 1000000 1000000 1000000 1000000 1000000
1000000 1000000 1000000 1000000 1000000 1000000 1000000 1000000 1000000 1000000
1000000 1000000 1000000 1000000 1000000 1000000 1000000 1000000 1000000 1000000
1000000 1000000 1000000 1000000 1000000 1000000 1000000 1000000 1000000 1000000
1000000 1000000 1000000 1000000 1000000 1000000 1000000 1000000 1000000 1000000
1000000 1000000 1000000 1000000 1000000 1000000 1000000 1000000 1000000 1000000
1000000 1000000 1000000 1000000 1000000 1000000 1000000 1000000 1000000 1000000
1000000 1000000 1000000 1000000 1000000 1000000 1000000 1000000 1000000 1000000
1000000 1000000 1000000 1000000 1000000 1000000 1000000 1000000 1000000 1000000
1000000 1000000 1000000 1000000 1000000 1000000 1000000 1000000 1000000 1000000
1000000 1000000 1000000 1000000 1000000 1000000 1000000 1000000 1000000 1000000
1000000 1000000 1000000 1000000 1000000 1000000 1000000 1000000 1000000 1000000
1000000 1000000 1000000 1000000 1000000 1000000 1000000 1000000 1000000 1000000
1000000 1000000 1000000 1000000 1000000 1000000 1000000 1000000 1000000 1000000
1000000 1000000 1000000 1000000 1000000 1000000 1000000 1000000 1000000 1000000
1000000 1000000 1000000 1000000 1000000 1000000 1000000 1000000 1000000 1000000
1000000 1000000 1000000 1000000 1000000 1000000 1000000 1000000 1000000 1000000
1000000 1000000 1000000 1000000 1000000 1000000 1000000 1000000 1000000 1000000
1000000 1000000 1000000 1000000 1000000 1000000 1000000 1000000 1000000 1000000
1000000 1000000 1000000 1000000 1000000 1000000 1000000 1000000 1000000 1000000
1000000 1000000 1000000 1000000 1000000 1000000 1000000 1000000 1000000 1000000
1000000 1000000 1000000 1000000 1000000 1000000 1000000 1000000 1000000 1000000
1000000 1000000 1000000 1000000 1000000 1000000 1000000 1000000 1000000 1000000
1000000 1000000 1000000 1000000 1000000 1000000 1000000 1000000 1000000 1000000
1000000 1000000 1000000 1000000 1000000 1000000 1000000 1000000 1000000 1000000
1000000 1000000 1000000 1000000 1000000 1000000 1000000 1000000 1000000 1000000
1000000 1000000 1000000 1000000 1000000 1000000 1000000 1000000 1000000 1000000
1000000 1000000 1000000 1000000 1000000 1000000 1000000 1000000 1000000 1000000
1000000 1000000 1000000 1000000 1000000 1000000 1000000 1000000 1000000 1000000
1000000 1000000 1000000 1000000 1000000 1000000 1000000 1000000 1000000 1000000
1000000 1000000 1000000 1000000 1000000 1000000 1000000 1000000 1000000 1000000
1000000 1000000 1000000 1000000 1000000 1000000 1000000 1000000 1000000 1000000
1000000 1000000 1000000 1000000 1000000 1000000 1000000 1000000 1000000 1000000
1000000 1000000 1000000 1000000 1000000 1000000 1000000 1000000 1000000 1000000
1000000 1000000 1000000 1000000 1000000 1000000 1000000 1000000 1000000 1000000
1000000 1000000 1000000 1000000 1000000 1000000 1000000 1000000 1000000 1000000
1000000 1000000 1000000 1000000 1000000 1000000 1000000 1000000 1000000 1000000
1000000 1000000 1000000 1000000 1000000 1000000 1000000 1000000 1000000 1000000
1000000 1000000 1000000 1000000 1000000 1000000 1000000 1000000 1000000 1000000
1000000 1000000 1000000 1000000 1000000 1000000 1000000 1000000 1000000 1000000
1000000 1000000 1000000 1000000 1000000 1000000 1000000 1000000 1000000 1000000
1000000 1000000 1000000 1000000 1000000 1000000 1000000 1000000 1000000 1000000
1000000 1000000 1000000 1000000 1000000 1000000 1000000 1000000 1000000 1000000
1000000 1000000 1000000 1000000 1000000 1000000 1000000 1000000 1000000 1000000
1000000 1000000 1000000 1000000 1000000 1000000 1000000 1000000 1000000 1000000
1000000 1000000 1000000 1000000 1000000 1000000 1000000 1000000 1000000 1000000
1000000 1000000 1000000 1000000 1000000 1000000 1000000 1000000 1000000 1000000
1000000 1000000 1000000 1000000 1000000 1000000 1000000 1000000 1000000 1000000
1000000 1000000 1000000 1000000 1000000 1000000 1000000 1000000 1000000 1000000
1000000 1000000 1000000 1000000 1000000 1000000 1000000 1000000 1000000 1000000
1000000 1000000 1000000 1000000 1000000 1000000 1000000 1000000 1000000 1000000
1000000 1000000 1000000 1000000 1000000 1000000 1000000 1000000 1000000 1000000
1000000 1000000 1000000 1000000 1000000 1000000 1000000 1000000 1000000 1000000
1000000 1000000 1000000 1000000 1000000 1000000 1000000 1000000 1000000 1000000
1000000 1000000 1000000 1000000 1000000 1000000 1000000 1000000 1000000 1000000
1000000 1000000 1000000 1000000 1000000 1000000 1000000 1000000 1000000 1000000
1000000 1000000 1000000 1000000 1000000 1000000 1000000 1000000 1000000 1000000
1000000 1000000 1000000 1000000 1000000 1000000 1000000 1000000 1000000 1000000
1000000 1000000 1000000 1000000 1000000 1000000 1000000 1000000 1000000 1000000
1000000 1000000 1000000 1000000 1000000 1000000 1000000 1000000 1000000 1000000
1000000 1000000 1000000 1000000 1000000 1000000 1000000 1000000 1000000 1000000
1000000 1000000 1000000 1000000 1000000 1000000 1000000 1000000 1000000 1000000
1000000 1000000 1000000 1000000 1000000 1000000 1000000 1000000 1000000 1000000
1000000 1000000 1000000 1000000 1000000 1000000 1000000 1000000 1000000 1000000
1000000 1000000 1000000 1000000 1000000 1000000 1000000 1000000 1000000 1000000
1000000 1000000 1000000 1000000 1000000 1000000 1000000 1000000 1000000 1000000
1000000 1000000 1000000 1000000 1000000 1000000 1000000 1000000 1000000 1000000
1000000 1000000 1000000 1000000 1000000 1000000 1000000 1000000 1000000 1000000
1000000 1000000 1000000 1000000 1000000 1000000 1000000 1000000 1000000 1000000
1000000 1000000 1000000 1000000 1000000 1000000 1000000 1000000 1000000 1000000
1000000 1000000 1000000 1000000 1000000 1000000 1000000 1000000 1000000 1000000
1000000 1000000 1000000 1000000 1000000 1000000 1000000 1000000 1000000 1000000
1000000 1000000 1000000 1000000 1000000 1000000 1000000 1000000 1000000 1000000
1000000 1000000 1000000 1000000 1000000 1000000 1000000 1000000 1000000 1000000
1000000 1000000 1000000 1000000 1000000 1000000 1000000 1000000 1000000 1000000
1000000 1000000 1000000 1000000 1000000 1000000 1000000 1000000 1000000 1000000
1000000 1000000 1000000 1000000 1000000 1000000 1000000 1000000 1000000 1000000
1000000 1000000 1000000 1000000 1000000 1000000 1000000 1000000 1000000 1000000
1000000 1000000 1000000 1000000 1000000 1000000 1000000 1000000 1000000 1000000
1000000 1000000 1000000 1000000 1000000 1000000 1000000 1000000 1000000 1000000
1000000 1000000 1000000 1000000 1000000 1000000 1000000 1000000 1000000 1000000
1000000 1000000 1000000 1000000 1000000 1000000 1000000 1000000 1000000 1000000
1000000 1000000 1000000 1000000 1000000 1000000 1000000 1000000 1000000 1000000
1000000 1000000 1000000 1000000 1000000 1000000 1000000 1000000 1000000 1000000
1000000 1000000 1000000 1000000 1000000 1000000 1000000 1000000 1000000 1000000
1000000 1000000 1000000 1000000 1000000 1000000 1000000 1000000 1000000 1000000
1000000 1000000 1000000 1000000 1000000 1000000 1000000 1000000 1000000 1000000
1000000 1000000 1000000 1000000 1000000 1000000 1000000 1000000 1000000 1000000
1000000 1000000 1000000 1000000 1000000 1000000 1000000 1000000 1000000 1000000
1000000 1000000 1000000 1000000 1000000 1000000 1000000 1000000 1000000 1000000
1000000 1000000 1000000 1000000 1000000 1000000 1000000 1000000 1000000 1000000
1000000 1000000 1000000 1000000 1000000 1000000 1000000 1000000 1000000 1000000
1000000 1000000 1000000 1000000 1000000 1000000 1000000 1000000 1000000 1000000
1000000 1000000 1000000 1000000 1000000 1000000 1000000 1000000 1000000 1000000
1000000 1000000 1000000 1000000 1000000 1000000 1000000 1000000 1000000 1000000
1000000 1000000 1000000 1000000 1000000 1000000 1000000 1000000 1000000 1000000
1000000 1000000 1000000 1000000 1000000 1000000 1000000 1000000 1000000 1000000
1000000 1000000 1000000 1000000 1000000 1000000 1000000 1000000 1000000 1000000
1000000 1000000 1000000 1000000 1000000 1000000 1000000 1000000 1000000 1000000
1000000 1000000 1000000 1000000 1000000 1000000 1000000 1000000 1000000 1000000
1000000 1000000 1000000 1000000 1000000 1000000 1000000 1000000 1000000 1000000
1000000 1000000 1000000 1000000 1000000 1000000 1000000 1000000 1000000 1000000
1000000 1000000 1000000 1000000 1000000 1000000 1000000 1000000 1000000 1000000
1000000 1000000 1000000 1000000 1000000 1000000 1000000 1000000 1000000 1000000
1000000 1000000 1000000 1000000 1000000 1000000 1000000 1000000 1000000 1000000
1000000 1000000 1000000 1000000 1000000 1000000 1000000 1000000 1000000 1000000
1000000 1000000 1000000 1000000 1000000 1000000 1000000 1000000 1000000 1000000
1000000 1000000 1000000 1000000 1000000 1000000 1000000 1000000 1000000 1000000
1000000 1000000 1000000 1000000 1000000 1000000 1000000 1000000 1000000 1000000
1000000 1000000 1000000 1000000 1000000 1000000 1000000 1000000 1000000 1000000
1000000 1000000 1000000 1000000 1000000 1000000 1000000 1000000 1000000 1000000
1000000 1000000 1000000 1000000 1000000 1000000 1000000 1000000 1000000 1000000
1000000 1000000 1000000 1000000 1000000 1000000 1000000 1000000 1000000 1000000
0 0 0 0 0 0 0 0 0 0
0 0 0 0 0 0 0 0 0 0
0 0 0 0 0 0 0 0 0 0
0 0 0 0 0 0 0 0 0 0
0 0 0 0 0 0 0 0 0 0
0 0 0 0 0 0 0 0 0 0
0 0 0 0 0 0 0 0 0 0
0 0 0 0 0 0 0 0 0 0
0 0 0 0 0 0 0 0 0 0
0 0 0 0 0 0 0 0 0 0
0 0 0 0 0 0 0 0 0 0
0 0 0 0 0 0 0 0 0 0
0 0 0 0 0 0 0 0 0 0
0 0 0 0 0 0 0 0 0 0
0 0 0 0 0 0 0 0 0 0
0 0 0 0 0 0 0 0 0 0
0 0 0 0 0 0 0 0 0 0
0 0 0 0 0 0 0 0 0 0
0 0 0 0 0 0 0 0 0 0
0 0 0 0 0 0 0 0 0 0
0 0 0 0 0 0 0 0 0 0
0 0 0 0 0 0 0 0 0 0
0 0 0 0 0 0 0 0 0 0
0 0 0 0 0 0 0 0 0 0
0 0 0 0 0 0 0 0 0 0
0 0 0 0 0 0 0 0 0 0
0 0 0 0 0 0 0 0 0 0
0 0 0 0 0 0 0 0 0 0
0 0 0 0 0 0 0 0 0 0
0 0 0 0 0 0 0 0 0 0
0 0 0 0 0 0 0 0 0 0
0 0 0 0 0 0 0 0 0 0
0 0 0 0 0 0 0 0 0 0
0 0 0 0 0 0 0 0 0 0
0 0 0 0 0 0 0 0 0 0
0 0 0 0 0 0 0 0 0 0
0 0 0 0 0 0 0 0 0 0
0 0 0 0 0 0 0 0 0 0
0 0 0 0 0 0 0 0 0 0
0 0 0 0 0 0 0 0 0 0
0 0 0 0 0 0 0 0 0 0
0 0 0 0 0 0 0 0 0 0
0 0 0 0 0 0 0 0 0 0
0 0 0 0 0 0 0 0 0 0
0 0 0 0 0 0 0 0 0 0
0 0 0 0 0 0 0 0 0 0
0 0 0 0 0 0 0 0 0 0
0 0 0 0 0 0 0 0 0 0
0 0 0 0 0 0 0 0 0 0
0 0 0 0 0 0 0 0 0 0
0 0 0 0 0 0 0 0 0 0
0 0 0 0 0 0 0 0 0 0
0 0 0 0 0 0 0 0 0 0
0 0 0 0 0 0 0 0 0 0
0 0 0 0 0 0 0 0 0 0
0 0 0 0 0 0 0 0 0 0
0 0 0 0 0 0 0 0 0 0
0 0 0 0 0 0 0 0 0 0
0 0 0 0 0 0 0 0 0 0
0 0 0 0 0 0 0 0 0 0
0 0 0 0 0 0 0 0 0 0
0 0 0 0 0 0 0 0 0 0
0 0 0 0 0 0 0 0 0 0
0 0 0 0 0 0 0 0 0 0
0 0 0 0 0 0 0 0 0 0
0 0 0 0 0 0 0 0 0 0
0 0 0 0 0 0 0 0 0 0
0 0 0 0 0 0 0 0 0 0
0 0 0 0 0 0 0 0 0 0
0 0 0 0 0 0 0 0 0 0
0 0 0 0 0 0 0 0 0 0
0 0 0 0 0 0 0 0 0 0
0 0 0 0 0 0 0 0 0 0
0 0 0 0 0 0 0 0 0 0
0 0 0 0 0 0 0 0 0 0
0 0 0 0 0 0 0 0 0 0
0 0 0 0 0 0 0 0 0 0
0 0 0 0 0 0 0 0 0 0
0 0 0 0 0 0 0 0 0 0
0 0 0 0 0 0 0 0 0 0
0 0 0 0 0 0 0 0 0 0
0 0 0 0 0 0 0 0 0 0
0 0 0 0 0 0 0 0 0 0
0 0 0 0 0 0 0 0 0 0
0 0 0 0 0 0 0 0 0 0
0 0 0 0 0 0 0 0 0 0
0 0 0 0 0 0 0 0 0 0
0 0 0 0 0 0 0 0 0 0
0 0 0 0 0 0 0 0 0 0
0 0 0 0 0 0 0 0 0 0
0 0 0 0 0 0 0 0 0 0
0 0 0 0 0 0 0 0 0 0
0 0 0 0 0 0 0 0 0 0
0 0 0 0 0 0 0 0 0 0
0 0 0 0 0 0 0 0 0 0
0 0 0 0 0 0 0 0 0 0
0 0 0 0 0 0 0 0 0 0
0 0 0 0 0 0 0 0 0 0
0 0 0 0 0 0 0 0 0 0
0 0 0 0 0 0 0 0 0 0
0 0 0 0 0 0 0 0 0 0
0 0 0 0 0 0 0 0 0 0
0 0 0 0 0 0 0 0 0 0
0 0 0 0 0 0 0 0 0 0
0 0 0 0 0 0 0 0 0 0
0 0 0 0 0 0 0 0 0 0
0 0 0 0 0 0 0 0 0 0
0 0 0 0 0 0 0 0 0 0
0 0 0 0 0 0 0 0 0 0
0 0 0 0 0 0 0 0 0 0
0 0 0 0 0 0 0 0 0 0
0 0 0 0 0 0 0 0 0 0
0 0 0 0 0 0 0 0 0 0
0 0 0 0 0 0 0 0 0 0
0 0 0 0 0 0 0 0 0 0
0 0 0 0 0 0 0 0 0 0
0 0 0 0 0 0 0 0 0 0
0 0 0 0 0 0 0 0 0 0
0 0 0 0 0 0 0 0 0 0
0 0 0 0 0 0 0 0 0 0
0 0 0 0 0 0 0 0 0 0
0 0 0 0 0 0 0 0 0 0
0 0 0 0 0 0 0 0 0 0
0 0 0 0 0 0 0 0 0 0
0 0 0 0 0 0 0 0 0 0
0 0 0 0 0 0 0 0 0 0
0 0 0 0 0 0 0 0 0 0
0 0 0 0 0 0 0 0 0 0
0 0 0 0 0 0 0 0 0 0
0 0 0 0 0 0 0 0 0 0
0 0 0 0 0 0 0 0 0 0
0 0 0 0 0 0 0 0 0 0
0 0 0 0 0 0 0 0 0 0
0 0 0 0 0 0 0 0 0 0
0 0 0 0 0 0 0 0 0 0
0 0 0 0 0 0 0 0 0 0
0 0 0 0 0 0 0 0 0 0
0 0 0 0 0 0 0 0 0 0
0 0 0 0 0 0 0 0 0 0
0 0 0 0 0 0 0 0 0 0
0 0 0 0 0 0 0 0 0 0
0 0 0 0 0 0 0 0 0 0
0 0 0 0 0 0 0 0 0 0
0 0 0 0 0 0 0 0 0 0
0 0 0 0 0 0 0 0 0 0
0 0 0 0 0 0 0 0 0 0
0 0 0 0 0 0 0 0 0 0
0 0 0 0 0 0 0 0 0 0
0 0 0 0 0 0 0 0 0 0
0 0 0 0 0 0 0 0 0 0
0 0 0 0 0 0 0 0 0 0
0 0 0 0 0 0 0 0 0 0
0 0 0 0 0 0 0 0 0 0
0 0 0 0 0 0 0 0 0 0
0 0 0 0 0 0 0 0 0 0
0 0 0 0 0 0 0 0 0 0
0 0 0 0 0 0 0 0 0 0
0 0 0 0 0 0 0 0 0 0
0 0 0 0 0 0 0 0 0 0
0 0 0 0 0 0 0 0 0 0
0 0 0 0 0 0 0 0 0 0
0 0 0 0 0 0 0 0 0 0
0 0 0 0 0 0 0 0 0 0
0 0 0 0 0 0 0 0 0 0
0 0 0 0 0 0 0 0 0 0
0 0 0 0 0 0 0 0 0 0
0 0 0 0 0 0 0 0 0 0
0 0 0 0 0 0 0 0 0 0
0 0 0 0 0 0 0 0 0 0
0 0 0 0 0 0 0 0 0 0
0 0 0 0 0 0 0 0 0 0
0 0 0 0 0 0 0 0 0 0
0 0 0 0 0 0 0 0 0 0
0 0 0 0 0 0 0 0 0 0
0 0 0 0 0 0 0 0 0 0
0 0 0 0 0 0 0 0 0 0
0 0 0 0 0 0 0 0 0 0
0 0 0 0 0 0 0 0 0 0
0 0 0 0 0 0 0 0 0 0
0 0 0 0 0 0 0 0 0 0
0 0 0 0 0 0 0 0 0 0
0 0 0 0 0 0 0 0 0 0
0 0 0 0 0 0 0 0 0 0
0 0 0 0 0 0 0 0 0 0
0 0 0 0 0 0 0 0 0 0
0 0 0 0 0 0 0 0 0 0
0 0 0 0 0 0 0 0 0 0
0 0 0 0 0 0 0 0 0 0
0 0 0 0 0 0 0 0 0 0
0 0 0 0 0 0 0 0 0 0
0 0 0 0 0 0 0 0 0 0
0 0 0 0 0 0 0 0 0 0
0 0 0 0 0 0 0 0 0 0
0 0 0 0 0 0 0 0 0 0
0 0 0 0 0 0 0 0 0 0
0 0 0 0 0 0 0 0 0 0
0 0 0 0 0 0 0 0 0 0
0 0 0 0 0 0 0 0 0 0
0 0 0 0 0 0 0 0 0 0
0 0 0 0 0 0 0 0 0 0
785369 388908 977232 197772 462313 137190 428945 917923 515263 84827
763619 96975 965527 661932 438211 963094 231546 834878 629523 154324
773884 398036 216311 812724 770873 650383 67666 97168 376386 638145
401255 152861 91143 514412 947969 812675 152639 662852 592045 758921
280735 493822 876175 989677 220712 981427 310368 676493 447406 259655
435239 416279 983336 56712 703034 756974 821219 78568 71708 26606
132213 289638 539471 686540 423461 915788 335787 105207 287239 921495
349189 483973 917592 746180 678892 100436 59103 484957 225404 297625
599850 187814 1115 511520 263207 971799 585192 477788 320633 98868
25598 286057 730681 122094 212377 929019 191988 939060 159221 252135
642471 814780 575539 450317 664131 644935 475983 395364 471957 417244
561586 888811 918624 832059 521968 206675 771536 33912 762588 995358
321211 735444 713886 780645 844678 368490 528453 409146 166857 640746
187971 442248 166082 265875 493212 364967 401921 86097 680515 902907
654131 401099 970179 457068 233259 288689 350781 926516 392304 449980
133295 451603 214155 595154 518841 793020 136291 208021 104577 142621
628647 526578 781873 556990 527803 555668 749043 232464 742462 8117
842133 456172 215907 912226 842461 396971 161521 134392 203187 624053
915587 648850 392173 810160 687872 798804 388328 207119 651898 358336
975173 566510 875239 309330 350710 475715 204080 10677 342985 917449
918090 280740 329508 930137 234967 781374 390093 798070 465540 205714
599766 99413 178525 415520 830228 77424 733158 505110 443149 31829
551254 281380 633767 53382 440539 202077 728596 554914 536038 553546
126677 222994 402123 431212 481344 713237 704645 184947 427369 253185
292336 209680 521110 462202 781637 247442 84579 17161 782224 94872
365715 683749 813214 538824 955296 566793 144822 607935 88891 526969
375199 884792 545232 503962 432653 769131 601576 541229 52367 673172
745546 526005 300855 749855 49004 206070 750349 233341 459929 560032
855087 967828 662585 127996 118177 952919 739566 393326 267465 774770
471972 636203 310278 963111 68111 239247 283879 114531 811441 753947
332617 932023 900809 180281 68149 927360 828791 124711 779182 573225
537147 661314 594900 361065 151310 548303 248105 451505 882025 100259
508135 578402 762626 859279 933699 783750 255123 385951 83239 513421
254320 320759 696949 332593 364473 623160 634912 38501 884486 478007
801827 780251 986755 458606 588500 97441 138311 47289 391941 81804
97275 413134 903387 620242 108434 237880 590923 48793 636771 791229
365578 37650 488573 749921 930252 623586 671814 188554 539728 545569
333596 37 334912 618774 423919 725577 388112 704136 271249 282636
316416 525186 427156 952120 982054 505380 574164 654833 295512 613994
592939 998475 726779 171549 426598 492472 833375 138760 906454 583375
784672 338582 967963 23794 39681 357428 842752 491432 738846 40798
136716 414135 606628 860182 268795 538831 867352 128240 584269 2795
67852 372193 75209 989324 915151 742624 267371 336779 911341 67472
425212 137323 822924 974184 94044 142486 746167 249082 573311 901430
25141 975017 275880 375053 432792 917966 278411 368148 123659 311881
817402 422115 541553 984006 986286 210145 902734 358874 525572 13108
70512 530640 313526 426684 780651 604889 146760 145077 375691 494260
8222 931544 382473 657478 452768 177569 90905 497124 380924 9634
659170 700696 891250 874275 896803 280309 121648 382209 239775 894354
714002 456713 188895 586613 546650 244347 900813 739355 37283 575597
662100 715840 29654 888501 151069 595584 277396 50314 189585 124397
967382 662444 807468 148151 950209 75859 112604 876879 202654 911482
9884 118801 16618 305718 65147 533626 854105 62700 396400 899251
935227 358233 245203 2055 499131 337159 665728 508563 707176 554671
480090 938086 592328 394420 350077 897303 356222 84681 814628 929497
715276 757556 182349 262590 451818 339039 68907 902280 76412 5971
170415 25579 779287 87528 643596 167692 360241 165273 790966 579274
556193 108351 598472 189738 181741 901929 329614 16600 678133 770620
536549 365884 941009 120962 421473 93373 63477 242487 386339 270072
897598 170223 104589 178277 772254 486864 588376 634501 449329 435553
130448 390395 953370 658895 365729 909176 848084 241279 924320 633163
795281 932001 992139 256299 109066 204557 313840 390204 734107 573787
259952 986866 830586 539233 58924 494381 384609 56010 536999 108324
535931 730203 419816 416169 155063 233738 722646 980096 404065 896703
958547 145291 945898 63567 333229 332748 156342 549766 603334 220480
744223 343728 274733 614532 494785 933008 402221 75893 610933 484811
655041 337025 136152 22099 564845 682392 170500 674595 830315 149949
240062 646400 432980 112291 355512 426497 902196 931122 893711 766685
327381 359057 19967 506904 347492 986539 520559 408425 837315 776549
212209 483443 728295 772442 629479 267513 437389 779729 444733 477620
888538 789227 77673 214401 961725 405498 147532 758124 894031 279031
921568 701278 482337 497919 352160 690709 546055 288658 693603 600234
284232 246027 917284 799385 112416 30605 185850 902354 65892 64753
929714 572387 325756 725453 998451 85911 840983 847625 412349 440349
600692 701773 915069 742912 881117 826971 873474 84378 13843 200077
290339 649656 768726 271283 252981 923584 803702 487061 244980 366258
743619 464141 967417 740167 560104 689803 164004 472956 249359 359523
397231 654961 679383 409461 529660 486981 863391 895965 629299 406511
342823 196994 897811 395744 199604 670972 84329 36855 346641 537008
495596 100147 44006 287675 662027 786395 653349 123355 676600 900108
489037 729444 421992 201475 184858 131068 679073 511302 843694 191621
708480 541501 849664 793934 404449 789928 151709 621705 786973 662672
573666 779470 3061 524733 90068 951444 546642 792020 407407 524063
800856 577656 715464 545834 625029 331193 803517 162695 142263 636142
608004 951533 990363 675216 33776 668105 163454 568248 680156 327188
153550 860229 836970 414237 142036 979216 193899 974086 264007 120155
600973 665460 105051 899282 951268 138083 524100 467818 969090 26319
514801 107667 759155 114465 570172 982525 318696 550032 662930 471375
735905 815736 475476 262004 420145 35387 652383 34644 164566 849277
461722 103267 981988 522104 947064 469881 81601 709868 447857 84664
345858 87901 448733 720962 532018 22151 674730 847104 711629 579309
8254 70510 728545 437108 947373 549687 106817 240608 87892 163750
214702 341474 704621 637772 42371 193023 150673 502810 182090 121378
645012 145294 76284 220183 498093 230800 881219 438911 287303 60140
315232 105217 371535 839885 957090 771705 491733 629907 606472 406104
613749 850553 487640 711329 344584 900996 166125 249249 209314 166023
96924 5183 728240 292005 757419 624056 220642 198963 732007 755078
681957 756048 308733 967320 553149 971763 143852 680022 377236 971321
405363 101972 523013 981217 694028 746754 298116 106690 37709 226812
836532 414374 483013 357675 692227 328728 134698 429957 333610 802905
979816 8478 126161 253701 508043 801381 48526 19968 102579 272910
860336 862864 65393 64010 792255 860855 744816 889219 439471 905945
116122 262889 139383 143303 507954 59343 912649 732274 182686 573593
827257 651552 54426 920793 689005 870943 696461 671692 777988 401517
442547 780841 95989 634275 362581 543511 438656 817827 417782 726229
651404 160590 481233 558342 887181 452792 742669 959340 688052 787057
949451 763872 819912 450506 292154 514506 707581 546765 378823 968351
346894 760042 541316 127271 960668 122327 811698 143261 19683 537135
86591 744900 895395 485770 632222 225167 394008 323225 968836 753145
482216 78097 697539 274913 1792 690381 338547 161560 754114 771175
661243 762764 354546 232082 659409 526139 64895 524710 858301 854259
834110 428506 952203 778793 215006 179491 208658 568343 410097 278179
342610 229100 772225 468836 307287 211856 12223 308968 491159 842574
543979 115495 814071 348628 475676 658172 76854 276277 256722 397833
974806 145670 672462 374848 295071 192022 187196 240248 214349 67847
924375 963270 959320 348916 393168 6622 43114 751918 493004 259022
780172 26065 455197 563185 349037 941984 207308 85974 66011 222115
876765 659022 12827 260860 39107 471950 359206 692652 342777 658781
33186 756255 682959 676303 691269 173662 166851 171311 3851 22571
5945 33666 889723 387199 178669 277780 940716 713056 483538 175874
193789 841357 771206 620498 976036 483386 256123 61576 558674 829882
780763 79128 993044 711042 7154 246124 272442 627051 946149 381971
991653 589262 821605 757230 698588 552904 107257 291664 960418 856510
781101 610114 229703 112659 397202 547651 576777 158103 336671 54264
998397 130458 702199 950870 348972 32083 439840 254967 344867 468928
201291 800400 943291 704619 6528 261463 661203 197958 252062 966923
17068 456838 96714 588976 554047 947838 937090 826687 788658 641391
418945 155998 255342 933456 264806 612051 352952 463386 83657 977996
806652 363577 547123 376768 578989 320601 283578 95472 642387 787252
821688 905857 954028 970370 338513 180731 215387 646034 479413 141506
309822 998635 632161 777876 235436 499337 259546 686959 615888 218584
886770 417624 230769 749805 710763 615422 94000 950090 412130 427254
465319 512648 156654 590383 592670 514722 638158 504228 371325 987604
802060 249893 227538 647128 590726 548321 847099 716544 442854 177227
676940 127875 538217 523217 317321 315824 142466 5794 254325 220644
522837 442512 364829 466981 723897 266876 881988 531394 292336 372292
982269 452627 961021 514137 655599 622976 540567 606372 664288 973147
407326 719641 518864 2490 434352 500634 324514 554166 882844 404914
782249 945875 280448 781874 263002 289885 994477 512786 993334 824009
627492 218910 544083 766797 409806 116947 760096 982752 901071 659173
90816 414091 370962 419835 276917 258053 579869 624959 423081 358283
695362 33086 861222 362387 63162 127739 116701 417134 158806 7959
410789 180920 23042 736667 238518 958386 525475 278736 536743 510233
470020 939914 56488 815726 289592 192143 989470 740016 719590 744015
631451 18921 617974 243862 86782 508017 579079 358038 538915 27401
718420 301727 458622 793129 365091 286410 412812 744784 202995 338526
495911 314348 934496 583 791211 580662 786260 283 27415 144526
294652 989685 347730 320511 730931 826000 303618 638990 60260 950335
260240 648756 481590 807723 117926 881658 717126 785415 91994 573501
846203 90686 385359 455569 736097 180805 520244 696988 16980 882510
672854 347278 640030 476049 556695 93130 341160 20158 596235 141255
982371 687229 692561 578760 992118 379398 742626 23568 560853 71166
908530 696346 912846 455456 691415 340130 837074 413123 329429 58802
182630 383360 877417 311276 903808 711851 464282 154212 469675 237431
361062 739943 964576 479688 265818 822409 290908 224889 303884 753809
747497 69092 110077 621463 343797 65149 661022 572748 959210 887464
955014 461292 409880 684377 876651 535874 146414 269746 519464 700512
84348 452106 76576 131568 73541 993890 208812 712019 303486 631077
217800 491373 2409 460677 687659 78581 305733 613123 475241 589483
348352 393659 104129 243158 576727 618493 566501 401823 633078 156380
458921 363469 191389 129864 799370 255139 797263 523078 404770 777085
662638 373118 944977 45708 974466 378761 46297 192461 86958 696225
838826 875435 795439 593219 905275 801258 332796 232857 514570 222546
84792 895096 992310 968195 747444 886404 772993 386809 634591 889105
312715 628272 739414 368526 852590 637694 32974 826614 115279 625638
604432 418342 890279 176324 517271 870170 809488 483675 835552 37357
32925 329876 766202 845047 531342 303028 508967 391962 486814 830368
130162 762376 469081 324247 361093 341698 591077 369318 662362 711712
201375 990847 71264 723784 10433 254918 972580 129012 334276 264917
302099 633655 585508 110209 839775 115615 344379 99086 343127 770674
741085 699265 642523 463064 725218 82613 848330 967159 43533 766580
554515 449191 734853 571208 690825 409194 177594 137154 890974 24129
613610 310464 136852 794151 96228 898087 955300 773513 544865 492755
623374 202133 848453 174172 295327 607612 807565 650966 547519 33080
281411 46611 574283 420587 753958 331022 396164 599874 878855 838725
608161 809709 213115 248354 369332 459177 930440 304162 437997 438458
768352 686805 711270 335506 510468 733987 15497 906569 959684 994318
355474 228715 696326 32343 554276 516484 385591 497681 948331 243513
775699 543177 972674 830009 73826 669811 447737 324620 910218 121193
192290 229196 46859 985034 174714 945892 913960 1637 149721 199844
274252 466741 285561 221444 222780 747416 816499 886496 294194 192751
178022 822496 835711 452220 957764 418035 87228 20072 291776 890047
828818 484859 826192 29005 422702 371461 955342 527296 55235 358505
715613 814222 554632 229430 210120 239631 380869 750790 18098 725614
50571 756614 788632 659179 974994 720630 950859 851791 113618 334299
237142 800881 800439 968984 262861 354111 53609 687381 150998 204245
619177 436916 348756 410071 899424 136646 625156 210832 361007 735754
987153 444934 664918 528533 212219 823026 503637 461125 650797 403989
530751 159154 227734 106557 691941 22376 610266 978694 337807 46382
401707 361015 72457 515046 175906 247804 947492 617231 957036 917493
853476 289913 510407 588482 715952 954210 370450 834756 719858 160192
398006 896650 631961 547597 124717 797665 264774 923822 779749 996975
973072 634506 336222 649503 801143 598855 643034 369608 716913 546241
29406 230100 2251 749035 859878 775626 993077 794439 502714 537238
919960 772254 250562 333677 734588 689930 995342 742154 461565 766943
488069 217029 448024 633567 735467 591913 830902 553216 130092 570720
971722 807958 277628 484901 704807 717771 6404 144671 917866 68450
765644 875744 356644 692835 597772 336246 735722 364400 734729 500403
328849 800927 371183 358837 243592 333624 717120 319878 689039 800817
1 859141 410792 414241 564949 769550 104757 525098 942202 678904 567479 1 97178 777137 89480 919733 120726 849327 594325 642283 521064 483493 1 457449 895307 796005 740380 635748 166024 137766 150331 684280 541362 1 899665 931205 48607 182452 327031 244689 587944 591739 489229 840939 1 818171 705641 326775 307051 883720 651744 416626 870535 76577 578600 1 257078 187070 725905 594523 929950 523597 544608 359927 605302 705060 1 296063 505186 544637 881387 142109 794751 304422 507869 115103 975409 1 729955 246348 170184 966907 682302 202380 10523 893018 344772 744262 1 102368 812581 893755 849881 707305 711830 663930 386479 51080 205710 1
1 48513 647449 957822 54962 854062 652182 414733 465472 851349 888519 1 393703 784002 654536 153370 537974 553182 191703 843987 801811 277505 1 331362 415957 891562 291087 582861 754120 695455 309104 365174 309353 1 531201 310146 599144 7658 569514 744605 937439 567786 385098 718236 1 913513 74073 887376 420391 900155 911003 450734 392244 116482 529745 1 254544 316587 974184 829868 538449 328133 200259 845030 936561 982877 1 883623 697738 250866 939646 425325 607535 143124 543552 939620 401897 1 678979 665926 256686 76915 419483 16862 718013 638759 468436 470189 1 185753 278154 506411 719329 518959 893085 338459 144129 722407 519256 1
1 983491 648681 303328 57613 636511 522135 385562 839888 71133 661180 1 334743 500066 154791 363784 967235 65193 871901 75736 404873 128921 1 81477 712676 670297 200577 689204 711006 21453 207298 794499 41763 1 702206 894276 199763 115912 777515 658431 191968 85927 422888 667782 1 21778 425183 360571 963462 846733 105388 32290 742421 344963 896923 1 38805 980707 250493 745403 711986 431284 572205 17827 822208 234448 1 957294 189705 281499 637465 770226 681920 538234 935739 891485 602557 1 582028 177942 332358 186291 497247 261723 721601 751390 303857 70004 1 329297 952765 617508 911283 78343 717199 442664 266378 785224 138325 1
1 512492 671930 949069 648876 522133 398313 883763 449455 104134 811316 1 650577 734615 718725 307734 309743 984203 646068 239814 990829 87636 1 457484 239371 206362 301252 708047 337287 50878 307392 443090 23053 1 118872 895847 756147 632957 714055 834220 19670 52727 920778 712905 1 177630 70168 707122 346624 337730 91862 266993 599919 878039 490594 1 958312 791680 580050 397914 371925 528259 23427 239528 558633 498723 1 874876 897864 803595 365430 746228 521311 938086 474057 225822 302829 1 971057 957241 310302 217302 56969 210558 937955 84181 478184 22619 1 872536 216341 53054 976943 402615 543926 486937 971179 489895 271202 1
1 287751 102118 925047 327980 918072 91989 129146 32750 405368 854087 1 534934 611349 275882 614441 764847 37919 673303 816257 821609 989630 1 935020 699258 2674 312141 108209 281575 657172 121353 865218 816159 1 408529 516364 66652 422496 806206 319458 813905 235413 885234 115222 1 522348 240514 972864 600860 713459 599904 222032 849277 399298 111943 1 228242 432573 670617 289870 864376 646963 858899 554090 958722 18406 1 799045 826225 44341 418903 305773 350640 483609 404748 35954 572930 1 182489 826634 837064 635381 616655 560362 761132 540529 629504 500202 1 763808 820193 49589 189843 419522 36403 746069 9343 222378 986060 1
1 605996 350199 933063 9217 916089 670201 302136 846102 186413 230160 1 390615 652042 551032 951998 757263 781049 871768 856724 26684 199620 1 378680 971573 211550 137206 173134 910444 601217 616225 652797 646073 1 675489 677255 350745 975910 258278 40252 100947 255003 418726 236398 1 87846 203478 939151 861086 983359 180810 995222 575118 22338 131977 1 797416 99092 957306 466059 842981 129054 527569 614707 234176 520507 1 974925 187141 322720 910066 797585 384873 619306 989372 77022 639964 1 330160 948121 257932 736108 344153 948579 602608 666862 226349 554016 1 603888 55650 953986 98895 973525 483322 881244 571593 301851 966880 1
1 790744 64626 91476 193154 24349 977856 984988 351429 302119 316837 1 609788 972430 220815 88259 674016 217185 233218 841024 467580 100180 1 983362 770848 976171 25093 748464 592397 367787 743547 601540 944359 1 932813 667689 862008 350212 17975 448043 885474 598182 195499 899549 1 483413 980308 219797 527614 106245 607015 517457 808429 155371 308528 1 532283 424130 780136 752220 739691 673734 122518 729194 279908 987550 1 336165 780896 521772 4330 553867 629627 682841 346996 967589 99301 1 477580 356082 324972 602432 613459 497594 641657 739455 772928 269390 1 41565 930614 440551 608002 653873 677687 720338 974176 827718 411157 1
1 993942 766286 308957 800128 538770 572011 679154 67587 447759 745897 1 644806 598546 222741 216392 508631 929435 282599 315120 476889 524859 1 294450 612495 18054 821992 614008 852232 976992 896588 513455 616709 1 417197 216618 40855 185311 852790 167993 662195 699247 692883 428194 1 233361 535661 115078 330527 143538 275564 127993 240562 627580 794467 1 582236 312829 189921 196945 280379 203724 21979 488256 120114 674072 1 623613 547433 195060 856609 202345 800994 287796 266173 752626 281038 1 118295 872596 246326 59886 427381 150017 41882 164975 41067 716933 1 334099 25021 841699 204397 61263 731624 243364 484660 82995 286742 1
1 829875 176274 516936 204588 128142 649283 720821 396005 627358 540156 1 544550 5865 386810 240762 777980 183811 357504 949664 540305 731381 1 382579 238578 595035 21081 862641 426009 947460 817543 118561 261549 1 912392 45682 93823 549903 377114 314286 612018 534725 685889 192817 1 460688 368056 871515 110394 22990 941315 771643 588614 240565 870896 1 595298 652938 639256 968976 631518 415118 460478 776312 479091 843689 1 120046 311259 932072 339815 697476 754702 883299 924639 749505 633386 1 568076 172052 682707 857089 327179 478633 461341 193067 737043 587691 1 747820 520717 782638 16534 237055 11081 968519 927374 275556 911677 1
1 391396 202520 279718 116857 639665 276382 830579 883165 374485 689413 1 164127 352513 669136 353390 523668 795561 724639 535990 682546 210959 1 605091 911811 759311 222479 687434 673856 978353 549196 500020 225267 1 510348 621384 663111 944840 447454 972588 335658 915729 266219 986528 1 303388 894344 434291 779524 626388 68415 854630 242433 93815 170561 1 694291 231751 194879 197450 810754 392088 701212 534187 522482 156527 1 662014 415458 724374 78131 118800 506696 499864 386493 541090 527745 1 774616 360365 288978 114988 147177 972689 226465 521714 237957 9906 1 275286 672811 640207 76893 607295 816026 278932 777182 102025 888256 1
1 857804 100573 570866 718651 149342 122975 14390 726052 815366 589488 1 52789 149417 904702 784702 321623 307522 481782 161434 47333 237965 1 79559 182244 196863 191241 701025 798024 206364 98705 219223 11584 1 892934 596464 225313 435126 259794 923264 343880 559948 566493 69316 1 595397 835689 430653 83281 523511 800484 652232 907243 361681 742840 1 448186 373081 655364 311774 77364 204875 882252 269822 890825 821312 1 512964 965796 900135 31256 600750 607739 438943 936408 317722 920400 1 51145 258820 469230 642183 767930 182973 899281 769772 711270 347186 1 822337 328363 478569 522495 155824 708779 589964 211311 683853 248519 1
1 902374 983156 442044 503221 614188 884326 520118 225355 571476 973935 1 744057 720347 225046 998280 962720 90556 937552 540191 955044 102676 1 495589 911808 922413 44967 587831 665618 378990 612758 652721 877915 1 244934 889 360925 547029 565088 500910 419725 652812 874282 765818 1 960638 739125 929437 640729 515423 493132 2712 699788 289467 916155 1 892067 554708 161629 545249 858909 92469 119115 955462 592358 614113 1 345708 444840 34654 68391 192668 754037 651736 368318 696320 592545 1 564484 741065 987721 652042 373849 439768 637496 750119 161846 612681 1 502239 440974 248574 996371 696046 425128 843567 34467 150268 34609 1
1 848550 28915 563362 260720 652749 153337 695596 85106 71539 377484 1 688473 125179 846282 376735 894441 729520 540680 42025 361400 619105 1 84826 948660 155078 71348 122291 630035 596272 742254 576533 946581 1 687628 530882 279087 279945 552820 530418 303725 895604 319286 879976 1 421042 754236 259484 630243 288255 260710 30562 991253 881001 959770 1 736592 8217 873389 550049 452243 68718 138379 435572 640809 706141 1 278566 604035 607185 741222 417461 293284 528071 799128 671171 668981 1 793327 797596 711286 137689 964075 112177 649325 930835 457640 621563 1 841767 326602 392815 38021 936892 296792 900328 787381 885192 473682 1
1 634242 112334 221064 310027 865306 744667 575900 45356 449219 765764 1 43472 157237 455713 472658 798497 966126 234063 962572 400202 254882 1 437316 672941 626918 531399 872134 783519 772731 43887 276972 184368 1 572948 779382 541508 8328 250190 519933 782363 582888 96649 809366 1 303958 798644 416551 892659 702583 981341 931141 768093 471127 692636 1 674923 251923 100331 64268 722385 949713 511250 295141 603944 241583 1 997864 133105 826654 935416 293633 950514 157370 241172 478520 460637 1 38318 428003 427569 732058 222131 715436 499639 33730 209956 416910 1 53533 892998 690023 433158 999742 578046 447300 406125 900363 255389 1
1 338931 331875 122944 825774 219554 639959 736369 72028 288531 895296 1 330256 550444 567280 182170 896591 702606 715595 751394 464159 873956 1 501564 884567 780738 788199 810455 322496 950855 152498 654974 167409 1 408797 218830 162600 358740 740358 777420 430058 263905 358288 996106 1 547294 754274 145246 198397 267062 571855 415319 248747 916360 264054 1 941389 429183 133718 622877 352412 657829 440478 165283 480570 935038 1 485178 32115 26406 723631 397098 19950 760979 157007 925125 64113 1 441865 56520 934087 996929 144077 770125 399686 544270 15973 194253 1 132292 673856 650333 105200 327456 633932 222415 620653 264528 547801 1
1 260122 395354 14614 851683 492987 967908 801108 476653 570553 750671 1 878815 274157 109100 448749 260224 221242 342692 112318 512843 282385 1 904887 671209 475184 712040 95314 130607 626934 919197 556157 852762 1 578811 959997 80183 236187 689249 140219 860304 545698 177339 222777 1 912163 835179 291321 970640 956690 846605 447840 984103 669651 276330 1 96305 322745 958540 1693 989853 310843 318555 124141 124106 327388 1 844898 263779 936992 741441 208271 573723 617742 957707 773639 866916 1 503370 300261 438577 453416 626534 246544 505848 219125 635827 4575 1 616560 723252 185151 359754 335334 508416 109225 25899 812689 576533 1
1 159044 209545 486799 430011 160094 103489 506711 283384 233092 905682 1 451934 748325 211364 160243 404982 615077 479870 731177 358663 449115 1 733991 673871 460490 72709 254434 977934 461079 190012 213310 840078 1 922826 775795 826666 557867 541991 356827 76007 985857 317369 410735 1 899982 219713 370308 712243 943917 476218 73964 236994 296295 347353 1 128899 954554 481514 303416 453331 319737 739291 768204 592477 842155 1 596733 987119 519902 81159 464336 653336 71858 500140 208340 520170 1 614031 40690 658454 881807 970382 350729 816879 742762 208338 745155 1 23495 755913 93758 562308 638912 291391 286765 502886 475329 379549 1
1 471215 267177 757262 833218 689590 816908 874555 980667 898759 561814 1 318469 750321 456631 624704 744347 746868 873914 123143 672959 156661 1 995715 776211 30024 454551 232775 421560 844616 46762 479738 192867 1 734824 448626 705536 724796 47139 96228 918740 860286 593193 680182 1 360481 859777 769968 557255 831188 282810 302822 603303 103755 415410 1 199100 153378 793480 226042 348236 116342 240667 97639 943196 809522 1 751022 202270 637998 565201 847289 434388 55990 511142 570401 305486 1 747451 440500 550939 956106 863120 602117 119710 849806 611499 769762 1 316425 996375 511345 970241 348335 529127 468910 49536 695500 534319 1
1 753986 412561 200685 804237 961632 476818 412368 249493 565426 692726 1 100031 967128 129748 418729 777184 166720 465974 593081 806986 602008 1 439450 797383 889921 209181 727308 780059 652126 14266 923903 57041 1 374566 19223 694404 739542 214428 743197 37934 654783 694686 710268 1 639245 890250 541375 128391 649117 107774 546725 343987 329380 221473 1 276197 290783 657821 382817 636308 441458 985007 237947 972869 895448 1 9845 15260 725639 570292 161794 444127 376447 104193 868193 929005 1 348049 455418 658146 52366 134996 876527 963613 149817 467786 146016 1 568138 791552 393613 530439 994711 930535 751158 407469 66981 27373 1
1 307226 84194 963957 166066 327254 371899 936639 469810 183350 879912 1 977391 834148 430307 347554 256973 788116 778096 136964 683520 334917 1 599913 693463 784017 38582 782878 40830 236546 848143 109914 308515 1 818164 733327 322369 428564 934506 627317 501406 65653 356059 946317 1 203650 560161 707969 559195 940122 972581 516305 434596 965945 301275 1 826816 964874 237319 571839 151802 428406 385836 927452 487462 792265 1 898278 291099 475731 428645 729606 767304 643480 291400 373733 882133 1 871446 795237 752396 576970 132292 506762 132956 732950 426995 943852 1 48167 487662 797908 515766 19700 839816 284738 848979 383314 487749 1
1 929646 565718 461035 953000 864873 705817 267347 48938 280189 215084 1 466014 18663 627711 531784 626856 395421 44360 730062 651200 567328 1 610703 584348 549364 575843 194258 61575 533474 642916 472336 594258 1 38563 355983 137289 447241 481319 726219 369095 837782 515460 602757 1 177151 746401 971927 13275 532804 107293 226126 763657 370959 13960 1 968031 834669 504633 243337 166554 497551 968183 880446 374888 238034 1 65594 256636 20788 309041 450588 229133 250096 935598 370442 196060 1 638885 359343 903432 439459 260971 6747 94354 906251 567364 396569 1 961467 459306 976243 504518 236883 287425 524375 738968 632815 490211 1
1 467304 502280 440644 592934 855291 816877 961928 917308 388557 809203 1 212125 743264 613068 865274 80572 327355 263431 848200 361721 73165 1 657984 700763 576680 441756 470118 722655 94801 129912 217165 604931 1 167259 775845 37598 443012 51501 537553 568022 109277 898527 437311 1 599780 334282 170619 123784 812174 90065 197501 736567 431493 884779 1 165445 164872 289832 412062 30167 790738 319405 698531 957706 627431 1 733785 84340 913080 161731 334494 764787 23424 981102 94602 119624 1 373069 346488 428769 500416 847818 402130 452231 77216 728323 696996 1 719289 84654 546875 459189 306220 717251 497083 200149 987375 219867 1
1 666044 103105 120260 437255 595083 563347 138769 830760 17826 364376 1 503057 411553 217038 153197 135279 203886 173486 916491 664344 936331 1 710505 137036 258908 275470 195047 655053 820857 860340 421601 969652 1 478813 331804 13894 283656 106599 523629 128246 717110 19739 757700 1 35278 632094 832890 325655 710715 188607 527450 104724 216333 375414 1 798545 377989 884719 423889 476695 319946 169627 379334 781170 131006 1 902432 587254 206541 77732 883790 707441 571031 722465 838202 287266 1 129311 310601 368559 63153 245377 464659 466875 263872 607405 338572 1 178516 281893 709262 308938 984401 764843 138441 927428 898067 12801 1
1 570881 852281 405885 859998 128583 622000 170678 378285 58580 667350 1 304034 53695 139381 727081 242458 506548 499527 608275 609296 714752 1 358488 393392 616036 111362 219191 852794 430418 264341 687205 997980 1 437237 185558 197504 441608 294466 697564 804964 655207 739102 962608 1 705540 195 696974 12672 96205 985280 681736 220494 524792 103787 1 327215 143567 257066 223392 701091 477790 228176 416713 185905 795790 1 97375 368390 247062 49029 894924 402699 239228 908217 331652 274010 1 113143 688198 654651 747171 6280 353514 617133 995351 122828 404159 1 134150 628932 800183 117144 328622 585407 428172 629206 347902 182285 1
1 810008 639497 151044 706817 865419 58075 885189 78373 69028 516550 1 681629 492056 971446 592343 977925 700975 581586 5999 308692 666860 1 94881 571145 473884 643753 225557 127864 763931 213292 367084 344962 1 953365 111788 663565 696882 479656 468276 132391 581050 109546 89733 1 693047 879843 393782 987301 370665 3970 990641 3092 484810 128597 1 313774 646533 11393 772621 783817 392350 80954 978495 670447 136402 1 817959 471615 372727 53390 971833 960511 101363 817782 361480 341050 1 629802 45515 375217 709976 237920 470384 373673 297592 911311 642722 1 383224 521284 60504 620327 945539 394285 617918 459833 476305 358459 1
1 650814 288919 899626 329327 239811 314332 468320 331362 86175 794217 1 574292 917000 891869 683681 557986 593416 249728 302652 791088 578384 1 864393 875596 416453 897579 573284 269594 322251 334752 494419 140218 1 598681 449719 28434 432425 550177 86468 514093 448991 927006 929435 1 944686 589197 290268 709873 608131 409016 73339 416511 22302 167289 1 963038 171409 736502 850732 447024 945581 9306 383743 135563 802851 1 343370 148560 472353 529095 803534 276873 123157 900468 814976 488682 1 416988 64356 459251 874220 192042 486653 194354 906615 382847 966481 1 610859 308830 312882 771770 225516 546201 141399 87246 257543 460433 1
1 441772 879496 860807 823177 441437 131204 788523 906831 582913 930011 1 508977 402872 562795 77180 126416 31725 678755 310578 485205 287615 1 974500 478799 14734 311677 569074 764821 444661 163985 433444 880409 1 816368 595910 682355 219731 672709 663762 410256 939143 27302 242830 1 593270 677677 770378 181208 551379 604930 748132 442456 87119 5487 1 338711 563332 716760 223774 374366 722949 445193 963706 640178 774094 1 840742 343359 580540 691743 675325 539010 122172 516104 979238 787569 1 194329 356968 443674 989661 427056 738074 894014 450136 836409 784533 1 282689 710295 528940 247609 199161 942456 932588 133639 849256 111010 1
1 184085 527123 91723 6241 157700 767010 811516 984485 959995 460629 1 397797 644720 621976 139101 902170 505184 165215 470152 479345 894965 1 906718 8100 862183 863056 633632 449216 242246 562332 963075 599994 1 381473 231440 572060 375039 949732 786566 674350 259350 347753 402961 1 124681 598476 644948 467684 412678 301407 352784 8027 133011 420330 1 389204 824198 406778 526108 89253 588996 897937 253841 215608 920337 1 490832 840939 869933 431545 26097 537913 907775 161190 532202 378857 1 235207 899177 771244 824192 918801 308225 805503 56838 963852 480102 1 119915 650189 887296 774739 215762 270482 367621 122135 379349 848231 1
1 955084 135676 269260 249791 316695 694822 2605 774899 450323 383393 1 156631 93531 463497 146689 200253 724929 154081 399488 309274 537578 1 651240 640853 579067 645597 319400 835792 984044 867786 99589 804461 1 615755 107438 769110 112448 696760 995617 988829 515300 731054 13676 1 978210 312594 740736 956972 179887 363669 428780 184524 936026 475544 1 955370 989347 738087 736612 398106 239241 12278 580879 552909 871436 1 694768 247513 240932 449096 733150 162601 670154 797232 597182 411997 1 668491 513114 134114 465201 857607 703230 448684 393336 520332 774583 1 800532 770734 860146 940244 475534 814069 116791 19618 760512 854680 1
1 44725 714094 836431 420382 694248 209271 726858 792346 62038 85528 1 748030 322269 921798 383126 747993 745822 26372 644095 372593 360051 1 895872 747629 900038 288821 362673 611705 196905 190259 286812 65512 1 950530 932364 217507 492947 677654 817868 731794 635074 265735 258492 1 39044 37277 436421 307790 147117 352047 579847 183343 647439 192165 1 939165 204835 461979 459000 359489 855852 143606 531502 760674 987063 1 114206 884948 337109 929255 469813 622394 117143 195437 604609 734787 1 522053 425070 735232 148885 813587 24513 111102 301462 291424 532270 1 813077 377396 569856 706378 344759 677257 53544 438574 914275 428145 1
1 370360 229518 876390 305987 632820 640162 181992 329774 432471 733643 1 976489 251347 826116 85986 794170 500170 195644 560788 699957 155327 1 478557 413901 624291 663457 105924 28289 312225 669780 73459 569390 1 229193 953901 627027 336874 894439 444295 97975 377154 4042 121071 1 787302 421928 57132 568714 521370 260315 890204 226509 128598 883426 1 703773 345048 529781 951331 579440 527656 725301 753983 295815 441639 1 519727 129316 509539 390358 68763 854572 796839 674639 709687 679467 1 510721 645128 777249 520747 387177 342294 76078 498929 460790 579002 1 538187 501556 303914 95823 59580 840473 870450 473818 70057 134966 1
1 18818 917795 156591 650397 566806 676568 225375 199240 469125 721400 1 280106 336755 86862 83503 894225 52232 963530 255228 570851 135304 1 197533 935459 477116 367709 273882 601188 517170 778058 766079 896336 1 978201 866508 783518 81513 463840 742231 642222 25443 448840 842042 1 495117 477409 298178 384383 847556 765036 900590 863581 681115 232248 1 311598 306306 117174 5729 10641 589124 155616 801743 515461 806066 1 407458 780797 192484 978355 226665 244722 156764 448203 164961 903895 1 564972 251608 250845 58881 810378 951952 62408 884364 94333 332340 1 292293 217822 453263 310085 268839 949095 27830 752913 175991 454092 1
1 404088 546228 982146 942782 854540 17588 160521 448228 874982 162122 1 561229 851178 45592 54969 646164 110462 908286 334286 872637 185110 1 846504 101816 802501 608001 216233 756352 459203 565713 29517 341833 1 291207 17701 347354 746719 86850 770332 834876 858418 843266 920964 1 403702 287016 991397 320959 380372 9568 113263 267067 761166 312225 1 55146 210783 636874 552419 330313 766897 662620 384647 326583 662233 1 287918 839874 652175 418230 149845 198953 968492 718208 677762 401826 1 341083 129529 598358 264105 929644 728929 875886 884443 249127 278728 1 520657 429112 186704 689136 862180 626759 847548 637272 356387 517754 1
1 109017 439184 601433 463692 21719 855274 216800 740491 538231 290151 1 905820 631205 207528 617915 218532 775032 22689 454381 381907 700895 1 950543 986661 4275 717079 123400 482353 367327 377097 781921 798234 1 277589 496051 94640 900973 136054 803761 668949 984066 216043 754863 1 468075 936624 350858 77842 305268 432548 11041 360256 536146 14018 1 111740 658510 728599 804104 508185 663767 785478 2402 467752 347604 1 805882 271932 641692 762501 533317 167719 996513 450919 751243 528770 1 138124 337487 891498 972213 239193 284139 130514 301997 605389 758082 1 447797 398586 202334 783037 559239 922813 411918 834339 654454 143613 1
1 546878 47328 347755 142419 953790 340758 62560 321656 509001 201700 1 58744 88444 935454 740517 255867 882126 533188 128564 821979 802553 1 721460 821000 117228 956677 370162 311826 533924 597608 93530 141470 1 291804 109961 937584 754600 724550 695337 580346 218641 376412 236554 1 947322 122758 985537 470672 48628 490553 765296 947901 28529 671625 1 825790 286136 297634 82179 862445 140480 4468 57732 995747 443863 1 681937 686981 40501 68605 219418 380333 256342 254977 352396 134973 1 323768 855596 32519 423970 799991 863682 7803 222692 195928 339825 1 539232 173866 798666 216699 774299 347594 649440 198074 762265 757883 1
1 990524 725656 16246 349127 768189 801649 322190 782142 894184 822842 1 645314 306034 228682 814388 562635 418244 372142 824453 390086 920082 1 263030 973638 924792 799085 502358 912189 30548 989112 208087 775668 1 650890 108149 198901 11521 800458 70305 875170 783014 226124 10137 1 953747 439796 287750 24693 318192 233800 557545 924512 631289 454755 1 630849 740608 660361 816968 595268 143950 79009 887087 939583 818916 1 790021 270421 590076 820395 417713 728691 435702 101912 535086 603089 1 31541 203474 230800 20396 871264 997595 483296 90542 944203 583940 1 140538 433675 123251 717943 466013 71801 732458 13976 779241 240771 1
1 701707 755292 476005 875754 388946 359969 67159 472327 466742 346528 1 464589 958191 988956 793409 306473 724177 45043 542693 643193 766323 1 425260 722973 218240 781329 757871 247448 925521 166267 526264 292 1 251402 540307 873186 44687 450849 913900 54648 410922 255713 925076 1 524938 563332 411392 904204 404500 445486 165497 947526 871895 396696 1 204482 586246 55805 764429 583140 818968 716207 584485 641361 968841 1 48834 798337 913384 562322 745340 132567 290485 361232 231303 224156 1 416507 783257 644989 216 297699 4495 69470 805348 393072 26063 1 709015 987424 435548 653638 92209 998967 408267 869227 616952 775575 1
1 486369 639279 188082 683138 934215 593670 281847 332445 69326 193865 1 429157 11068 891350 202122 97111 460185 196089 68501 110529 982151 1 263161 797057 774118 120848 602968 17382 398362 629201 715067 461694 1 526107 201215 988165 10984 714635 305310 402719 226931 478602 415769 1 433175 423 209432 566589 756905 146434 83919 837936 198111 709135 1 253590 77193 999988 978593 908754 626335 999959 713124 703162 244152 1 883703 30534 489528 166081 425482 118387 515156 837225 227662 510882 1 646280 314593 578585 170423 72440 939147 494786 803868 595855 933693 1 484548 588859 640688 801258 61587 223092 85442 497745 933690 139728 1
1 624295 560007 497536 625869 836085 721735 307859 335485 732304 93385 1 914334 240241 570039 321558 915941 910005 233205 847646 490977 557889 1 645826 221642 177163 267567 883413 214402 883282 954462 875976 625951 1 524663 981036 303834 59363 476520 96121 602094 445286 776698 399507 1 372185 189183 756994 972773 172285 730909 145565 519539 848276 317537 1 134006 288842 920871 859058 208679 991881 162525 598415 852241 417139 1 351400 162152 271724 323813 828560 399856 592077 701448 859958 94529 1 850399 43524 524955 105042 508579 430387 714601 91913 866342 314897 1 959386 965645 812162 1679 810110 75210 630780 436424 240706 241983 1
1 625772 311121 32 451510 158175 563018 515759 370478 22428 254252 1 924 272330 743420 839135 360571 298457 426863 988966 587369 88198 1 350788 509812 824468 249171 394013 373700 991200 352079 378530 264588 1 998776 641251 720370 570049 291405 977356 707334 899931 201746 585077 1 968112 427577 279719 411215 989043 403793 769640 98420 772365 483934 1 12621 797899 326521 496726 221132 793314 763684 745745 584566 358479 1 731588 92779 796114 592296 682903 291181 133341 778495 186230 339351 1 950053 522595 960901 363672 745538 661355 417863 613599 585227 650903 1 743439 968245 954129 730895 519812 613540 841412 525156 522481 628993 1
1 494463 619414 266124 869978 593091 922611 58365 975877 658869 135374 1 5396 677793 212841 125844 953588 999903 774896 772648 447618 741897 1 25766 326667 147746 925566 126370 93061 845512 545639 575485 796269 1 904238 754873 410789 369891 729144 518840 308134 889733 51669 296834 1 560106 303472 675152 543823 588546 67252 389323 152978 131346 742598 1 935353 271769 833192 36629 901090 895212 355523 200961 533308 457675 1 601366 375722 523401 223652 580428 471137 123381 101288 836477 856635 1 872958 596658 786283 234432 279774 961561 52237 852587 756711 90096 1 307724 412550 697436 106308 775303 685884 51800 376188 785059 815093 1
1 800135 891872 921809 998365 873551 606944 419353 782656 925681 980355 1 517263 164749 756545 23539 939352 96212 723830 265721 458513 182081 1 890362 749362 610195 69032 862047 501974 776815 953842 439469 534088 1 499565 592287 329169 237194 542967 735736 754730 309017 326363 341089 1 154587 639424 413690 149174 230487 381213 928166 669555 90609 313835 1 164521 306896 51028 754247 157012 945685 519503 581752 949878 419449 1 503166 516842 534240 556968 149712 439619 431519 318778 117686 214431 1 872481 399435 517763 388310 13688 914153 233431 604834 561613 486938 1 512141 863027 806241 979266 85207 691634 456457 283720 84972 20553 1
1 804191 476772 245139 815904 132078 41387 877928 684791 310083 338097 1 488834 602880 97295 525813 848800 714311 338123 764608 216546 693949 1 301562 78179 24896 632063 399473 980319 585001 918457 953510 576901 1 987058 980272 175293 138182 12598 777280 398517 198420 913805 285008 1 189499 487023 288945 377312 935933 295593 9892 393413 339411 754068 1 745255 758319 626447 227299 152509 351621 594517 796113 17082 416014 1 863848 462016 418677 273663 91462 455981 83710 497842 308735 144941 1 911945 902970 71980 509595 106607 87616 815651 402917 827717 198281 1 903040 128061 271158 467869 170119 244197 421888 472151 602899 490700 1
1 20628 804578 218272 591997 36079 15735 143873 316933 312472 65825 1 210208 891624 87333 13900 416648 160488 340506 171372 449726 692585 1 778389 336761 739967 360032 523039 445131 480578 531256 915020 787286 1 863100 768670 557320 954151 160755 397859 457752 399329 658102 530918 1 484032 907636 935531 279758 324578 958274 238999 641903 995404 736664 1 804621 508474 473257 469799 622556 204567 539204 588466 232858 989211 1 91938 636072 66761 750583 163176 612178 201352 64254 904811 925160 1 15147 827057 800525 901905 659581 93701 448712 162465 330724 646578 1 233319 96781 328822 151438 160664 581861 806410 574487 844105 542983 1
1 686501 496840 280651 157385 527611 269914 372741 838053 714688 248203 1 618040 96474 553838 982804 354495 163999 486112 720349 621192 579310 1 660761 688036 223769 174644 672832 854093 426617 335646 348797 689475 1 8638 830504 106822 516764 170156 850066 838062 144655 582265 702090 1 716291 46508 868176 876154 65495 283931 866303 666102 128266 814977 1 706758 960878 155438 996963 605137 803014 816196 586332 831540 165700 1 478946 249388 618518 610497 963438 504804 656999 520066 210392 908506 1 743154 815703 72781 279581 806122 133369 792304 987221 276902 946591 1 270496 760948 317682 319520 81685 668914 980584 978783 90372 633656 1
1 250861 697169 825870 237980 52629 361542 822486 206259 976887 184766 1 358827 80692 227841 809456 180783 347159 209716 139596 952866 676930 1 440444 778420 815480 892726 28089 164279 520756 873616 75734 297310 1 975839 149668 78519 510168 544783 136216 254401 836068 318533 893373 1 758829 900882 393068 369574 578862 712093 752125 47561 591464 514981 1 647904 949123 917014 670934 25480 503229 607833 839547 106894 937303 1 629589 199094 409854 965274 2700 605054 847497 903013 577830 623530 1 292218 653057 199034 906845 325461 773549 836592 871175 472553 604221 1 830091 441310 584989 343159 167504 116962 57692 62441 249439 521733 1
1 689122 151064 112411 904370 562743 13747 670525 198804 196212 845561 1 931692 400312 362231 286850 438382 9556 407236 752756 144353 633883 1 878314 262288 899882 529471 40552 881164 285256 81825 457374 541698 1 909819 11181 829631 51171 229633 399767 535560 201072 576763 554752 1 140312 76700 806773 477547 441977 492735 731929 229450 821851 621093 1 968343 784057 562035 252299 128173 238515 615991 51007 679724 586110 1 981262 692796 409399 416707 933578 132966 608515 736670 121893 227632 1 43351 646756 594435 198872 467448 724489 912746 393425 839007 10982 1 461940 665706 585456 831075 970639 222498 242006 681948 155498 582950 1
1 881372 485346 35016 7510 866206 578357 376264 44860 767636 179124 1 111427 877091 774879 261035 376687 325039 410384 290511 767448 671838 1 523926 632836 608698 770763 693103 898499 755358 327131 892656 829220 1 811906 462351 280776 322510 785710 406428 152957 773321 818013 303650 1 110606 642547 431800 568372 629230 377198 531744 401916 528605 364102 1 63697 917117 245740 803535 131303 601772 516164 360850 835055 248826 1 674806 452638 320814 535329 574477 577315 463915 784625 933851 158638 1 836339 333901 108943 918482 57543 704167 367670 597219 805091 298714 1 582753 360596 255867 570584 387340 735532 425146 725025 403959 299106 1
1 999216 151718 268492 656096 612465 242745 747698 478686 40159 888547 1 156345 95062 995458 672944 442310 855694 216019 527407 11934 380576 1 200663 89076 380992 107102 467793 332813 769061 885480 587049 379521 1 939612 997005 718888 758472 210634 89926 947987 474691 570503 448287 1 280037 446042 83281 384622 758126 412132 885352 278627 35970 574454 1 885973 722473 817849 464594 418859 76717 742332 306527 472675 566525 1 240501 307319 608979 723678 215933 482709 55872 731451 877684 271995 1 716524 236931 834152 528263 722192 294620 981476 898249 749943 79921 1 572002 493366 235258 541595 759241 952844 939705 27889 479976 510675 1
1 727593 863341 281390 201486 841679 382682 526787 483235 421120 972450 1 141757 859835 425085 403752 666768 165920 156610 479865 842768 27103 1 1994 651897 294711 63221 483452 767736 908430 937467 586579 294645 1 333411 962892 123688 977424 782417 443727 964385 853827 613215 711534 1 958783 496705 357657 832758 146569 456198 276972 813780 591099 755182 1 154463 681195 580481 89319 875560 987375 345744 906802 124495 84863 1 169104 812390 431499 741921 99806 62195 669260 58592 637535 365748 1 922410 562409 568622 343368 22650 700006 334208 295556 882786 578001 1 258668 248426 859769 392148 458947 7459 456533 239790 876287 744762 1
1 501049 697165 803201 876554 179609 788931 69632 677372 795173 397124 1 990963 550772 690076 387188 703806 813528 634533 859151 166872 298233 1 900801 301331 599008 169185 821701 416637 57690 437894 840072 948878 1 777304 385138 386371 655926 149538 623256 574982 94060 182238 327864 1 480292 469333 660359 898543 833360 101912 560881 888805 128724 444467 1 217171 613918 614484 711324 587034 55125 751601 707767 969706 605138 1 445791 434334 642730 309461 445589 116121 682206 936946 492051 187433 1 832868 702613 127740 755319 250348 578080 843982 730582 556002 498897 1 431511 788262 734672 976130 724090 341027 262940 32470 15006 441572 1
1 799808 763449 317444 965309 296951 904934 42714 678344 490158 346629 1 227142 211886 276780 986596 805374 252040 782959 532126 919772 754185 1 699258 129133 627368 616882 122695 508274 703135 248121 435306 406575 1 418439 503979 929587 480687 945049 922609 775828 660589 56584 236062 1 859465 327053 47589 738729 233832 109767 93338 303927 251667 116277 1 980153 2169 441916 480277 63027 282308 589418 964212 531661 657556 1 320522 834847 369678 668304 160744 724494 192891 763448 131351 239430 1 402201 287571 154167 478326 390165 59042 700427 424944 475706 18695 1 486920 519507 364934 794753 715425 501299 203258 570164 467224 878624 1
1 432708 955755 648444 755699 970065 331472 515465 838181 290543 801587 1 224465 28878 935312 700748 21581 507679 295609 547800 470487 915746 1 835045 994 16402 95349 166978 900922 40421 845472 910946 195641 1 909452 853457 154436 579034 302904 957833 757040 570296 409766 495638 1 3853 142265 564549 607520 774151 789792 558686 801450 505820 815284 1 705266 972942 434256 655198 969511 51085 803840 597362 831815 828620 1 321139 287216 811421 364306 366121 32369 993433 117100 540177 900015 1 884895 110696 80121 193102 752712 616542 513311 892659 363555 845973 1 187067 919622 457420 33642 185126 469853 975231 9587 161889 444648 1
1 244133 434623 579071 683717 435335 167484 818491 66993 476016 317463 1 662430 929635 535620 842462 268991 667890 707243 301249 443864 110541 1 428315 302858 715691 372268 181625 706563 872153 620732 315045 159564 1 731950 92522 90260 745170 764794 841590 303831 624542 133106 525690 1 239029 115813 458447 408098 36047 217977 75178 878880 642101 681153 1 425014 100889 597626 773381 685906 503525 75872 386199 839820 695255 1 233779 108535 38008 841540 376663 756582 399218 173746 318800 650323 1 3496 256362 519357 732839 206479 967490 594424 334024 97331 757848 1 482714 995292 481640 728105 535130 621426 350453 638019 92395 831947 1
1 589544 967157 50550 148494 945356 201462 187144 366166 646347 62262 1 807082 242203 786812 710633 836511 366334 114189 763440 975097 699530 1 206891 253024 246389 646497 344467 686280 163241 847520 51016 881553 1 750586 362299 428832 395581 145269 324572 429628 457229 703642 750038 1 129039 31255 998798 836804 838801 795084 23473 846043 548311 598059 1 452005 422668 181466 200363 735796 437622 842033 908084 214404 113264 1 991472 789901 332996 338010 224218 850694 115629 123042 247319 381989 1 740647 624115 282867 624018 653945 103994 948984 865920 987095 782663 1 373627 257657 532833 763609 526816 528992 10914 282932 713310 838016 1
1 485515 403168 797820 453263 309137 458729 254932 428967 489326 803776 1 529720 507590 464996 588758 432332 282819 117162 849653 584356 845977 1 818758 685706 468926 313676 848571 932938 754892 487915 546165 940460 1 635577 465285 132854 51585 611756 111238 480974 847107 17458 754436 1 301949 193827 79973 839887 970754 472674 520741 604587 963374 91887 1 647944 811734 603814 201994 499016 814614 942188 440455 720267 711527 1 75972 141840 672987 197460 330757 146360 122144 345202 895940 646129 1 221911 325362 582275 353799 279794 331593 33781 421224 381709 739043 1 835373 241218 720048 578005 255 299704 456943 135583 777910 582065 1
1 182547 163143 833398 682811 599336 764037 898051 494636 335278 119721 1 821185 393198 533230 130499 165657 782158 530026 906369 728549 515450 1 103448 312719 373223 5236 463361 476236 867346 420857 14083 740052 1 604948 789441 571496 927352 428751 285232 881996 312065 247343 158023 1 796270 672259 196476 144658 457050 373981 700058 7811 295310 171101 1 739447 113037 7062 473227 988685 950149 453621 977801 2711 779187 1 291786 468076 600629 666912 115364 271841 763965 721934 532311 44814 1 795326 360430 204852 802051 952151 715964 58416 503681 602051 898512 1 328234 220417 301192 574647 858479 697989 95180 784624 311868 382516 1
1 588387 358302 400562 80677 518844 751138 115905 796054 617492 413490 1 590388 616317 422688 695687 539846 331724 726329 829807 469985 403094 1 32553 621993 991950 849536 181963 187388 602138 297864 451319 67925 1 748599 43226 355452 910591 104168 827730 932454 361380 234171 395050 1 225352 526784 30968 153840 841920 707873 94712 752883 299525 586170 1 314539 492348 611795 333291 843330 482815 615251 536457 163556 159862 1 714867 285668 228316 585505 512362 176930 693020 414065 669245 688537 1 615846 101125 526073 235048 497370 283834 870323 49904 838888 705241 1 728564 835055 348392 896354 268087 632370 889595 723332 479796 990605 1
1 552639 622115 136085 888526 537001 42518 269554 44462 121916 100546 1 324216 942124 505693 470710 554415 44118 932197 986825 452198 716673 1 829960 405750 27173 541377 214102 516540 82912 813629 788252 821542 1 611892 908496 350035 741385 843894 383649 148902 294650 666664 957701 1 363309 8680 393368 549308 497949 320238 943962 150760 812499 314106 1 127377 377940 616754 127350 922492 689945 997245 685970 677058 915449 1 134130 757554 406353 640135 596605 892474 563244 669263 281700 973830 1 442326 173500 503831 122698 98897 694183 699714 725156 546182 175228 1 529534 884399 625241 447285 956409 200917 679031 873037 225513 98811 1
1 897689 830648 286748 824357 179735 807562 51561 442967 681664 274908 1 920063 820264 451241 144628 79078 920494 925005 678748 78457 453346 1 216050 693034 315960 295249 859242 300556 349132 613983 647379 346040 1 727833 529135 959464 957758 394424 388770 435157 786244 851538 485388 1 720362 755250 795508 419922 231397 102996 197715 159509 5859 777013 1 11632 908755 609306 416867 838471 925069 392245 661714 132652 428339 1 593676 345954 657308 907494 49407 682161 328810 238620 91665 846856 1 711339 827510 389948 474088 525299 132505 62165 283084 232351 196092 1 495676 847017 17067 282948 978791 544638 921289 615158 999210 663517 1
1 57429 49398 735145 445820 953583 830803 980294 880190 591758 469414 1 314769 155248 305742 829903 108629 612594 855288 307245 58555 468834 1 195405 855765 463383 474553 203861 209907 278052 512968 825896 666916 1 575695 68477 135963 176909 706690 342626 342053 597797 937964 192300 1 338545 623606 103613 762335 463627 876705 165154 510836 489142 515011 1 807941 615479 383641 551069 109223 716354 863661 297287 190451 124663 1 527103 559268 232387 282218 412828 222560 622767 911168 150768 225722 1 673700 354069 87812 303262 309403 570836 789632 648980 924369 258850 1 165977 452214 32176 733304 727931 764790 19824 202791 614424 720734 1
1 18073 856694 957242 828892 252846 865723 39499 132232 555443 685530 1 408256 672526 450446 906187 233969 830691 898237 442782 618197 642898 1 827243 203069 400673 588405 68006 958455 964328 925088 464978 464178 1 39520 952817 459082 700996 794526 954620 13330 285953 897658 241499 1 989410 572955 97028 898466 204133 176827 250192 730234 846498 686224 1 898420 279861 466339 198202 256660 469473 851164 751141 291000 930797 1 482725 546237 689678 848600 307467 360630 511584 517829 372750 950899 1 635394 19800 731609 815745 812661 121494 347040 336561 562863 579738 1 590539 922706 688675 633396 716134 283826 258970 16316 330374 26353 1
1 226225 461758 706988 121833 587679 79659 756756 79189 380849 192863 1 693549 412665 905752 188261 305617 969981 115510 545374 820155 551197 1 655249 963546 881234 563489 537065 284828 97070 760866 956239 253195 1 504073 2738 560283 328817 121204 331740 192786 81944 443289 221054 1 741922 795120 153426 503663 281367 822651 416740 960647 532766 920063 1 171910 220546 756133 955634 521676 207845 467479 701393 187895 813528 1 983968 987080 713016 750237 40330 279613 826380 515650 333479 165767 1 395162 660628 306113 204929 440495 263379 2565 631506 19462 841709 1 889922 300754 657938 428817 254249 45749 253720 980057 929268 732364 1
1 778257 62431 18020 210646 109237 373398 903403 179324 362064 470036 1 617334 516086 195292 657405 764403 133914 736906 259738 667988 891518 1 459723 752083 691638 384968 506475 536641 527038 20345 571622 343762 1 181846 142183 570607 971229 180238 402722 340961 891727 98540 523957 1 560249 171734 944518 195143 261975 41843 799395 798699 829106 579479 1 881654 189940 380613 715203 900395 354265 130106 695399 828865 107970 1 227190 613053 614479 305576 968541 990318 437062 268956 872257 168013 1 166468 388762 108565 261047 786846 844406 965380 830030 506514 271817 1 677776 959301 71363 567164 190873 342612 584547 409944 43258 925939 1
1 55079 546607 866591 605809 237783 582334 548454 173525 808571 247855 1 293774 509939 901190 606932 40209 696584 402323 305818 737017 292186 1 158952 88519 939930 102528 160609 154159 972296 679912 159273 121116 1 779239 362164 706135 283818 495500 314373 834189 993521 253275 416798 1 189371 260230 802898 682731 622798 658457 921978 141624 578762 852086 1 911437 764321 678457 138263 946113 438655 848373 197439 977140 263765 1 445771 483959 262046 480169 144280 991280 438350 760283 260034 49129 1 906146 140050 227878 567362 985352 10842 875434 818212 539170 427062 1 890706 436606 514967 40832 896225 458352 821067 608677 219937 506592 1
1 345948 205496 167213 274768 748789 629148 461030 772449 742901 664545 1 520922 488182 833096 708920 880213 259476 23668 571366 5990 756024 1 194150 686815 833666 769704 942002 704568 728452 832092 952389 64276 1 139357 196756 297030 783095 856399 520171 83870 408282 306217 524235 1 511836 665374 372729 524947 654644 714639 362896 997838 131405 893805 1 855969 690853 43518 952201 137482 117571 888293 290276 439124 966686 1 424568 171178 101270 16870 384919 297077 346406 91166 571606 235278 1 303081 970193 302894 570549 626516 440075 931651 95948 407018 13698 1 108461 262743 749452 713841 960677 890309 583569 800340 879033 706418 1
1 522884 599536 364268 876110 519336 157003 665606 806453 136659 412493 1 224386 940785 166042 218779 97277 45952 369803 962466 607832 86755 1 569004 854473 249718 431031 925028 942753 639157 973011 330951 797556 1 345572 49853 141431 507932 451400 751159 198657 92927 884093 853267 1 410057 93286 3313 937773 398462 395715 973199 890978 460526 756671 1 5201 427850 205483 155105 238617 617751 74743 246926 285550 820778 1 764028 188466 448861 822292 752872 242928 445749 709063 446926 170053 1 643313 691812 85856 419936 484639 442339 615151 210605 197824 258666 1 433306 590402 386330 907396 915888 72324 215668 7681 134788 161481 1
1 701631 927812 271678 840762 16909 808070 337414 168494 332399 594337 1 648686 594646 685140 29809 480168 812123 750712 696696 383813 95417 1 449547 132840 343639 180702 59029 780454 405820 687021 98370 895025 1 58729 600280 782569 855990 457646 874919 105343 3342 208983 482246 1 862097 951114 29252 897547 922701 409912 718105 455066 92784 820960 1 798331 454236 820222 742494 61847 793264 960618 969613 100462 544329 1 22011 256457 646601 998108 486612 124208 64514 538950 465362 758536 1 14774 990003 949061 583574 634382 752356 91802 476916 854170 123085 1 567280 758337 105807 679185 190407 464685 888378 907459 156070 581736 1
1 215582 102845 697841 973469 988933 174396 908124 888875 107902 696208 1 431808 850269 919417 796453 739777 124239 216906 423043 245481 225101 1 386221 909650 16234 580589 954738 290581 561851 528383 321472 326381 1 54885 199803 430749 869369 718872 429700 326840 114787 310108 503524 1 517746 184852 67879 983691 1409 458686 562910 78475 686070 949535 1 764654 393123 83745 553914 246832 677655 888280 155840 384594 236739 1 626521 608010 528045 372067 511089 71800 794503 99007 2017 803938 1 745052 852396 306441 531790 241878 689069 142960 528509 214350 35414 1 426852 441172 207469 820639 400901 135936 712877 831045 438981 974031 1
1 344581 176454 871306 758513 390828 860566 538950 671604 691889 136549 1 570817 159875 178774 835898 447345 334773 408291 154159 943501 908248 1 73958 337336 239336 136137 129562 228108 327910 518519 293539 989483 1 762813 767095 920232 265305 202337 848494 451472 299053 732174 86624 1 718869 410245 427551 457799 278579 194373 514385 144409 105543 741718 1 778186 3255 2983 973034 394889 679726 557382 351786 429260 725379 1 290282 712233 255476 999071 229356 350386 581067 358213 902489 987692 1 815561 888567 589126 712405 317299 831120 282421 763997 61214 630146 1 862380 219393 207276 870052 282500 578004 668975 551634 408802 187727 1
1 677952 978094 400426 754483 226712 632946 45676 870668 638315 17042 1 41344 554920 743663 452529 714720 29871 631676 17065 184420 654649 1 603561 656579 829161 422438 74449 120164 975566 49282 683356 576456 1 630752 311053 752389 170240 860329 112019 150210 632015 196303 619699 1 122110 338298 436944 806245 813701 483539 882384 592247 263359 630321 1 113550 635999 83753 722305 824771 301628 366784 247263 491208 794214 1 7796 775662 215164 589750 970694 67984 558749 552438 626035 338996 1 212852 481702 895412 85518 921348 451957 604612 493197 699612 802678 1 139218 935052 125311 884426 652624 121949 980977 383300 1296 87804 1
1 142395 667418 898497 893418 113614 165790 522550 358099 450904 727108 1 397488 445149 85864 882274 507361 623693 360262 157369 302031 52274 1 698826 395723 345907 759526 647516 138668 331388 477748 605385 328834 1 524884 556584 737170 994223 902837 65388 391255 540268 889939 503216 1 291110 977114 805377 843787 326930 951975 932014 953870 334368 816389 1 451693 272366 716024 66849 222168 387026 252066 229201 412315 131770 1 38421 642553 855595 94625 490946 863444 705636 281105 198716 129374 1 364956 718881 11141 572068 747482 894108 506966 768819 342175 126680 1 531984 681070 772945 72726 352592 746970 466049 717366 928929 971955 1
1 850037 947748 815620 987543 60872 914218 882784 892830 279025 162615 1 333933 70911 515090 324573 563921 587873 323775 658534 249000 977097 1 471152 103422 82949 468163 855732 255467 441081 707836 794513 640699 1 881454 602666 666182 887839 109363 817917 987108 645105 500730 18128 1 993477 368105 606375 465398 998391 836760 470577 536963 430 574068 1 460402 565290 62695 578377 470057 139069 619598 37138 341893 388564 1 848602 842095 180569 744407 19378 940067 490901 819966 39154 519355 1 36521 140722 146327 31432 429470 56401 974286 997867 135250 661867 1 382475 354058 215468 803804 836784 747526 443920 354524 863673 489058 1
1 547595 302487 266468 250778 472575 676217 481231 315091 780163 740217 1 732071 331807 258411 978070 378373 457835 786259 928341 312473 260300 1 313419 143960 564529 387920 918012 377290 321342 166544 109618 707782 1 867942 785523 524377 146839 839742 463016 248308 115764 708393 547148 1 22723 955680 760318 538015 70493 798301 307839 359260 859475 637019 1 995083 239442 184454 555888 832697 642596 294106 62348 706628 259270 1 78945 909498 264980 942174 760323 189673 669052 242252 342244 424036 1 605436 68833 810589 344465 195128 922347 962236 159480 928360 945526 1 30685 761892 567024 606193 420275 379847 20450 760485 399939 979342 1
1 485625 976622 800093 436548 367049 734166 896762 881932 537075 857718 1 846211 395895 591685 215149 999596 886335 422406 377358 377922 697016 1 906973 404338 757247 118586 503055 134283 777145 660354 119879 605917 1 917153 324018 485203 667115 226763 679617 773649 411818 844603 581595 1 750833 534388 973426 36300 294782 170361 821263 738002 32837 919030 1 268223 802233 930482 857853 360167 754285 268850 282695 459089 362335 1 513399 30293 527449 718101 647239 367952 546026 299086 748851 490437 1 528957 321527 176560 299175 255636 259802 610820 771807 32485 772158 1 132473 762435 359686 897673 715842 363508 9241 936113 216615 196606 1
1 391472 899081 578771 722591 241003 326566 888765 315570 320225 413663 1 812078 280652 246766 458539 333654 886128 69976 720008 783101 601935 1 105923 570380 571938 728261 622411 265064 92290 914426 656021 46634 1 396039 769761 558531 977350 796411 287833 401420 452744 58496 160755 1 775960 39126 990284 973940 256447 383568 975174 970735 693953 66614 1 805499 14858 195700 853247 640316 19395 556321 321004 69288 658834 1 884294 848301 701758 868741 487372 87210 309727 919689 964282 179739 1 40583 149058 59097 7291 62442 805234 288627 360613 854529 669782 1 138336 305702 201522 937091 682439 719211 146713 570719 414570 919908 1
1 439178 347716 662105 74851 846845 803793 934132 7253 620911 601920 1 582502 838004 198539 947933 382198 953358 913812 342633 60798 889568 1 935663 815870 877999 788748 129444 774212 895961 423629 129205 630772 1 920833 101093 905214 391401 305013 988046 548547 106094 553240 994623 1 96247 971237 677886 286849 399568 749288 370018 841944 2917 884682 1 466681 137232 542540 836380 455591 454304 755179 161970 991619 466849 1 560697 225129 12940 683621 440075 151679 97530 671746 975302 841273 1 312912 792140 805104 226434 191235 706056 322391 150562 643326 230893 1 419111 554696 907757 570742 766914 570932 557664 40097 541793 46267 1
1 773471 491279 929353 564444 999489 795553 536999 73737 99316 465258 1 267620 599391 727233 769964 55066 136965 269585 34256 585888 536894 1 339101 662 694560 325460 181722 790565 466046 272777 318753 626250 1 616777 768485 377418 503744 135319 318683 540093 396173 150655 964058 1 640158 521524 389685 282494 432324 609801 945981 219462 164475 164107 1 958111 625100 517126 823994 465548 566846 976522 713467 8205 753407 1 20922 838709 341261 941052 598249 346590 919546 758135 812141 777861 1 100603 909932 303676 877239 794038 179785 390205 228537 528076 705841 1 691668 24761 998585 379742 224673 168739 604592 738157 695735 658999 1
1 734215 954224 449948 62141 174787 25079 596474 881564 927206 808222 1 996346 71007 445370 507966 528922 674849 333066 565188 506876 165913 1 863339 70926 362730 213288 189266 86226 511261 900823 598634 613450 1 377448 901851 998097 666940 780443 687730 189002 742382 359909 914147 1 291164 483175 405682 535116 37083 578088 780384 418896 548256 908186 1 677325 190 876892 634892 698986 774907 90084 915381 372865 765221 1 929424 782509 684879 870918 264692 704113 600357 506737 492657 679373 1 506132 52643 177432 347789 896 482845 480283 716399 1893 84831 1 353231 811739 479880 511238 656555 574650 768884 990036 670255 714161 1
1 229646 352275 278087 57263 611220 182304 394004 453041 216785 972472 1 577005 85379 253184 47994 563946 300964 951644 669627 990537 139290 1 376225 725356 446755 999650 82793 309758 592131 694948 925836 758926 1 521138 525891 939606 760400 774443 866604 638761 797063 150177 941199 1 89759 394570 25409 551327 315273 880443 206552 221919 101699 471321 1 972587 807735 292880 61860 657253 833021 863536 821744 836750 752178 1 293758 844306 366825 366502 278656 586738 193544 124767 543228 971667 1 943090 913293 983553 336911 183215 680968 848643 349173 858099 653944 1 265164 467285 975461 870404 288360 677379 283229 695220 778086 824555 1
1 873395 132490 299698 654962 693575 410247 872518 293965 973183 19844 1 808590 576371 248062 149114 760297 913061 160566 274559 221352 59325 1 492439 111957 99647 58105 731384 247416 255523 402882 488678 481829 1 813002 106252 857460 752751 448022 131256 3166 339810 574309 679639 1 633694 286372 891216 107694 929171 949586 613519 68488 399156 741383 1 240309 731313 867313 745673 934173 807440 430638 17600 571630 232832 1 727944 826055 462501 960537 268594 415767 888745 45992 411606 863281 1 470832 298174 196128 528865 70895 144134 43252 837666 488429 86776 1 862993 327252 714265 838185 957747 115866 270919 957143 195398 396105 1
1 236296 815670 716687 321789 978887 154390 182079 453317 958274 997184 1 384907 1391 992551 737105 384450 231751 852941 504612 94860 520574 1 263652 45804 954061 370002 565264 953115 375193 344592 1203 852912 1 734615 641942 716974 606040 553310 999006 8057 753754 46702 212754 1 442062 259403 854084 667358 426880 873590 366472 186462 286965 150511 1 829205 944041 984429 114181 129540 185044 975175 73277 173471 936779 1 282229 690752 808336 295139 377895 975368 950060 892294 130080 895690 1 336216 314112 40262 708024 453786 884125 898192 997215 339337 606991 1 728682 401870 957477 759211 749892 850641 437056 61142 29811 724245 1
1 924377 67767 416210 254871 436942 947389 528953 936047 363591 99759 1 612323 545058 924218 570698 253840 603049 717720 214965 415101 332101 1 483914 162386 560148 638225 870420 966421 115410 752522 646707 501371 1 925340 26648 269580 127164 579154 190037 292449 721738 622509 372104 1 858862 813688 669191 191274 825718 392824 855592 555031 414123 939844 1 170066 76452 414736 709878 575220 777991 485154 473230 356316 158670 1 546930 259804 830021 882291 183294 311071 246454 106470 772066 873450 1 447170 65446 86057 851353 490272 837840 611750 170402 965704 136740 1 653422 533370 560812 601166 476647 841877 160353 246527 144579 87211 1
1 747036 439593 789283 268706 461295 984139 841505 68728 355878 768757 1 533694 939904 525635 334521 892986 634413 13316 253546 228502 801622 1 441521 513192 525451 248995 776791 483836 794151 163569 629304 276095 1 746410 803869 684419 987774 998856 425738 52865 658988 616276 131182 1 527069 85802 817639 865312 71795 793507 896685 23175 541341 465923 1 126780 494574 402878 577418 156497 653847 193964 371162 656089 558639 1 208870 903 452302 29914 248155 821324 955662 456659 247612 972245 1 36798 674826 494942 671816 923206 604583 213751 976448 261352 370416 1 401195 763820 662004 980368 880283 134647 657976 27464 712576 414101 1
1 252975 367771 108759 317848 57479 152880 128203 833138 498348 923093 1 646497 595078 50762 505867 397724 890243 849863 51168 575869 370803 1 596801 412952 184125 245984 607185 768846 484173 270221 597255 695740 1 734199 894751 486715 782071 165895 416570 234976 190432 208845 992578 1 830842 34086 706502 321598 638377 833521 716499 890323 913432 632567 1 947662 466202 888923 230381 146310 894430 169415 162099 529483 741364 1 662010 797577 965492 212611 531723 629443 207508 887525 247646 756693 1 237979 798790 401833 383193 234977 840612 3452 265268 291526 776281 1 407041 643557 519040 673365 324060 871868 247750 708201 727309 248922 1
1 401504 649269 24559 873099 218271 32964 857090 202780 795883 981066 1 749354 940067 468309 823516 263624 179424 650512 744029 234196 719067 1 659399 18798 139836 986169 424560 451836 349215 414075 56925 884668 1 660496 306173 612676 349214 15804 992534 795727 112755 679103 686454 1 387868 888085 517636 201015 322069 347531 375954 441769 104580 681768 1 881455 626565 449336 962176 914571 499951 280980 11594 943070 798599 1 691276 58262 743630 356686 973009 251018 985286 410145 17289 484004 1 420112 867264 922431 339654 571704 79834 530143 802406 212128 97379 1 646643 104699 332703 81671 375704 250880 747219 477780 733043 989708 1
1 649088 118016 732678 723680 338135 328045 611894 80344 290283 668781 1 629444 838985 550640 71536 216908 464670 763304 514289 840251 463416 1 113620 134367 365754 33432 852185 463096 658999 429283 735235 263840 1 319432 640247 105137 481391 782161 244350 975602 150160 188574 43363 1 932843 363411 385109 711386 443417 314203 621850 283660 234396 240606 1 814830 523650 10879 644075 783997 890254 168816 240308 342714 978525 1 780465 571268 475595 239698 853417 623824 977504 816632 685268 448383 1 35816 172645 354303 389894 984454 525870 732893 119143 551252 685378 1 188790 138881 941203 627753 73676 59124 385235 188679 265695 818676 1
1 994907 16100 34516 283384 271782 926067 668378 471622 372896 924490 1 129614 356803 473886 693451 636242 846651 145743 946293 221326 460669 1 808715 608927 762041 552376 613653 376087 208518 993013 830137 920787 1 444056 555927 231790 140293 702570 617845 767550 603521 771520 400347 1 551499 703839 238062 194306 157969 827709 982079 937680 530476 452674 1 856853 460528 805695 143588 926480 504800 218785 637150 186590 842930 1 601971 38779 768482 918437 940393 531489 819364 121798 632412 312630 1 550652 995866 907962 898963 414779 182224 526205 268467 925137 571144 1 938387 412890 370217 821335 393049 950448 828181 340081 150119 560751 1
1 833637 492607 414758 366970 317979 620764 850894 995622 817456 5153 1 501562 604914 350831 843174 754260 80336 110399 912438 522985 822309 1 24719 402466 854518 59345 402760 208120 868001 843435 277778 994147 1 684483 712785 646723 686520 993133 490664 951755 835400 768068 324033 1 949429 41488 278028 109748 299181 572411 124957 21499 54769 771222 1 898152 630598 707941 754855 872876 638017 146881 182588 925769 572126 1 865098 216218 328355 243009 969586 545428 106263 468087 19571 366190 1 788953 115912 78373 549759 15509 758179 889795 343892 79298 149808 1 567977 38730 797058 785686 552729 929070 133805 616147 582961 609958 1
1 201252 224940 478184 935087 649407 350178 990971 344536 201210 930812 1 683516 367118 163960 408620 639849 279780 80533 466948 370091 436487 1 408683 372803 833875 571463 252759 18533 296471 120267 543698 574651 1 268447 282619 828124 641213 409943 848399 616735 383930 702318 598502 1 42756 223294 587962 147265 256390 869254 429710 32506 30957 315126 1 429199 577570 236670 806788 338573 301104 895566 95728 395905 207 1 748307 389620 600237 696182 157060 923149 407857 544664 719937 141166 1 491203 191015 273261 228688 290168 115098 36511 103816 453945 922263 1 223015 434168 781132 301808 978861 449000 36299 128144 950058 435218 1
1 135719 730753 588881 685986 794439 525849 937501 619778 868395 161604 1 741413 439921 571425 37232 213380 520006 60948 641584 521282 418388 1 442946 745389 909606 549843 642003 136326 261330 560370 440079 775715 1 916449 836070 366228 556916 213483 709625 857349 640731 933274 264252 1 390100 263442 953689 964605 394240 613022 633111 505835 223200 364447 1 971474 689461 252544 292757 851031 749236 302486 278254 848581 662001 1 685162 76923 844951 745833 141247 533767 620703 597660 293455 895794 1 215789 104368 355497 176543 646373 685434 725861 126134 150245 821600 1 246634 295449 81882 332771 160010 212443 604783 998693 836409 915646 1
1 281635 952524 826375 437436 865779 43177 828798 687352 143642 642981 1 948678 867806 892249 339850 986814 665861 654653 48391 821263 23944 1 779073 878808 57989 119100 140454 193290 206743 469368 471373 503314 1 713450 653264 281439 246127 194564 858641 54778 901364 690322 606491 1 923944 125064 671870 512858 111310 475049 961783 421591 456424 83394 1 568116 597874 895092 453206 737685 393807 354378 318249 392159 204745 1 607304 714011 114301 743404 89763 881974 680523 68762 141660 735010 1 209727 932709 781500 727913 358878 560765 797882 908668 850305 680024 1 988230 940141 817437 646493 925548 646356 92563 285714 744062 848979 1
1 460953 36744 665332 129933 95541 28726 384388 603049 532005 815285 1 441849 315510 77995 997901 185439 731042 168680 489948 471098 988542 1 634623 421595 720524 315003 538649 539776 436384 475958 267374 368885 1 626503 114541 298438 126157 208443 602716 998333 918632 438399 574762 1 514107 785908 976766 350625 906067 914214 109321 457968 758853 642686 1 533732 508536 957406 309765 452694 316578 455730 796946 744105 205595 1 237701 883675 681224 130714 762469 841872 573979 958471 476503 403832 1 113234 435076 346934 32102 933740 851824 77372 194447 934007 898990 1 486332 9300 946487 836804 97591 338292 590371 285816 531002 509855 1
1 922520 350751 354823 896265 343296 410212 130170 237510 68692 529725 1 632741 984393 538376 270126 71502 396893 980868 743415 938017 119555 1 421457 863143 148654 811407 475713 429547 665812 643763 761871 892953 1 982584 972040 548863 645044 273326 332480 544588 989445 40192 655137 1 447153 800660 121207 434047 466682 116839 30667 500970 411188 539117 1 524600 903791 202288 361633 686814 46862 325416 805122 619711 944085 1 964146 510599 86620 46071 647030 549976 125671 958763 96959 820520 1 177175 622170 934521 141396 545323 212347 94183 180155 678905 273459 1 953995 903960 456206 370134 629197 843218 100717 287907 355607 357689 1
1 499871 443073 546996 725991 163372 355139 551781 166978 242027 40735 1 58457 733786 213249 418017 125598 918092 357921 15022 984810 932702 1 515719 65555 79310 910304 542126 587436 879309 478062 986370 771582 1 7358 980249 773192 911864 135298 148410 291486 641914 835739 365740 1 874935 443337 33534 397808 142132 910095 361522 391980 499886 442606 1 71535 637037 272489 188346 911129 134785 673280 215474 469795 299709 1 244134 52066 527820 593180 43741 825419 961547 556028 322211 787527 1 951288 319987 141527 364564 10718 307332 452410 722723 178724 330929 1 9566 499951 51910 710305 527882 356499 175258 426874 6905 298601 1
1 759233 442958 601131 948904 845699 92342 838815 27711 483408 537994 1 241012 500309 720748 369916 939618 554369 87397 329869 34468 787871 1 378304 331198 862992 347860 730154 993187 738156 733714 551595 907812 1 374059 720762 147711 816043 223181 22074 489912 747187 116314 903396 1 240249 965617 852737 58575 6464 609758 767465 23289 533143 639599 1 988045 908939 821190 814491 342489 181181 251348 758778 278179 393415 1 928135 63153 794057 530497 375982 986407 608945 206774 422585 811712 1 393527 142176 870976 367060 270321 955361 203171 5144 813721 541222 1 30635 873170 691283 115471 277343 760069 731958 612512 459630 668752 1
1 374541 835387 721549 78191 351203 140272 675704 730191 44841 723153 1 811388 750439 996731 529758 61232 667855 984699 789030 145897 490870 1 766723 616897 231234 869314 317974 280238 316791 146773 670050 748021 1 975641 129270 69581 438703 825143 482765 506917 496680 517066 871902 1 903525 827015 840789 226724 288029 486472 692 403415 840894 132497 1 365924 847966 526225 185703 893326 922379 946908 891782 999559 227092 1 927298 952916 587334 862331 876169 408404 644367 770847 898942 707548 1 58830 661025 752136 327894 757185 132978 427369 787721 109658 700275 1 653962 712204 85891 47223 785156 156359 39787 757977 432213 903370 1
1 83874 215124 896921 957991 899128 822594 232311 548216 154559 879106 1 699052 430949 431889 948647 200980 478044 336604 349787 664156 729924 1 403385 642547 280258 20988 956535 641674 192450 279293 486268 897002 1 795799 377626 822956 423021 675843 447942 326793 337881 985599 716222 1 561594 64453 695820 325027 754839 7769 684224 501308 856433 627024 1 862161 248152 980283 682232 610817 347298 781567 744712 390164 133646 1 187396 780432 399786 948154 848881 846669 952824 426620 959278 431172 1 521215 934474 447663 829730 388349 660135 198554 947854 540882 448196 1 716776 936224 787960 971251 200371 721633 708714 461715 400501 954706 1
1 825900 698745 22846 897647 797636 669978 709415 426981 33822 857099 1 357821 488372 857415 34257 610461 122375 892377 909540 354524 677641 1 622542 839364 891007 950988 99864 988673 987902 357351 828457 429586 1 334778 19051 457924 916222 725875 80567 834760 859458 681464 704829 1 241070 561081 150506 219528 853403 432092 489326 267635 859597 79236 1 101127 287915 506353 545656 917345 998956 751439 303497 161133 973402 1 843532 659382 583708 324425 604517 786292 733190 428294 590109 986594 1 94596 474602 694895 859161 843645 419429 44518 461128 781110 942148 1 729158 245788 689291 369726 86211 444142 172606 45568 706478 565805 1
1 317312 5573 776921 550425 633286 454601 106619 308188 581864 888754 1 139508 4531 802306 100405 937519 768694 837458 410811 669055 791389 1 893590 874427 330624 510356 584220 838940 995500 795587 558363 229237 1 746052 580805 475231 40438 892657 40541 183113 249827 350838 998275 1 747349 691203 335982 806520 930620 451808 142792 588977 928695 194817 1 746667 362368 783365 398938 619063 85375 879393 597605 306595 658305 1 625261 372537 531907 752516 936714 249559 526668 595501 847060 568194 1 601823 324617 480728 105250 48762 835227 927135 388963 186814 497926 1 734827 841866 243824 885914 721053 666004 936740 114479 60216 397897 1
1 105635 625883 314927 557330 818295 671121 364455 969279 854761 394387 1 337077 117019 858908 872936 776131 453317 615544 738691 815549 425043 1 588876 343126 924134 463684 262460 7399 389687 347241 259684 634967 1 2801 506927 968190 273148 704466 788867 690340 824395 541515 76814 1 384424 573278 328022 31951 291941 679041 583946 296315 756424 18698 1 917881 125667 960169 218538 55588 372247 662108 806441 791552 108095 1 417236 657062 534858 170236 221553 93239 922223 972979 980805 155968 1 386983 274721 596664 628634 634701 423762 11480 431173 14402 989140 1 379393 222362 301248 895121 431083 797369 7722 201458 77677 285877 1
1 499665 927429 376030 345518 802865 987231 601256 517899 119996 18844 1 311109 585901 887134 92912 482937 634939 706625 779328 836946 177354 1 809650 484838 773832 98806 342114 449306 931928 624303 511659 262691 1 335210 241602 314202 69737 600283 335454 820498 507997 560819 135282 1 903156 21026 559379 990175 329943 968 268528 889217 299713 970252 1 285406 428674 699553 561397 131006 949228 264157 114353 930693 238167 1 28836 142079 167023 397247 19159 270850 981030 789790 688961 81032 1 64649 496182 660942 796269 360349 971081 237180 568983 532358 65213 1 897751 639391 206326 570840 771730 932507 263120 612650 918281 760077 1
1 450010 888459 252243 508807 172059 305428 198121 714187 500662 905497 1 709471 160613 349126 511662 920739 905067 846907 946030 899817 310016 1 842334 993647 982716 870463 93751 859193 147704 945994 844121 193713 1 52907 824902 312703 492237 74318 568550 178434 816957 389917 916945 1 247981 195174 859123 206759 98576 501753 507365 144470 538584 680229 1 816762 170996 264512 21584 797574 522666 147959 462532 723852 642314 1 469108 929281 457029 715538 528574 68969 79719 769318 49644 599894 1 605658 273570 369949 860570 959318 480177 8979 314169 247890 407639 1 197939 509909 575367 803438 933907 452895 834801 684122 830273 200923 1
1 919947 268818 684348 7161 792825 571248 118251 25297 844252 937160 1 188365 204687 957326 879903 20135 96514 305608 473577 532901 468428 1 205060 545748 497597 561223 282706 490485 426710 661969 862115 103033 1 318251 736738 380074 956261 128983 455897 23297 205600 175962 220948 1 36052 219675 69310 960608 855988 972970 358056 4590 338832 147309 1 709684 750473 536960 406594 65450 380105 889842 105595 363004 368906 1 377473 87134 888864 555766 27764 242001 196502 540013 432032 782339 1 768215 198599 203314 734912 869381 857377 626413 245448 484859 261359 1 897398 33398 723781 809934 686410 29302 622129 78745 405979 607328 1
1 479968 149143 507904 951520 501929 843024 411347 388528 623089 537322 1 928050 767332 750787 552887 227756 794394 159629 344400 2148 26056 1 792797 674604 185073 108568 244148 318865 132463 537444 839712 350993 1 538463 952810 274316 865526 716677 382246 660025 677572 251240 727462 1 100637 84912 391801 189031 784768 923821 587949 803570 736348 157380 1 554315 541935 311909 20563 899815 372627 228391 344973 983485 635100 1 163610 155739 349773 556053 71356 364874 512325 391404 525708 730530 1 407323 173577 781510 887472 357122 549467 117040 440089 452501 772879 1 309807 316865 251180 356643 374397 931951 736397 81980 869514 477131 1
1 143027 730202 587826 392574 920735 709841 106843 269831 790754 67886 1 285021 605636 817628 26732 273666 579978 29448 645197 826986 205575 1 268981 48871 7677 723193 685082 876460 890872 394157 412959 474086 1 164160 67679 731413 882570 704698 854165 43137 940061 792241 374170 1 841263 501228 891424 131967 784767 598145 309842 568587 630000 189017 1 897340 960010 790084 800818 81462 255054 251698 67790 386446 707711 1 608940 672084 335085 289146 405915 943720 871760 937 545893 924119 1 260836 750225 652359 169627 900515 192588 425081 268027 544672 512621 1 128034 988514 73545 237230 640632 870255 324744 985552 563063 522974 1
1 794707 562171 806716 182994 111011 661564 202978 174948 968741 461070 1 984068 855316 442223 806068 471765 604986 872828 866146 585976 677317 1 256411 250860 425468 288114 379627 985707 871252 244666 275942 808179 1 119402 342580 617102 962685 211327 779068 365407 501829 553565 47076 1 676121 632358 290613 784146 430011 977470 568646 793590 321790 826178 1 8652 519584 609703 849596 780290 922126 354825 929422 346045 631183 1 326880 629663 264779 677383 729553 629148 325548 600292 748011 477273 1 420185 293388 469409 89805 446155 234127 238408 963455 615738 668335 1 173201 69714 39441 438328 574039 974507 467990 93626 793406 848921 1
1 655777 34198 234880 30634 797368 901770 216384 642493 885329 61492 1 175445 424818 979421 376647 111731 894973 393937 289120 602262 295493 1 193125 389930 789518 72015 356310 360714 942145 398065 907086 842880 1 575386 501986 565515 231219 684223 986878 101211 314032 770296 829576 1 168987 640995 168781 24886 779443 363929 789073 286161 405276 661194 1 571601 476820 69579 186647 273600 659941 925649 698916 847764 796879 1 952126 680442 469237 223671 963664 947085 686013 783968 21425 640304 1 588269 487193 531028 534159 897926 228232 855464 185814 625574 437135 1 253111 476245 477016 900730 719100 240154 610079 427076 223021 155851 1
1 749771 615589 485015 184366 802049 447459 405330 303287 97806 861111 1 985355 87031 904719 18194 618782 800857 449761 371184 751266 801084 1 841709 329070 273848 799338 824923 424645 8038 876532 741325 311804 1 827238 448244 486144 967007 621938 549148 187575 191839 88842 848929 1 494416 920490 214338 774543 705135 863427 34422 901367 31472 451642 1 955018 357115 556299 34981 340143 12380 42824 29259 248627 334638 1 637153 307771 887208 792139 316430 450904 177740 108025 607318 901667 1 813806 931518 800254 220302 876412 246787 343245 794403 621000 853049 1 233244 58483 52954 458842 643281 463565 415137 522962 619337 109540 1
1 438086 182902 372321 696155 832802 94452 392584 199185 680245 596961 1 892390 651373 892717 153342 176906 782917 147858 727292 305326 433435 1 823566 99290 289913 204067 759567 864469 496130 118545 712244 741425 1 221576 363436 168639 672458 147797 708310 801518 731246 344158 206849 1 76313 110023 661642 794996 45095 743541 46843 135707 957276 618085 1 471570 741721 778767 596446 601723 245376 21101 223904 573718 707311 1 81209 752939 575781 920735 988512 136433 297914 415758 320028 234878 1 238778 361108 202860 716532 554101 266528 246110 84708 96014 655285 1 73777 630891 565901 874058 474081 528203 187850 9729 160389 236194 1
1 104486 9022 344486 598764 445867 540900 3432 401412 178909 159840 1 861835 78002 160638 391648 507687 437363 467571 188208 573269 845883 1 754620 415392 55723 975996 968673 235848 856400 546959 80243 200816 1 8556 147409 684848 416617 931702 939121 213704 981219 522713 226362 1 740501 210262 159698 132377 432119 729629 55319 973219 74196 740776 1 389405 494130 532170 130578 385976 830416 97232 941423 613447 127023 1 65139 460877 586915 822920 328173 443722 323420 519081 341275 694005 1 320124 548521 643673 423542 758249 721218 697990 486482 517920 66640 1 293028 628047 475287 338926 611893 173799 509663 996845 885530 889519 1
1 823370 791699 696796 146438 587528 815809 828458 473186 422061 169422 1 446139 193084 453974 651718 503791 896773 468944 478497 149446 648794 1 671014 589223 920442 77375 527014 376293 985430 73843 671106 813575 1 907890 577760 492240 648563 885454 143886 917229 757756 374183 893884 1 75348 117586 126947 438259 367287 729357 683791 777342 362200 96734 1 166407 842415 354390 203884 670385 602712 481083 133095 141046 298510 1 765139 301293 2811 76663 720112 725206 125135 5895 455125 757828 1 283045 143750 664974 621805 566712 19210 844831 275110 210258 54602 1 174573 135702 6242 681907 231396 627661 590709 381175 727666 682792 1
1 743242 331562 417635 409465 447754 489485 548663 132436 348432 733241 1 877297 363584 830499 140599 192518 689423 695658 613538 773098 471801 1 67543 995655 508188 526270 937642 24582 380395 601144 669512 225317 1 302152 862415 771380 362928 66134 518977 431084 765584 609014 940618 1 795717 932338 206501 180725 484075 868684 826058 282039 407268 785226 1 89022 742883 985764 70009 793173 483530 872608 564116 641898 216329 1 729071 434534 7666 725046 837623 891983 62761 423483 776555 403676 1 402822 984799 248552 731885 286587 76991 671322 917873 780062 454139 1 689311 658019 413409 75002 226912 399297 220623 621776 353024 992440 1
1 770687 469199 734818 796048 523878 239717 761360 105301 737425 517361 1 678291 977746 201291 125275 476440 334945 511898 904358 189117 441555 1 954467 353839 625538 810486 360923 739696 558288 953701 715579 599959 1 530005 237718 715626 668155 178126 488462 825338 101942 345691 862315 1 160301 666658 250659 485564 329294 122307 765329 537556 415388 34551 1 329321 623117 819267 439343 611603 27240 868168 999012 334547 293029 1 607871 244731 778448 134931 116643 403290 886141 411884 81050 609786 1 967656 996756 2422 137265 789905 525256 427706 208148 267973 573235 1 289775 838330 514196 732126 898115 184915 213678 776290 98647 62235 1
1 380032 204283 839864 786171 619280 843480 738386 262580 359961 238144 1 375994 207154 345196 308552 364447 96442 408109 777883 867099 626708 1 577668 121957 105207 901253 642062 236118 453174 537300 571337 24298 1 865471 54824 205990 245557 452315 508957 743711 325114 841085 89903 1 68003 346047 435539 993472 915145 36055 371191 692150 462542 305647 1 313323 229882 364578 583375 416134 416951 465009 931438 77527 893422 1 493652 308548 984593 260878 542435 44131 347940 723062 980193 755662 1 206010 6955 400800 100943 676886 610315 403959 757769 169332 695907 1 805424 409370 933870 743422 634633 314553 778845 726147 229540 540029 1
1 953710 494853 644399 252254 57663 54116 834124 821589 84881 872993 1 665383 7234 584977 658198 527069 199393 975198 761401 321027 759048 1 569483 416911 513041 119531 203541 867504 320399 36562 109028 477029 1 77598 908069 195580 811354 345718 571585 606471 350460 8928 338883 1 581713 369659 541198 444610 593944 242818 323307 610343 550486 97496 1 664987 442522 372313 719395 344390 757625 176175 334447 868485 485382 1 205719 445642 301130 482999 96559 402102 443727 295423 344700 85931 1 734425 927220 759350 324916 947546 489036 69555 714638 344903 893931 1 6891 228198 400282 813346 253120 872692 266181 846728 688363 640533 1
1 23516 426204 711040 89747 702610 220169 911506 476721 181496 152467 1 166303 80215 23655 613204 344030 818023 736811 626937 876218 804192 1 10188 397129 526626 73069 212578 369823 821052 52457 804669 474049 1 214553 522420 889339 479163 542685 553444 894416 962538 211596 821923 1 183909 588383 997503 62836 507623 507113 739374 112205 760715 550489 1 309606 714986 651520 590013 678576 847062 563243 451442 403878 81126 1 132660 943685 82452 509519 875715 358699 893822 575717 324930 703995 1 463240 801247 540659 17051 247876 38772 168768 76844 513732 758702 1 847267 30021 905278 859804 955667 312158 657327 210298 330306 777325 1
1 256014 357902 40979 64030 864661 60811 287837 852547 700714 771385 1 67405 190961 720787 133128 248121 620761 425147 179465 106232 920552 1 345262 72612 202544 867567 141796 608808 457065 658642 521210 646356 1 705903 20997 879704 865698 946387 520230 840630 495859 661574 172230 1 681837 800161 597447 584099 881103 800245 522772 758304 207565 299289 1 273386 707548 786490 107619 498525 146499 888412 947817 972002 314003 1 316126 100068 980624 275554 42457 933484 631375 187035 106207 711700 1 368393 11104 154923 743258 904299 720621 865369 521681 804440 795192 1 562787 185946 896679 574465 866085 852641 150862 500482 673147 596402 1
1 82593 100727 517306 702158 936131 813368 921333 255129 240100 888614 1 144631 855357 860530 865907 78813 892366 755803 67453 25660 347247 1 315999 235579 990232 457681 316272 112088 539520 236581 768480 469086 1 537477 403743 609124 922613 821010 393162 38871 76226 731470 299679 1 694905 635854 20445 574402 870616 818589 491722 549562 585020 994631 1 595335 313246 66627 273711 474906 26859 39888 142975 44766 384626 1 450553 404369 88310 178610 71969 271445 418901 939689 975113 381496 1 367843 631661 448963 860511 699576 435287 708562 389235 277384 513730 1 468066 571262 341311 818959 709206 199586 998029 591840 9185 245960 1
1 396168 167897 39039 324971 319134 550516 297633 775462 684124 590334 1 15843 696458 339274 853519 180069 787481 935137 396233 521357 485028 1 954405 574160 51864 222647 787774 874955 573637 139360 427573 908900 1 588523 518198 849659 106322 630619 727879 311414 530852 984554 349686 1 183364 750285 237759 577662 955145 257631 17143 961577 79835 478338 1 845107 956723 614592 867198 120411 706986 553374 368369 115948 425693 1 46163 517059 836432 911830 425604 665241 844188 794296 910270 764176 1 414546 710983 925918 966217 723423 943997 570985 623514 335800 385866 1 630358 53508 951345 736626 850232 735221 808607 120413 867161 443940 1
1 330095 392875 789869 328336 714696 711268 196946 863496 712776 246026 1 176699 355377 935325 767787 807197 604620 899165 287282 455309 881093 1 140938 591052 120933 535921 886083 269428 740250 713146 131340 490034 1 520102 382629 121503 582414 77301 632968 946093 236903 398792 502787 1 393321 451844 683654 797710 574326 494986 610342 449485 186677 669418 1 610631 799730 535565 199591 492487 572165 902089 27256 440024 994221 1 889497 535951 355014 479016 24945 549200 233108 715490 108539 2073 1 526263 580985 878894 756777 321893 436987 822854 489008 922209 183983 1 671523 809016 787266 743061 399 485537 79019 170147 757774 473695 1
1 134483 198167 988046 797331 832706 65306 922664 731977 56124 779052 1 123279 967215 704795 339953 2030 420762 470536 385851 691028 243533 1 519441 798155 803439 454550 279155 482289 973448 393618 106723 643399 1 735278 184781 539338 621306 655690 206783 37362 147874 440222 761360 1 78414 729950 632840 626372 635803 70965 10108 927910 813002 979532 1 800202 690995 138946 297585 636452 859808 750092 59941 994729 225012 1 908289 331765 717694 937015 133468 85220 602794 96308 223440 235908 1 235754 876479 256292 176227 928263 367467 781828 136670 464596 702405 1 802091 524342 1006 684384 445687 321271 926346 120599 899067 665787 1
1 530766 736218 857594 958163 462119 529414 227726 504888 485376 409280 1 144243 962539 328495 120086 526650 641530 351170 460976 271718 265652 1 317810 931121 754583 872243 27934 352438 297506 752491 752497 61298 1 311080 67554 802230 157470 863192 679203 184710 651939 364030 199888 1 95319 914177 746278 93103 413417 3486 585089 160960 442092 188817 1 517853 657420 157764 393668 48933 844922 917498 992020 406928 599300 1 627187 108711 951717 87000 753413 366374 610590 589915 426260 204073 1 863814 305990 196611 24043 892797 33661 620259 931920 879651 340387 1 851759 171990 645787 218110 676313 81171 322627 553873 441420 537311 1
1 849320 715478 882282 194505 848837 641403 105701 878751 910344 506812 1 135817 785899 539807 159390 181147 964159 290933 317172 491283 910290 1 582757 753573 354134 374743 436543 1714 90609 53037 15236 307630 1 153692 445308 904488 956293 526313 17724 224943 229666 761098 897683 1 642658 786007 164393 177504 644813 417366 686632 191604 429304 158662 1 648493 530395 785375 897449 684481 240531 108153 934366 399766 638611 1 844435 255604 60066 657500 335267 457274 984630 613109 869608 420460 1 10746 332493 364941 689999 524093 244204 983042 807418 306314 976598 1 883567 303407 662721 247246 688614 305593 662568 262126 325216 51800 1
1 703024 188589 822167 100293 601061 659176 824185 52711 214367 502508 1 479235 353654 399915 695928 421258 761058 790958 771042 429035 325290 1 898299 881909 704666 631115 322620 191103 519748 978477 928665 987865 1 374349 976910 680260 685480 205033 319919 454645 918829 788344 637483 1 524834 505174 819159 252233 166692 795584 616955 357217 577663 168784 1 266693 620000 441195 581129 57078 308428 125902 281984 494476 448314 1 764435 242398 666457 406802 830426 597252 966551 144737 849146 611494 1 986495 326521 880859 605454 833137 786586 503870 6764 579630 710686 1 245171 116282 442211 10744 302056 302690 716165 285463 906776 98982 1
1 495463 670141 100516 269625 975341 902446 822009 922382 935978 536098 1 617296 919612 430124 80833 773386 421086 918476 980233 448429 209107 1 893572 619915 901082 868475 245539 347357 511964 22858 70898 169593 1 539559 956463 584164 419419 670293 440497 975225 607755 709712 84149 1 538156 455145 611437 810083 174955 270228 339077 915641 260493 172448 1 704124 273652 80523 168582 347316 611811 789156 869892 788263 273993 1 947356 15371 788147 564461 952481 395104 557928 51158 645430 928271 1 769134 727165 435662 832817 248349 730219 403008 438289 493383 45006 1 636247 183765 670814 433678 106789 525875 710608 586079 721511 552613 1
1 139813 583717 251673 617116 113175 97424 699546 626449 660501 424926 1 48333 465412 527220 557470 120106 345435 863926 401513 580116 223712 1 203548 535032 291278 154133 241457 242887 594990 68433 12154 498675 1 557890 732392 719375 172337 654634 890509 503132 453501 700961 193599 1 567855 352931 457453 15729 521546 200690 122046 379957 796371 793466 1 600152 620147 289451 552255 884887 515542 563761 457999 759827 492561 1 181909 73669 256768 763952 445793 40351 208152 897826 115479 730797 1 320036 205487 905413 130740 532215 992001 645464 1969 405105 585247 1 985906 854612 615843 458183 793918 738927 124911 960535 108036 129336 1
1 483935 522669 209482 237770 341718 302106 865651 605439 598994 877622 1 957880 474412 151405 167355 131601 868591 915198 956822 837480 304396 1 766926 464563 579171 16219 220941 251734 941579 337173 968793 973398 1 649720 119907 655846 447432 452850 699338 558406 998328 694499 265511 1 906297 204337 606982 817706 627278 82104 105414 925138 37267 685559 1 770422 944990 260567 845731 695441 992544 975777 747914 87448 710972 1 602909 367965 72148 188102 547949 774418 295606 524740 133770 183846 1 716391 816738 508656 832054 83714 649857 927541 103103 404314 113876 1 469925 768959 369596 497945 885107 857667 256617 546857 594701 668831 1
1 270175 344591 239590 252381 67671 292176 623483 349713 528405 831800 1 180203 632933 427707 694897 758614 715642 589866 625072 295186 133594 1 406413 941121 518783 356696 272023 51863 652385 180450 262024 694398 1 730222 670569 272341 186493 577928 61778 404454 920394 413851 248973 1 221611 877941 622706 165884 990802 947297 443026 592670 527205 369109 1 220685 835038 251761 985250 495727 570715 909916 101687 168618 68191 1 32467 764028 155605 527436 80660 657416 70486 297067 129192 125448 1 279434 485376 890399 531563 828518 964434 327213 666281 427221 15059 1 637719 316952 237412 98396 614996 896820 739187 786132 952033 127345 1
1 656545 182381 271131 416139 399065 772162 907779 226298 200301 797729 1 881713 337393 25886 940097 554304 815975 35673 296796 739621 608017 1 449940 116512 74088 890848 809811 501473 469495 209732 98599 445996 1 417463 415254 717439 233999 427528 577934 536526 149237 928770 633570 1 562478 786818 517099 327057 318996 269036 133734 366431 718057 522894 1 689285 827855 795846 220902 949208 554309 203864 98767 977580 467558 1 781032 535969 180939 634657 862900 53773 814236 418212 64495 413772 1 877671 144092 915842 777426 460242 147480 953292 930632 391989 758567 1 374043 485905 250014 791624 4917 100910 493571 867171 401500 113042 1
1 130036 466982 245187 577381 361389 470713 576659 116171 275617 83924 1 27799 963594 802890 983382 465761 9336 799038 644317 25817 574299 1 321287 347834 846383 253004 967615 361856 385823 838600 843910 694482 1 630578 363718 883658 249301 260895 2717 482069 661761 246671 31413 1 108780 497084 183188 504380 884441 591814 524711 884406 501345 606935 1 218991 167093 707800 629451 185892 366043 893362 587802 880678 370827 1 508893 161599 423020 405835 138207 714303 194791 5382 421922 749751 1 651724 240798 439488 590048 22773 705207 303306 179524 227416 16104 1 763639 370108 799186 894720 932127 974187 162344 216629 327796 775507 1
1 457179 740639 104585 70461 805248 425825 599634 241975 60435 680491 1 247526 851889 761826 428224 917741 311783 636423 122412 13790 468244 1 712783 154288 918094 426642 356503 932888 812267 607354 799049 252652 1 527249 295395 901160 685421 902712 360377 533992 77208 69457 382859 1 15539 148281 258304 215316 34292 807893 549687 880021 26656 560203 1 34468 503389 944845 243528 715351 591394 415387 18793 97997 868800 1 770558 623111 365163 848853 980639 590066 996421 383691 773057 648231 1 738687 667099 737326 249369 725735 427932 668436 848103 740239 172784 1 557522 880104 16189 868522 666024 405988 618202 722734 144193 634853 1
1 633415 752029 723265 635741 59647 718310 694731 487707 909742 330158 1 393565 51833 345718 299907 990799 591090 929250 800152 357205 843232 1 150165 811628 138163 330401 385739 25292 826659 784399 423082 780347 1 280675 850646 976861 599935 754593 25439 553848 544968 18235 7302 1 72620 753779 960230 625690 790462 734481 676050 261827 182277 448305 1 605453 612372 361351 815271 620664 209960 699283 903171 982756 893900 1 565854 593708 492023 506627 541137 825996 633061 437819 399717 633394 1 973463 682179 357097 321172 342550 381463 408874 272192 222067 352184 1 906688 216371 1690 971939 440468 104641 153235 314662 348630 57707 1
1 73454 60993 952021 360897 984515 889964 591700 661399 389043 612428 1 177654 459224 504065 131096 128817 102522 813640 235399 311851 385779 1 480365 37905 233058 531029 671124 747325 530652 179715 557388 554714 1 570932 574334 627266 993867 191965 123076 349790 214968 748940 631413 1 909127 136409 193370 93961 796197 31760 742374 245422 287296 777175 1 232441 2340 978818 270613 425159 19924 45213 918119 975640 465819 1 521056 619457 697902 835692 113425 837586 288480 595506 692736 417825 1 673548 488472 901050 368645 463740 229619 26210 123408 990309 700485 1 186957 358043 9724 416648 687066 933005 520271 483460 504355 904536 1
1 85554 511186 320757 537987 428144 972688 325858 768270 385342 926882 1 103684 770584 715431 904105 201382 141093 637118 370185 192678 187389 1 349184 699820 526463 809327 461468 548004 819382 572697 858668 236008 1 23802 657094 331320 592516 672468 494067 938245 793026 738930 517866 1 38932 158617 510116 618615 958905 884314 643880 827966 571518 619901 1 375369 290742 684140 103725 298127 347417 620453 809742 409164 453023 1 457407 853409 129071 727189 21437 748610 856926 555612 315897 310706 1 770813 249816 775175 31347 137804 524439 289378 413344 536051 917679 1 263172 513188 223172 432292 111974 514921 618726 294964 472355 201677 1
1 126721 58124 990153 469658 439478 465587 19132 432064 230338 230116 1 687671 322520 717412 87248 282010 76266 532532 651659 614395 740245 1 741155 291962 312360 489094 10728 868281 798969 564999 460130 124196 1 293602 177522 649633 805214 786957 451928 267154 286395 171573 748564 1 651600 65473 498853 696128 679207 148324 709275 531692 905251 764611 1 24469 547768 101186 181216 890555 80750 737334 536731 653809 214064 1 469548 855959 845661 479368 719460 294945 128041 706925 473582 933958 1 963221 548526 931354 460291 840440 850459 32242 129004 373324 143240 1 902843 513858 802708 13712 892329 797341 714426 751343 23063 350257 1
1 186017 345145 956995 766006 616269 369530 291149 610922 237589 560049 1 142826 826968 141908 340733 844602 109550 361092 272792 497331 441871 1 816524 218494 365089 585185 728566 802582 287595 391976 151846 552966 1 998651 934352 361612 848371 450264 784923 3612 678961 275961 220201 1 868332 528556 961879 84124 360622 581666 329190 342980 945971 220477 1 119631 962332 17420 276064 101647 707026 201134 419661 174682 103673 1 764564 473011 929135 844852 428381 300127 73832 569481 430725 172707 1 191627 140370 897338 727932 102584 724712 117398 834441 89652 417330 1 171985 153573 139663 411422 588023 511055 644843 634250 835827 158150 1
1 456567 863713 276515 42150 911113 951453 93605 124291 388424 207757 1 886445 580724 168169 270159 443862 225518 211802 120276 485549 976496 1 78095 621057 502704 42080 172612 207647 647600 737540 82880 263817 1 351376 144608 14234 489118 612042 456321 932602 787825 595960 613165 1 350609 457369 551322 617886 96638 594451 187985 628821 843656 720289 1 430843 531376 702183 769396 41406 535763 286523 577536 507502 76142 1 988347 221364 920807 163696 297862 515500 190982 903635 890574 865194 1 753706 992428 573840 714123 399624 329358 744285 167958 996118 273847 1 99966 229366 99169 946203 841146 788970 62412 898617 467787 375108 1
1 695372 888442 701866 357351 845198 526324 23672 604803 812749 45022 1 648463 456049 306574 605259 351574 776069 805402 483540 920576 217150 1 225372 598609 854786 538885 986976 400570 361441 17648 59140 32067 1 308839 496377 783323 326720 611258 507403 304861 480112 155856 25481 1 767167 588948 25665 289679 977897 284229 682412 698689 521685 796287 1 854056 841498 195136 419953 84306 441990 512230 909739 49546 10659 1 581246 31434 336440 432099 360507 766463 458781 766719 269934 67721 1 635686 292455 202098 6838 662561 171356 747590 402553 675596 277514 1 976965 854307 942368 62500 855516 28328 238738 525023 199398 769905 1
1 64082 794861 796935 761717 526939 901324 112606 971281 469007 893260 1 885527 998164 61082 280251 239583 447359 211578 130922 160118 916548 1 316949 839781 652181 43384 175695 570895 521622 872687 509281 15374 1 70216 459247 741206 874309 587065 389514 236447 292741 898364 681327 1 324402 877134 981469 561356 587016 842548 276269 222776 753554 992413 1 654836 701774 804222 578656 511098 219691 647432 891410 536856 614274 1 842070 273689 10011 633237 358089 22427 846104 753957 854523 497009 1 380192 30298 123778 407792 887988 805560 515187 993335 562113 520525 1 636443 412294 473268 277808 216047 747709 98297 766484 423840 805386 1
1 998120 646239 616493 976878 999133 111456 799686 261125 222130 27168 1 187431 179877 952257 647847 305137 799962 223895 622443 368802 232547 1 849937 503190 534944 380435 345546 482241 939963 85743 720273 501608 1 946507 719637 149061 438612 861433 873203 485976 860433 866175 957215 1 462587 377791 525792 623702 628522 920717 152412 624578 777076 930756 1 962842 58105 760445 238587 955386 180624 762142 240853 162394 332188 1 136111 951490 860031 438142 858983 255240 294962 351210 280351 958441 1 941047 563032 826295 890083 760046 256826 842691 176026 17170 483962 1 733214 202047 712455 135104 666358 202751 310909 648127 346227 719281 1
1 755435 764 800993 378489 867523 681667 898508 158881 985639 7916 1 927857 195587 963251 331260 527338 399033 38311 481433 656331 922053 1 137155 843966 300312 183094 279788 26296 683422 278010 866745 70906 1 476539 200267 715703 86459 509759 227947 288147 530157 478033 574854 1 319035 716620 349872 607412 799030 45752 980779 519900 39917 168640 1 96902 823282 350197 132506 854228 862443 759677 993456 552306 703534 1 748770 761203 852104 470038 340027 541850 7496 210565 829927 752312 1 378159 381288 176347 779186 4500 262249 655753 182112 743681 241563 1 446775 956120 860454 118303 800813 459884 791477 371985 883072 407038 1
1 131884 236147 784359 622743 678543 219424 155298 350608 663155 326125 1 780728 274784 116274 744007 619823 202819 548516 560744 769944 151088 1 31592 41601 289051 335286 578193 872922 123932 293084 595764 965410 1 542891 662692 496533 340957 427065 270646 280479 58596 965665 582322 1 896063 47981 248605 186761 423880 2676 57561 518800 450945 631603 1 833047 986252 544107 91467 280400 117883 543591 398819 489698 279922 1 875820 415271 94210 588968 857553 618249 93707 575508 268259 810059 1 886258 405144 700219 334485 943869 581394 146190 286160 25662 546076 1 75824 173793 261421 381879 518270 920719 835165 578670 320765 178265 1
1 632688 326162 13216 266012 143384 640124 3316 982141 222117 778928 1 115920 406953 575029 792357 209725 73889 181167 896252 765736 969009 1 369260 859593 32368 211111 408571 397170 809754 793519 649185 813977 1 300556 163517 763676 872444 683669 586093 545600 338042 626336 141992 1 147254 360843 205316 336439 549312 798776 395215 666233 319879 534361 1 580399 451618 896549 249585 479051 237258 133106 895194 247577 666462 1 779493 183899 245599 358145 775496 273288 789408 141918 54735 142450 1 5209 676065 496896 915490 726942 240564 285975 219468 183080 18545 1 279250 607044 480894 375853 620982 684983 272331 746690 465829 271323 1
1 305681 729057 764168 600125 543648 316448 880490 956706 533506 49531 1 696644 942376 108195 643920 231786 13117 907049 690877 965085 103073 1 583131 534757 199157 109995 499556 42389 829326 940111 97085 738881 1 831030 584651 941385 654480 667836 659933 333565 782848 819618 655604 1 589559 72068 424032 40518 443528 44996 895312 420350 94577 86886 1 801132 667772 362837 305382 670445 665132 380501 943923 25252 954724 1 959302 266360 866494 740468 59270 55262 49118 166200 326918 364129 1 130593 748854 970017 710630 552858 803618 895479 770871 147905 258949 1 979497 916486 148430 482724 344883 631755 910027 687257 464115 39175 1
1 679408 773001 132166 936595 609453 370043 851816 298323 329296 593622 1 679833 932000 636586 714108 588466 622072 455646 461020 551795 890655 1 196687 829513 245345 981993 875823 299973 759634 346525 758898 656521 1 454445 753399 643519 449922 128645 918401 836669 462067 945099 539779 1 864378 113613 25689 849753 443612 705622 974279 851240 133308 667093 1 503917 814413 751971 503121 355110 638245 683517 329119 630977 732159 1 684957 959742 888899 528964 298182 228475 791093 227 386632 226730 1 327043 784174 509035 199440 905208 918754 92185 667768 442190 757532 1 708206 706506 425814 340167 876602 841748 255973 519691 60563 440754 1
1 384488 607626 611798 16137 824244 149356 185284 620585 963460 145909 1 721651 480048 690164 942462 699468 192876 881738 424823 919554 266932 1 967087 591894 350080 507799 976937 368301 739580 863638 313109 720310 1 394251 232351 396474 903532 961524 388066 836694 33429 351510 357390 1 375644 836871 136965 32501 139422 222119 206313 421789 865704 422244 1 760515 652581 443789 975493 220020 191655 102872 921412 426935 767239 1 548685 327448 85606 941084 353937 862117 718903 614856 519416 581037 1 261898 118148 834198 99524 910281 645523 832243 287447 952828 74984 1 793583 892024 118402 585338 929976 344556 246284 850121 765389 330115 1
1 109628 169386 997382 731370 602922 489015 458209 495749 547296 209796 1 435911 316908 207431 301921 76771 910759 35047 575031 8991 205360 1 887331 645544 511937 955736 574654 376358 229649 301606 774550 211337 1 890324 584742 921867 8681 752090 532083 371373 319742 891764 713376 1 636685 305636 473671 668059 273350 893831 915610 948388 662149 903783 1 379224 129861 306738 256252 293880 911607 496546 327802 326802 50822 1 125172 111729 428027 770100 370235 477078 466498 361160 571571 652500 1 68378 707818 702604 413973 898383 843323 475053 470061 188121 373052 1 90852 271441 394429 339384 540414 756134 710859 107949 688642 304390 1
1 381671 808566 705423 55321 350333 417361 226932 251236 721216 175534 1 825813 886527 748227 354850 768219 873984 784043 241540 940513 46436 1 295463 659766 617572 4837 284213 583018 317033 361887 603363 753614 1 551051 69475 268569 921674 787773 621308 32033 986100 891584 878832 1 140686 97373 483997 858115 147103 216182 979103 47438 994954 172633 1 676429 556617 515637 63623 611043 444096 476139 873816 578974 341289 1 169156 378997 54218 467728 734930 413281 357533 130004 109270 947409 1 271815 151831 928134 653865 178963 160290 681105 717125 402530 213747 1 144297 404690 663755 697431 874405 671740 542179 821517 681198 770850 1
1 319446 164063 728117 257842 50304 719367 736820 490928 687813 133541 1 650688 570641 78944 612209 492398 737832 407788 380457 566758 279593 1 997957 616034 256695 32918 464597 808322 582035 814567 266230 443539 1 988853 243534 571010 841736 9483 693047 125918 422628 109761 519820 1 825462 941545 855927 582350 235852 729702 499577 126372 464532 134563 1 438942 418205 723158 166822 687900 694644 287522 39600 695181 759288 1 931741 394077 438261 837923 288752 399729 663735 1383 115701 669359 1 614774 544371 411722 318387 911177 387916 212381 249466 592617 494837 1 955798 652713 252077 807559 605905 855274 107134 494339 656624 744829 1
1 871514 508943 869613 290969 475646 261154 483863 11311 904049 885867 1 877765 725145 629139 921016 278068 367909 433279 458875 585598 455651 1 862022 851006 795915 339416 485811 604241 508887 378462 908867 867505 1 959695 414771 256712 261296 541880 606682 823784 22716 739827 196201 1 748396 143792 296855 256442 343273 394948 976012 181031 921470 509564 1 890594 673333 785752 769678 272740 843161 950318 419547 388968 946502 1 48809 296307 7890 226273 40676 550010 639832 241133 319769 783064 1 231983 569424 26341 140919 633726 816788 493003 992159 859396 840341 1 667648 133044 108596 947678 859559 271671 29808 58763 401763 76210 1
1 936220 512164 917496 25088 326197 822500 655936 554100 628948 265824 1 408264 484490 335438 799358 407558 950455 938931 235684 444179 70033 1 817423 475236 190249 926976 351750 954507 713970 388228 104010 525153 1 971143 194461 744049 755997 54944 832092 812720 227911 304760 740077 1 314691 894610 614017 975148 600679 797891 583990 760531 826841 562485 1 78140 959835 267647 32901 488704 554992 693226 541357 939309 505308 1 738023 945248 250705 965121 965746 555985 310721 220423 66619 576968 1 674080 228637 852852 772599 206824 89017 593842 417857 74047 918284 1 161481 15372 881936 960137 444050 951480 660506 444715 369737 471813 1
1 841401 646499 541242 764494 466431 454594 549074 297385 914459 750977 1 423852 199519 102490 17718 482000 803523 930038 836704 708508 998172 1 689610 190836 274894 7895 8627 859505 565222 465283 717814 339172 1 870314 352214 562838 12396 42074 592883 22911 678992 360860 296710 1 941648 461753 150857 925545 489756 55981 308621 886785 295468 353822 1 637324 757089 16928 579934 182291 678058 986830 115005 610566 488637 1 682812 639249 949552 545210 161033 922894 603192 23064 448208 825046 1 526713 692485 328559 539877 602577 411492 90123 550408 379437 897623 1 697157 117161 24116 114673 962033 384174 572918 956637 646138 126825 1
1 194128 352855 158485 386730 225814 743809 231609 586122 526914 809648 1 348214 532552 850023 786146 501056 730660 42470 819458 780205 138769 1 745221 395096 82504 839502 612118 580038 447570 425529 147847 977208 1 931211 408396 181296 855294 838399 87512 567498 713352 572467 610382 1 683333 127544 611908 270052 797610 892856 480978 669769 866726 515683 1 472310 277953 404494 176730 146401 170706 791436 11583 326613 884936 1 983148 814043 303282 599129 566584 78876 234893 770552 552060 220758 1 963091 939566 449131 848788 885559 46399 509771 469371 489507 29596 1 452019 66443 569437 986348 504728 136377 144229 940157 574579 523032 1
1 580991 118203 685731 315965 493472 723340 717330 92018 891608 630957 1 720914 568728 28853 949764 465831 357362 625110 767944 261245 701504 1 754818 310915 26389 548409 793872 567123 716695 466046 560029 486789 1 631970 865138 460176 516976 110349 113003 165065 552035 499590 91270 1 517853 16599 906159 193008 444996 158113 561758 445177 645115 58891 1 204921 301909 529190 278737 937758 17212 120286 495682 184550 437311 1 774562 524447 989692 920518 649463 406680 107779 553556 135388 426019 1 512125 656645 784635 892271 120236 784754 840222 6623 62754 199910 1 834287 970434 513761 211900 891497 927905 465812 987192 395237 32858 1
1 68784 125700 714217 216221 741610 994728 918013 371252 345537 358497 1 610650 68818 702822 754652 738114 256650 831791 880609 901539 835366 1 659912 530836 929899 370499 229062 174606 154477 972042 935506 272553 1 647248 861594 211181 73900 433510 357398 352265 947671 851759 695949 1 479326 451678 344650 956770 756637 38432 984634 46346 512001 34581 1 67862 156380 73197 309069 665970 932595 80461 573323 977307 994468 1 267869 335483 705389 849278 938788 766627 351595 372407 64537 196969 1 511455 800462 807025 91968 351500 734618 129596 822828 34111 753381 1 714137 94235 367355 973742 447309 479955 461879 768492 225171 518897 1
1 717471 317323 613732 13706 558398 390290 510940 636231 536218 17944 1 549564 826650 362594 605891 563319 766870 201672 259315 376837 1592 1 198645 221132 91999 916694 624521 931699 824920 839086 122345 441443 1 263303 602621 294010 175404 241673 94111 770588 337134 718322 10211 1 990598 673783 256927 434829 562568 495643 834140 174888 16553 3969 1 799708 948409 483549 466210 117502 499644 148789 355737 229276 945520 1 106131 257701 676880 352999 836560 600721 80711 710078 14556 781736 1 965306 804109 908085 871056 333051 770968 87588 870076 723743 976554 1 137917 353542 3165 866908 433278 951977 811910 821854 80091 619095 1
1 667631 524256 274470 975431 869631 996054 622688 370237 17902 930097 1 906190 422451 71633 283904 538325 681215 207796 579408 574828 731528 1 588329 528408 511228 240066 579986 897851 100827 944563 802720 747511 1 734159 543766 515100 696927 224979 391593 619976 300195 482906 694091 1 766097 354797 106953 605401 951955 467750 141952 687266 522283 231638 1 348895 450231 846176 811253 103669 78175 222358 179293 484364 717276 1 122222 378587 788652 703519 881449 784014 909628 482621 298902 135909 1 368794 520443 718523 961520 56209 396939 424030 691014 468783 347035 1 625374 295619 431397 625161 357356 158726 955776 686673 17270 651949 1
1 453915 898044 590575 187013 197088 137854 191188 430903 938544 365213 1 872138 391532 558106 200877 344035 333983 347587 9532 102009 203177 1 959214 688508 747078 904972 175601 45248 641765 942191 829379 234738 1 97168 994551 261986 48565 184726 213702 671204 55158 571439 943637 1 996269 359764 611459 271407 252273 728653 651714 597801 966875 665688 1 588551 398684 998244 729241 946486 508986 848423 91404 523950 188309 1 202479 629725 177257 470802 318092 31533 140504 825721 220450 994234 1 12619 738582 899303 328694 935120 86102 9763 26596 228216 283060 1 451203 793894 358456 776536 849170 308111 977756 27959 472182 380570 1
1 310710 544400 305740 302186 869515 29051 994359 330416 792556 649788 1 28953 800085 680270 170445 239044 861343 46552 786374 126083 105712 1 591217 354006 306719 757845 49886 873547 571691 883466 640631 455869 1 941059 953741 373488 982107 531683 860070 489557 166829 667568 829046 1 824552 540773 409799 578153 162522 539040 340134 659734 517932 411942 1 713368 65846 904547 116530 966738 198277 975430 192475 403148 532736 1 75152 933404 120648 918025 837053 647635 709931 908416 43956 374591 1 256207 339239 882195 750071 607179 552871 810734 396954 406594 144325 1 61551 885925 85355 885930 836751 509713 85809 647306 311058 855657 1
1 252777 787714 259588 171737 433279 145759 413279 319157 262472 612714 1 547184 876247 906297 775232 648522 140726 149395 770211 964536 821992 1 767358 392682 242924 459675 995951 502581 625705 860653 504647 815131 1 796507 379925 784991 840190 222645 842967 5510 27251 714613 175146 1 667663 839435 991804 520363 576151 416986 264094 466932 739812 643694 1 236766 799607 363896 987037 328710 992717 22029 883196 593985 950001 1 640371 999126 644106 544557 39626 986573 187302 919757 394866 67665 1 550894 267449 239926 752308 342126 455213 828388 925305 455991 387431 1 732394 214164 491491 319687 430830 732334 115254 210916 874673 624694 1
1 738108 591255 130866 515027 681592 226493 508602 606025 506554 118039 1 870045 844378 823729 206409 371565 478532 493183 282605 128871 401800 1 798070 967952 147391 734664 78393 230974 263410 140518 27318 212098 1 393059 288084 664432 485571 597920 700212 974120 639153 440860 424889 1 139792 927461 193337 907032 782483 976937 408234 899202 826028 665950 1 810327 517720 168760 375924 467551 478053 138406 253909 843263 574479 1 839211 106169 629726 423419 356722 344646 335440 473844 178575 959671 1 910413 394543 252788 254973 409629 897146 507366 204603 355843 835930 1 439443 537947 295167 806473 168905 453939 333627 156254 436664 766922 1
1 704229 816176 504485 848640 996356 455402 924381 399361 558201 603007 1 264362 933253 932787 13645 277865 54801 883450 790134 653315 69164 1 283362 360891 261082 913024 987990 264544 467244 939390 255059 138927 1 599773 202986 639851 796125 602211 44878 4633 973807 654751 530218 1 774869 777921 827056 768453 297078 845496 242563 904847 793406 370064 1 342299 267602 472189 12971 552651 997915 346701 521040 730963 457944 1 972273 739884 384586 439970 302347 927845 239098 617625 315825 847708 1 310709 930909 876713 662090 83231 490661 378259 79014 953900 123814 1 343263 105963 218717 807694 997343 801250 733464 94285 665066 111784 1
1 502121 463877 156830 391904 715512 31190 767757 744526 117214 375066 1 397678 975706 847932 646134 174312 531194 809167 35942 33432 383404 1 307182 751690 902448 969500 140539 130074 504437 487159 89158 343691 1 429849 796109 584259 612661 919903 761523 730429 502299 127623 430176 1 197372 968226 624744 914587 474319 413910 100739 854810 361521 699275 1 847745 19157 20504 82450 504607 756848 546620 525524 772385 533680 1 294204 695421 647123 770462 778918 369942 966531 486668 312302 877530 1 416959 737570 835385 449738 370713 718947 894832 397033 906635 622013 1 153849 144879 691188 240943 13769 590109 395612 73394 979218 936061 1
1 44417 560091 129004 752353 193315 188091 737952 565846 135471 291998 1 134062 801194 563643 448126 956176 471134 990778 914515 824583 9310 1 617327 711895 763183 828465 944279 86787 847268 441117 958165 394364 1 956718 381881 412416 497511 665406 75606 16539 664423 813877 590666 1 623652 806234 728026 255227 35097 752853 101604 108045 554026 244012 1 193940 745158 188488 840559 416961 260061 823648 356253 677689 645463 1 990634 724766 107513 596554 731132 52786 66471 52771 929281 390430 1 925696 672066 952079 193615 987900 650086 243761 884595 214890 644521 1 529995 381374 882774 677166 424895 66559 361161 612293 26065 190498 1
1 413905 461550 624571 882167 67711 743052 168218 983712 989742 235912 1 345684 735522 73983 199945 247035 331174 528679 707044 361449 537904 1 21186 194136 815454 804587 333389 854587 626767 854421 10777 117534 1 780044 525089 498492 609959 789423 971601 424838 120429 374537 334362 1 700743 696397 87565 903347 234913 459272 862722 727244 636025 355107 1 30314 935173 564141 160850 830752 555984 733328 861068 984622 866323 1 645060 64205 683162 423201 808807 684587 948929 875603 405232 24176 1 1282 472068 71125 59486 140890 152234 157408 769828 990699 691563 1 188967 972981 515129 36951 241039 778415 581178 324551 823117 421336 1
1 958130 946647 382789 111233 556230 145676 855139 513639 170597 844287 1 558871 858470 275802 70047 419312 35515 302474 24604 609562 655549 1 460818 722056 846658 644693 371476 378351 215134 650320 618842 903030 1 988157 447592 800449 360551 337207 737020 331530 166471 869551 144253 1 72832 269248 799494 781438 534051 85962 352710 521704 990521 819307 1 124660 879653 282315 294023 259886 395283 893249 799773 728500 628999 1 550720 886265 642325 730226 972283 58400 718868 121048 89749 53601 1 112178 916905 750088 861778 917684 570561 312754 157862 898238 184728 1 575049 303647 395372 962368 561980 262574 4042 668445 942548 185103 1
1 483293 651736 999896 689183 44731 565963 368967 43194 724770 137611 1 614560 394999 375243 202949 184930 982153 900173 145373 547372 674798 1 762520 197582 969809 497632 613328 551692 481238 322944 685902 92939 1 127607 97200 586910 284143 26857 243217 245720 488153 575577 526675 1 984559 29828 677854 386061 850072 155882 681370 209466 950932 325093 1 703129 616258 679807 834722 799591 612231 414367 990854 259856 383101 1 716001 768003 133741 491631 756220 725717 794330 482882 736680 313612 1 446469 435065 750361 587706 182139 730387 110161 328307 575151 677945 1 536335 8784 229192 784235 241662 747840 750391 828588 777299 614390 1
1 908434 979493 894833 891899 314959 829239 768440 593919 537807 928217 1 366325 844811 491882 758209 198207 948116 105898 637769 610308 371754 1 458129 392425 316173 321636 847965 518612 515118 436844 502125 265642 1 943937 721928 811836 952760 307375 325939 686256 665239 815878 582002 1 950828 352033 931457 298014 400605 430001 552333 769345 720832 110875 1 131387 177666 294256 278893 17115 751589 65436 185868 609274 721651 1 657537 519459 806447 601331 973826 670182 283428 905720 906932 68815 1 571730 820179 702964 364261 567899 541741 690337 872001 818446 492853 1 620363 434341 570333 261129 32768 537970 94845 861719 229312 217797 1
1 497531 453364 958132 100760 225373 751212 672908 418437 919055 610648 1 960142 517053 979974 519982 814545 78604 238294 45225 167736 874033 1 682295 248985 620802 403122 708663 15331 265269 536518 967318 490708 1 758060 202388 390682 56616 346119 285666 846415 341817 673033 823916 1 460868 268773 659279 899346 781645 667150 994805 855125 659701 611890 1 437122 947481 728618 277090 129855 211266 587467 754684 100496 963943 1 55872 450278 105807 608105 848323 668895 664808 626767 312541 452187 1 46033 52755 552218 179826 198722 643222 607588 884461 576556 868375 1 502987 713552 932029 436877 897308 297959 345991 642695 248687 754945 1
1 479983 678785 34625 376432 567497 262110 63018 183461 440897 515480 1 758989 594424 441824 731014 183810 742606 475929 670805 885758 290806 1 579118 680133 779442 548583 116562 159985 458920 33921 39906 866812 1 806066 548813 733712 264669 953807 949685 573689 920768 652701 278547 1 752017 622209 93627 82198 780540 162504 888722 550191 507261 644693 1 168072 447959 836531 171089 415287 55642 534422 22374 738718 172850 1 371274 428110 614228 111815 295463 76952 138410 260547 899148 624506 1 606394 447321 758172 620912 756185 732839 633357 130324 489528 383467 1 555277 10093 993781 109283 633190 25838 561969 719995 227047 914840 1
1 861284 443565 664064 177146 126279 324173 865475 490230 107229 803554 1 342075 49696 674069 196777 302748 966481 429089 338370 49818 394090 1 552871 13387 264851 40367 53680 318372 262295 348286 120560 869892 1 187274 516839 722438 588301 247832 956550 487278 570536 761529 353163 1 205746 830275 448366 231158 507491 300004 236658 996042 496642 936617 1 514487 74060 913404 919822 352335 105337 142576 607036 192343 176770 1 515687 232011 794214 989880 449263 352869 562862 521446 978137 784667 1 954920 665161 122035 946028 715886 278918 423990 808841 216149 32656 1 319191 77935 695574 736917 815611 383019 843236 180266 817881 222319 1
1 865775 944666 937345 105403 434282 783484 416072 421695 495671 358565 1 699886 926932 428632 612548 26968 203887 218070 477988 331012 214319 1 794067 630852 623670 491593 295001 316733 384867 839576 698314 135172 1 502626 768698 786935 159505 86915 715583 251465 313676 494265 314597 1 669565 380670 647943 66420 213331 913431 360638 749296 296557 660997 1 66312 253002 144267 696266 871952 295578 498638 507510 603823 233120 1 775241 130809 933526 425265 940007 473101 334367 410073 300457 176767 1 903265 465647 302539 799471 468951 537052 601651 229252 704263 45878 1 59198 547960 538304 983032 764920 554384 228800 664559 268972 88717 1
1 499379 376790 925815 882638 749116 896541 738916 211967 417136 622730 1 323413 441947 50254 407998 330918 36534 953912 971652 724008 483879 1 808344 962583 988081 266065 5814 423197 603302 408646 341366 299419 1 163588 834980 540662 494697 521692 921622 462508 33722 949093 919807 1 181672 698629 280225 155473 905820 861883 561031 308341 81928 749706 1 679086 970731 423259 326889 6029 745103 378765 258570 83256 886258 1 400145 975255 150378 766114 189791 76135 468774 343698 80074 770735 1 49762 348327 124367 41147 918678 515885 376106 42622 441549 893680 1 697149 301418 511808 580650 791659 923022 847453 324136 281501 315481 1
1 41218 857013 197703 26367 509436 251604 836176 4660 367578 798618 1 813185 511729 942922 905981 970242 594665 555525 432308 441342 62096 1 959647 272229 916560 967296 594558 530412 937754 203328 416561 680980 1 742051 127711 756182 156646 417170 300439 629031 234194 271377 496676 1 582454 271335 355614 823105 812269 266607 742058 813219 758787 358718 1 512894 310453 540036 76813 743939 771343 910088 987677 992609 911662 1 418421 606231 199799 675795 302470 165184 787982 570708 773338 631000 1 130846 922212 220956 979608 52679 60568 477876 37549 679138 149891 1 992159 680819 738946 795 593516 535491 379993 717173 635078 865416 1
1 147477 748879 792207 509149 384545 689921 581968 306625 298919 980395 1 304486 893764 318230 83672 141917 928262 555688 522355 471919 235500 1 789628 451178 871116 269043 297577 284157 868910 425722 982319 501459 1 538756 797099 6242 420176 817509 668382 463018 450751 585589 203105 1 902388 538702 803500 115493 336476 144291 659727 655471 785927 376712 1 632931 924859 431043 373526 279708 500827 416944 231712 91763 760280 1 66611 559952 833343 881028 272664 953776 338562 821811 138571 492146 1 345154 15321 895319 316515 261865 617141 936744 561944 753350 246503 1 46767 755533 597756 333724 957051 125021 561425 461872 373130 3268 1
1 688258 611066 320627 812011 743627 771736 182555 316985 274229 746334 1 373612 930878 825248 684366 9296 772439 321051 911897 828776 279605 1 622800 489350 806596 49195 593861 832875 448659 182781 342760 890733 1 833700 591392 394403 236731 569139 488695 367065 92114 662955 87933 1 515718 199773 276913 504101 539448 13814 722317 256110 246650 802353 1 28238 242441 144479 855034 712931 471408 875171 908578 531235 430405 1 764762 899004 402480 868959 184960 435333 313712 155480 575246 543898 1 386968 650545 737562 810233 447616 302361 762188 688036 30991 854624 1 240761 531130 258346 363764 538093 309823 782344 470085 220186 815343 1
1 462437 657175 546086 630891 483120 875162 293814 811228 833867 568291 1 570828 483580 776021 43037 810731 300868 80833 871396 869480 548160 1 445329 252813 883494 456477 339920 684694 740941 346248 169018 465896 1 984851 830733 149194 577334 1511 594277 914684 608326 36115 484657 1 108318 894186 982725 317255 731526 377955 691760 899069 825158 407320 1 247860 663257 44514 137702 569779 51518 262499 317019 771769 364398 1 21328 31527 946153 764217 650820 266846 995642 502658 357910 752686 1 387567 686549 331342 991470 971610 580630 465218 138690 723776 698509 1 857772 536001 91362 99676 253618 938700 948070 935033 620598 291940 1
1 58944 305100 482792 699402 672473 859039 938252 374663 201731 83419 1 376355 517377 587087 508836 489779 618391 9063 186742 560497 255677 1 32610 519330 54227 156793 41291 381364 485904 766460 816574 96112 1 641126 741110 994170 284411 805110 461844 583465 99496 927438 789713 1 917438 347506 772781 931673 100918 786830 125042 263647 886123 89047 1 581517 243450 692823 574598 153847 697622 667665 108183 288223 669979 1 987243 350506 784092 359511 182753 756750 653454 868500 558099 407781 1 719117 156185 578158 629948 750535 65519 551321 828247 199138 938914 1 331688 263911 287106 129122 431713 205291 365576 355428 638079 158782 1
1 400195 207389 430619 748429 960843 121568 238250 994856 381073 988069 1 758925 326279 222452 801519 316489 232971 712140 983641 179288 868634 1 292217 286935 289634 578271 376015 686381 664422 488890 914548 580998 1 457859 365589 397742 514326 121514 643620 936372 785577 197455 191196 1 501720 757440 464980 914238 275138 450611 871732 643139 73626 62545 1 635435 741090 890633 51750 326880 216679 885782 628549 313619 71669 1 758442 299723 816160 347849 583598 861708 364267 628620 636107 422676 1 985796 17545 711507 81133 370693 990121 921250 284055 589740 270479 1 263580 271135 177191 448656 565745 8087 140962 976634 622760 649428 1
1 726319 171675 185797 735723 573678 486847 772684 23966 508829 56400 1 517900 606981 753831 876687 448390 911033 552916 841572 433410 106926 1 727608 42820 622681 52696 251922 326772 181632 916450 829137 437859 1 567330 927129 899955 980005 640595 443238 300783 978309 51283 816336 1 237113 679656 28475 296714 27757 746923 165636 294646 43069 343759 1 842518 854005 696333 189501 866549 327137 514819 215539 280983 565184 1 130473 797005 35924 20744 937386 809400 682683 426000 881448 764229 1 38140 172419 515211 932938 778338 114509 970686 972618 918940 318055 1 518986 105144 524298 495081 195528 337322 251063 155741 13403 48075 1
1 144381 997617 142922 937295 287491 279152 111633 146864 110554 832682 1 482212 720995 282574 525888 170218 65357 582132 238987 93022 9795 1 588145 124655 666168 286167 16664 348316 609976 935223 725603 47958 1 299694 528519 205831 639929 140771 552741 532140 163006 325508 790173 1 752946 883311 139674 8274 866294 57802 127781 239135 800076 539921 1 127469 451243 771051 599181 380282 534786 233340 252531 299286 511320 1 603156 798847 730444 571719 921534 821122 366150 187632 847106 650545 1 810619 635167 584766 955492 542995 948759 737155 166989 193118 337705 1 541888 794946 464468 224753 360248 54477 474199 764577 818407 685678 1
1 829360 528717 171665 591215 277709 924947 540180 297499 897018 772748 1 562696 244811 454689 181351 574661 17641 50714 471414 982605 513791 1 319734 70934 33197 955133 993748 687264 928308 477744 663807 725726 1 379706 408687 847021 286992 734617 785295 490870 305148 674266 964847 1 559178 672936 324404 401325 16791 295735 235672 815541 578066 292539 1 257762 85829 690566 972614 980723 264093 207891 662797 929094 503414 1 976514 833877 575825 125694 944102 514514 461704 35248 990264 931317 1 856308 184772 337333 373726 316819 763966 682928 69744 402572 6989 1 262355 279318 353026 214192 130000 393956 882506 217373 692608 857590 1
1 794213 680266 341139 253893 459589 407798 904743 938936 492480 104419 1 139593 669170 170334 277359 255799 792184 867761 272887 981123 482809 1 471292 578995 827443 115127 50571 71539 383866 112478 394377 705374 1 69994 402061 12859 931802 229661 617134 49382 473680 323206 673109 1 131310 859305 902487 547072 830776 117464 947761 761309 292939 179040 1 818061 510118 704830 778613 981214 186385 772937 800935 323733 275388 1 675744 740557 328161 564914 454626 718088 135744 922098 937745 169519 1 613388 740963 321077 812199 68910 846019 753974 937602 764677 718865 1 988897 164750 776487 951135 950404 395175 91822 912701 921988 399503 1
1 823676 274704 418437 198189 203797 778928 648102 544405 718839 894823 1 405627 525873 229512 655280 103707 649241 598049 931768 157845 869374 1 754001 11105 211701 553508 608521 335530 244624 99861 744719 420286 1 60255 675380 407513 840103 631710 832265 269074 112548 9947 575862 1 381695 274750 679899 643859 570359 216038 365763 352062 616533 821742 1 931308 358752 107981 324801 59983 910353 803538 861344 170968 85830 1 541382 101533 557627 508000 275851 748378 955265 736092 158501 725792 1 145093 653398 625051 745735 126098 553901 892590 989264 104349 74378 1 284613 167969 706940 835905 663602 515106 75891 372038 531421 464361 1
1 792560 12370 330534 783662 434545 186737 138976 911320 757285 738901 1 948179 66244 291895 807913 461035 906586 311956 261370 627670 588495 1 433189 455108 734279 991584 873823 529484 885364 890481 637339 96890 1 114860 710519 568698 713162 490571 927407 814029 352074 980370 811747 1 116981 410654 452963 961558 2470 882659 661238 667873 345686 442012 1 318043 990808 312759 678471 451885 867247 689974 159626 878780 984416 1 859141 438838 174743 993722 163995 820075 913634 164872 944964 650936 1 945333 875684 532556 92682 49618 677048 790930 250915 654111 177908 1 208380 188098 788832 466750 675386 351656 756051 268824 478384 679004 1
1 631802 655339 81054 753598 408092 590213 698535 938442 657483 93846 1 902140 444143 82090 683215 13367 753532 173345 489304 16490 751562 1 747977 610247 28049 126816 738897 318420 950188 503283 185688 128550 1 729282 797301 182229 195237 846837 257870 643506 992711 201284 585891 1 922402 930054 198917 956128 897400 838304 502430 427564 4285 889409 1 633129 467970 753954 142891 9088 793791 537977 589278 551552 465187 1 512830 885193 693453 378798 381861 322262 262134 761915 905 315293 1 783147 123489 92188 410559 216932 36281 907830 899695 98821 490502 1 240359 219988 506856 489694 115878 31879 722799 558875 586184 902075 1
1 635291 533186 563483 696318 129802 977444 431780 732189 395529 208619 1 907815 901868 103969 560517 919527 134612 694364 839424 368538 384813 1 417307 332406 976086 262942 996236 161983 96258 890831 310901 529760 1 485566 294507 305900 637745 646455 409269 592559 85813 243036 253460 1 964593 418212 889392 717278 114039 218534 342657 25410 271356 509704 1 467478 318269 35994 985762 285607 313606 365417 526395 789973 845624 1 939919 970253 16482 870901 271976 91629 10879 361607 160851 305671 1 804342 413882 46957 996261 633930 718935 729915 965206 600440 719958 1 362711 371783 281172 426476 487865 311553 359449 257152 933333 305352 1
1 211032 797677 736739 213385 476315 375003 971538 295388 573606 933002 1 554580 841014 407506 998013 365154 278107 420064 972394 428688 410120 1 104632 96485 662796 564533 508078 89040 281761 615794 889797 258222 1 60133 16089 380149 311156 988359 642383 396947 601718 63775 979645 1 844440 809655 810349 493721 836895 130924 563490 852266 233457 362608 1 242267 562786 316550 437089 826585 295322 516430 637938 381453 23852 1 129564 994650 540392 885680 827154 780115 591349 526019 891811 613608 1 653540 310297 529444 751294 645171 210314 428700 500960 183223 424159 1 382934 812110 795902 973091 354084 782936 142449 544556 923108 368847 1
1 708095 485531 284838 605376 103821 469434 794746 243681 794874 850768 1 524844 658972 111874 661573 117322 780950 177880 512841 358038 172973 1 886799 739075 479653 366262 79638 214894 327484 881916 511908 740685 1 871194 198398 369692 189479 393876 71566 372618 256052 239505 397271 1 245752 833737 45066 203276 243994 956390 370769 410575 171869 411631 1 375366 346817 85790 541423 872855 842410 434574 303005 261513 939897 1 716568 700173 422393 39847 450083 598511 307773 884625 850693 757570 1 95966 97809 483431 527744 848910 453060 265052 933725 21600 806362 1 795791 947058 22026 472671 482487 773791 956012 953850 187703 393934 1
1 159805 12695 349468 71683 218206 21728 22236 484036 57641 826084 1 93311 522328 441791 112373 983911 274417 718061 324875 300517 174502 1 848103 242066 245300 263051 143976 629721 971231 950070 481949 372506 1 500474 317954 139268 423414 473074 188719 61892 831739 839135 861867 1 124284 127714 380566 672852 696306 610319 461683 849240 885995 88211 1 321767 867217 822021 72377 95390 180476 441031 74003 809910 208833 1 756990 44157 859382 733786 69394 560765 308038 414577 372823 475415 1 316688 200572 565650 832823 463546 997253 116462 273383 202480 13054 1 677791 142887 120682 516630 148291 272696 983046 432452 899558 761740 1
1 641476 614141 646425 200347 911405 888969 865157 864684 283902 153248 1 714544 705853 203558 257608 187090 786127 379093 180445 866890 877884 1 882408 409871 312865 504136 560600 812161 362478 133169 380614 686375 1 727702 509531 852789 689030 196049 946322 847183 537070 459257 288992 1 483272 355593 431955 254438 371679 472065 940012 847793 460002 575899 1 149312 636851 253217 390579 276959 290008 110034 877783 842972 113812 1 262855 917042 799826 435934 756611 235223 430379 429746 331761 408427 1 448345 719941 696479 827173 17927 856781 415545 813113 998349 210096 1 421547 17098 676595 62490 751506 474221 363917 193961 380662 29700 1
1 836432 151965 329654 592708 96659 275599 736198 948725 455082 832486 1 917749 538141 273404 601499 867450 37169 550221 379427 495095 682143 1 633913 379120 559709 743764 627827 857006 512929 556190 796164 206957 1 73584 536427 640302 854139 710838 7375 473336 347070 665776 428079 1 229820 925563 677110 196010 603669 959406 207410 482903 650395 110151 1 328822 987549 521317 245061 660460 503883 151555 794247 604690 240564 1 475718 281908 938007 440583 454492 14920 941884 663108 501675 351215 1 913206 307684 336774 534531 759870 27932 878464 656772 478904 537475 1 900630 923469 892110 814302 11994 109332 294383 394633 392104 403986 1
1 194488 886482 861273 846302 799350 650417 570381 353995 499539 235162 1 599456 377288 482826 931339 234578 488071 340646 353480 727411 417434 1 820168 189092 102189 399725 339964 520872 68651 627852 669267 971044 1 822608 676733 77122 110931 706123 823856 243280 912460 67574 91891 1 813315 447268 15907 583723 948515 610497 591108 469082 966506 957830 1 41168 813486 892963 557152 46593 587812 440243 572949 881949 881937 1 914446 391733 138461 34288 936948 283842 456163 83682 896144 907262 1 832556 154415 38594 775935 45935 303254 785966 546384 120850 113858 1 577414 855911 331904 523625 348284 488769 377435 62465 79646 413791 1
1 187292 247395 471240 942318 914913 997811 902980 568183 974306 955432 1 81395 169733 688217 45567 262410 698788 434177 973886 228872 446516 1 787839 537946 269721 176271 1541 343071 171146 993168 307545 14719 1 149026 233724 48657 944857 441411 686139 963470 775108 128524 119735 1 722424 160177 7584 167197 87807 18567 150537 197402 714583 907296 1 48646 458880 612310 240396 232214 480092 146707 898946 717201 274948 1 471244 584352 731072 188241 497732 561952 598765 889220 460431 134247 1 620626 979970 639094 676725 47748 878342 645497 891971 628233 434987 1 798222 489116 267652 449279 897603 255979 449932 814299 501428 828404 1
1 73512 593541 597904 565291 146630 360259 490999 588694 610514 368756 1 503910 449944 386159 790128 786986 140681 199544 630166 811135 78831 1 131731 333171 502306 730456 353515 74254 495132 443132 873126 471725 1 243570 625744 606053 241247 506147 13679 457755 84705 966095 56046 1 44780 253086 637364 687097 752579 45049 489112 763410 571947 538613 1 866314 478304 502333 164843 766320 31861 265573 756209 827592 440845 1 395522 803641 427355 584091 167412 521436 304017 533709 204701 332166 1 134682 794625 399736 100553 231588 623686 400335 29366 511557 98118 1 836309 501800 31716 887592 708520 387040 110612 815300 517992 385152 1
1 653292 953009 628906 388600 865627 861109 398245 975147 587651 243165 1 436921 766465 82731 380624 710907 346153 401100 520165 403884 677786 1 925560 301941 924403 956089 665440 171432 393703 177397 436588 151153 1 185862 315895 582218 225195 528277 623247 801418 405666 68252 631206 1 137313 753898 789601 562162 947136 510009 386609 118196 467262 163654 1 187846 422847 748477 92434 71267 975654 297204 484281 974034 677641 1 184340 867698 437434 337506 942022 330590 516106 353496 123081 390257 1 976849 612614 927677 516187 101218 894839 786291 597745 153614 906038 1 327870 947461 64921 306480 543036 248134 918657 2547 842183 670475 1
1 826296 196298 213111 722987 545492 352499 983591 788712 440387 946152 1 955363 722976 429214 507229 352276 908416 708068 834547 140820 226346 1 983559 467228 147475 453589 461412 507000 617798 528084 428433 961477 1 565960 811904 53398 455887 243062 541861 741279 839971 451305 188909 1 919206 511500 805113 291526 825789 741144 170964 746699 517036 154721 1 100097 546048 467752 619998 257414 970867 126551 898000 589446 781693 1 887645 877995 904081 252570 45989 810663 164784 437177 404396 250116 1 584356 2878 921716 359237 358318 316706 41622 982764 879851 662454 1 973259 131221 507772 647664 165685 347387 498596 972250 130011 332791 1
1 795974 390804 364203 512835 319901 123584 788400 86426 937113 709912 1 858202 478936 214695 536399 900698 947961 194208 730522 137797 389667 1 185544 105387 366019 860306 675920 641795 949898 34315 944762 524851 1 821667 349411 582654 614005 226917 479553 125631 159530 153960 533634 1 287966 809230 795881 14194 290692 43278 292904 274359 15944 947138 1 861552 411447 444112 216771 926274 424416 518607 865144 800202 519113 1 605998 290809 364828 898849 902580 311110 86195 794360 968266 385034 1 193726 606998 470580 419031 356799 73261 386539 215648 639659 598178 1 897694 492148 470051 804977 55238 635799 517415 653928 766626 944315 1
1 792139 660726 345824 73454 611831 220890 765325 449645 5643 734374 1 819542 946083 283475 918613 133618 837788 544292 820905 605438 89400 1 671269 44001 836998 687579 854221 588674 958290 63479 21099 115308 1 709143 573170 962893 14697 135693 476109 202154 583970 932436 90145 1 272534 891472 751514 139678 897624 355487 534130 8981 869556 828981 1 874262 680179 742955 718235 628574 970347 667592 957855 261299 900872 1 38390 118998 958848 144917 591700 68198 311143 479745 263678 577583 1 636869 425189 340407 526991 806616 174080 1009 821144 712398 544839 1 770658 305368 718846 661582 995635 401546 79744 342824 7554 715726 1
