200 10
8 8 3 10 7 2 11 2 3 5
9 3 3 4 11 11 8 10 5 1
5 3 1 3 1 4 6 6 6 10
10 1 6 6 1 1 3 7 3 5
4 11 5 2 11 2 9 10 0 9
3 1 4 3 2 2 1 9 3 4
3 9 4 1 5 8 3 4 9 3
0 0 8 5 4 12 6 5 0 3
8 1 2 12 1 3 7 2 8 11
7 10 6 0 1 5 7 0 8 7
5 1 2 4 2 4 10 9 8 3
12 2 8 2 0 8 4 1 2 5
6 8 8 4 11 5 4 2 0 4
8 5 6 1 1 3 11 5 0 11
2 8 6 3 7 3 2 8 9 6
2 7 2 1 2 3 11 7 6 10
1 8 7 10 2 4 5 6 8 9
4 10 8 3 2 5 1 8 8 9
10 2 1 6 0 1 10 6 3 8
8 7 8 11 0 2 3 7 1 1
6 8 5 11 2 1 3 8 0 10
3 8 4 5 2 7 6 11 2 7
6 5 0 3 7 3 10 3 10 7
2 0 7 7 2 8 8 0 3 3
8 7 3 5 5 8 2 7 6 4
3 8 9 3 0 10 2 2 4 1
1 6 8 7 1 0 5 5 2 9
3 8 10 8 6 8 7 9 9 4
3 4 5 11 2 5 3 3 1 3
5 9 5 1 5 9 4 2 3 2
2 2 6 3 11 3 4 3 3 8
0 0 11 2 3 3 11 1 7 7
11 5 4 3 6 6 2 1 0 4
8 4 4 0 1 7 3 1 2 2
8 10 13 3 11 9 1 1 7 3
2 8 8 3 11 5 3 3 8 1
5 9 3 13 2 2 2 0 7 3
2 2 0 0 6 3 0 1 6 2
10 0 1 4 2 3 1 2 3 3
6 2 1 8 5 4 0 2 1 0
1 1 2 7 8 5 1 3 7 2
2 2 3 1 7 5 1 0 3 2
3 3 0 8 8 6 1 1 2 1
0 2 3 2 3 9 1 0 2 2
0 2 0 1 4 4 2 2 12 2
0 2 1 2 0 3 1 1 6 3
0 0 3 0 4 2 1 0 5 1
0 0 1 3 4 3 1 3 0 2
1 0 1 0 3 0 2 3 2 1
2 1 0 2 0 0 3 3 2 3
0 2 1 1 0 1 1 0 2 1
3 2 1 0 2 2 2 0 3 3
2 3 2 3 0 2 1 3 1 2
2 3 0 3 0 3 0 3 2 1
2 0 2 2 3 2 3 2 3 2
2 2 2 2 3 2 0 2 3 0
1 0 1 2 3 3 1 2 1 0
2 0 1 0 3 0 1 2 1 3
2 2 2 0 1 0 1 0 3 3
1 2 2 2 3 0 1 3 0 2
0 2 2 2 0 3 0 2 3 0
2 1 1 1 0 1 1 3 2 2
0 0 0 3 1 1 2 0 3 2
0 2 2 3 2 3 2 1 3 3
3 0 1 0 1 1 0 1 0 3
0 1 1 0 0 2 0 0 2 2
0 3 0 3 3 0 3 0 0 0
1 2 3 3 3 2 0 1 1 3
0 0 1 2 0 1 2 3 0 1
0 3 0 1 0 2 1 1 0 1
0 1 0 3 2 1 1 0 2 3
2 2 3 1 3 0 1 1 1 0
2 3 2 2 2 3 0 2 0 2
3 1 3 0 3 1 0 3 3 3
3 2 3 3 1 1 2 2 1 1
3 3 0 0 0 3 2 2 0 2
2 1 1 1 1 3 0 0 1 2
0 0 3 0 2 0 0 1 2 2
3 1 2 0 0 3 1 1 1 3
2 0 2 0 2 0 2 0 0 3
1 1 2 1 2 1 3 1 3 1
0 3 3 1 3 1 0 2 2 0
0 0 3 2 3 0 2 2 0 3
1 1 0 0 3 1 2 2 1 0
2 3 0 1 1 1 1 3 1 3
2 2 0 2 3 1 3 3 2 1
0 1 3 2 1 2 0 2 2 3
0 2 1 3 0 2 2 3 3 1
2 2 3 1 3 2 0 0 1 2
1 1 2 3 1 2 3 2 2 3
2 0 0 3 2 2 0 1 1 2
1 3 0 2 1 2 0 0 3 2
2 3 2 0 3 0 0 2 0 1
3 1 0 2 1 2 2 2 2 1
1 1 2 3 2 0 1 0 1 2
0 3 2 3 1 2 1 0 3 2
1 0 3 2 1 1 0 3 3 0
0 3 2 2 3 2 1 1 2 3
2 3 2 1 2 3 2 1 1 1
2 1 1 0 0 3 2 1 0 0
3 1 1 0 1 1 2 2 0 1
1 0 0 0 0 3 2 2 3 1
1 3 2 2 3 2 1 0 0 2
2 3 3 1 0 0 1 1 2 1
0 2 0 1 3 3 2 3 3 0
2 1 0 1 2 3 0 2 1 2
0 1 1 0 2 1 3 2 0 2
2 1 0 2 3 2 1 3 1 1
3 0 0 0 1 2 1 1 3 1
0 2 1 3 2 2 0 1 2 3
2 2 2 1 1 0 3 1 0 0
1 2 2 1 1 2 2 1 3 1
3 3 3 1 3 1 2 0 1 3
3 1 1 2 2 3 2 1 3 2
2 1 2 2 1 2 1 0 2 0
2 2 1 3 2 1 2 1 2 3
1 3 2 0 3 2 1 3 1 2
2 0 0 2 3 0 0 3 3 2
3 2 0 0 0 0 3 0 0 2
1 3 2 2 2 2 0 3 0 1
2 1 2 1 3 0 0 2 2 2
2 2 3 0 1 3 1 2 1 1
1 2 0 1 1 2 0 3 2 2
0 3 3 3 2 2 1 0 1 1
3 2 3 0 1 0 1 2 1 0
1 0 0 0 2 1 1 0 2 1
3 0 3 1 0 1 2 2 3 1
1 0 3 2 2 2 3 1 1 3
2 0 3 0 3 1 1 2 0 0
1 0 0 3 3 1 1 3 1 2
3 1 1 3 0 0 1 0 0 2
3 2 0 1 3 0 3 3 3 1
3 0 2 1 0 3 0 1 2 0
0 0 3 2 1 1 0 0 2 1
0 0 3 3 0 1 0 0 2 3
2 2 2 1 1 2 2 1 2 0
2 1 2 2 3 0 0 0 2 0
2 1 1 0 2 2 0 1 3 0
2 3 2 0 2 0 1 0 1 1
1 0 1 0 1 1 0 2 1 1
2 1 3 2 1 0 3 2 0 0
2 3 3 3 3 1 0 1 1 3
0 0 3 2 1 2 1 0 1 3
2 0 2 0 0 1 2 1 0 1
0 3 1 1 0 0 1 0 2 2
1 3 0 2 2 0 1 0 0 0
0 2 2 2 1 0 2 3 0 2
2 0 3 3 2 3 3 1 2 0
3 2 1 1 2 3 0 2 2 3
1 0 3 1 3 3 2 2 1 2
3 2 0 1 3 1 1 1 0 0
2 3 3 3 3 3 2 1 2 3
2 3 2 1 3 0 3 0 2 0
2 1 1 0 1 1 1 1 1 2
2 1 1 3 1 3 3 0 3 2
2 3 2 0 1 0 2 0 0 2
2 2 2 3 1 0 1 0 3 2
3 1 0 3 2 2 2 0 3 0
2 1 3 0 1 2 1 1 0 0
3 3 0 1 2 0 2 3 1 1
3 3 2 1 1 0 1 2 1 0
1 3 2 1 3 0 1 1 3 2
3 1 3 3 2 3 2 3 3 2
1 0 3 3 3 0 2 3 2 1
3 2 0 3 3 3 3 3 2 3
2 3 1 3 0 1 0 2 3 3
1 0 1 2 0 0 1 2 3 3
2 1 1 2 1 2 3 3 1 1
3 3 1 0 1 1 2 3 3 1
3 1 0 1 1 0 2 3 2 0
3 1 0 0 1 0 3 0 2 3
1 3 0 1 1 2 0 0 1 3
3 0 3 2 2 0 2 1 0 3
2 3 1 0 3 2 2 2 3 1
1 0 1 1 3 0 0 3 2 0
2 0 1 0 2 2 1 1 3 3
1 0 3 2 1 2 2 3 0 3
0 1 0 2 2 0 0 2 1 2
0 2 3 1 1 2 1 1 3 0
3 3 2 3 2 3 3 3 0 2
1 2 2 0 2 2 1 0 0 2
2 0 3 3 1 0 1 2 0 1
3 3 0 0 0 0 3 1 1 0
2 3 1 2 3 0 2 3 1 2
1 1 0 0 0 0 3 3 3 2
3 1 3 2 1 0 2 2 3 3
1 3 1 1 1 2 0 3 3 3
2 2 2 3 3 3 3 0 3 2
0 3 1 2 3 1 2 3 2 2
3 0 3 2 3 0 3 0 3 0
1 1 2 3 2 2 2 0 2 0
3 1 0 0 1 1 0 2 2 3
2 1 3 3 1 1 0 0 2 2
2 0 1 0 1 3 3 1 0 2
2 2 0 1 3 2 1 1 2 2
2 2 1 0 1 0 0 1 1 2
3 0 2 2 2 3 1 0 1 1
0 1 3 2 0 3 0 0 2 2
1 1 0 0 1 3 2 2 2 3
1 2 0 0 1 3 1 3 3 0
5 5 3 7 6 0 8 0 2 3
9 2 3 4 9 10 8 9 3 3
6 0 0 6 3 4 6 9 6 10
9 7 4 3 2 2 4 4 2 4
6 10 6 3 10 2 8 10 3 9
0 2 5 4 0 4 3 9 2 2
0 8 4 1 7 8 3 4 9 2
5 0 6 6 5 10 6 8 2 6
9 2 0 10 0 1 7 1 6 9
5 9 10 2 1 8 7 1 9 7
8 2 0 1 3 3 9 6 6 3
9 3 10 1 0 7 6 2 3 7
9 6 8 5 8 5 3 3 1 5
7 6 4 3 4 5 9 5 0 10
1 6 7 3 4 2 5 7 9 7
2 10 0 1 0 4 9 7 6 7
3 8 9 10 0 4 4 6 9 9
4 7 9 4 1 3 4 9 6 9
9 3 2 6 3 2 10 4 1 8
6 8 7 9 1 4 2 9 1 4
6 7 4 10 3 0 0 7 4 8
2 7 3 7 4 8 7 10 0 7
8 5 0 4 5 2 10 1 10 9
4 1 10 4 4 9 8 3 1 0
7 7 3 6 3 8 3 8 10 6
3 10 7 5 1 8 4 0 3 2
2 3 10 5 3 1 3 8 3 6
0 9 8 10 4 8 6 8 6 7
1 6 5 8 2 4 6 1 1 2
7 7 7 2 6 9 2 2 5 0
5 0 6 0 10 5 4 4 0 8
0 1 8 3 3 2 10 0 9 8
9 6 4 0 8 4 1 0 1 5
10 3 7 5 1 9 0 2 0 2
5 10 10 0 9 10 3 0 8 1
4 9 8 8 10 3 0 0 9 0
4 8 3 10 0 1 0 0 8 0
4 0 0 1 10 5 0 0 4 0
8 0 0 5 2 4 1 0 0 0
5 0 0 7 4 1 0 0 6 0
2 0 0 9 10 8 0 0 7 0
0 0 0 1 5 3 0 0 1 0
1 0 0 7 7 8 0 0 2 0
0 0 0 1 0 7 0 0 3 0
0 0 0 1 9 5 0 0 10 0
0 0 0 0 0 0 0 0 7 0
0 0 0 0 3 0 0 0 4 0
0 0 0 0 3 0 0 0 0 0
0 0 0 0 0 1 0 0 1 0
0 0 0 0 2 1 0 0 0 0
0 0 0 0 0 0 0 0 0 0
0 0 0 0 0 0 0 0 0 0
0 0 0 0 0 0 0 0 0 0
0 0 0 0 0 0 0 0 0 0
0 0 0 0 0 0 0 0 0 0
0 0 0 0 0 0 0 0 0 0
0 0 0 0 0 0 0 0 0 0
0 0 0 0 0 0 0 0 0 0
0 0 0 0 0 0 0 0 0 0
0 0 0 0 0 0 0 0 0 0
0 0 0 0 0 0 0 0 0 0
0 0 0 0 0 0 0 0 0 0
0 0 0 0 0 0 0 0 0 0
0 0 0 0 0 0 0 0 0 0
0 0 0 0 0 0 0 0 0 0
0 0 0 0 0 0 0 0 0 0
0 0 0 0 0 0 0 0 0 0
0 0 0 0 0 0 0 0 0 0
0 0 0 0 0 0 0 0 0 0
0 0 0 0 0 0 0 0 0 0
0 0 0 0 0 0 0 0 0 0
0 0 0 0 0 0 0 0 0 0
0 0 0 0 0 0 0 0 0 0
0 0 0 0 0 0 0 0 0 0
0 0 0 0 0 0 0 0 0 0
0 0 0 0 0 0 0 0 0 0
0 0 0 0 0 0 0 0 0 0
0 0 0 0 0 0 0 0 0 0
0 0 0 0 0 0 0 0 0 0
0 0 0 0 0 0 0 0 0 0
0 0 0 0 0 0 0 0 0 0
0 0 0 0 0 0 0 0 0 0
0 0 0 0 0 0 0 0 0 0
0 0 0 0 0 0 0 0 0 0
0 0 0 0 0 0 0 0 0 0
0 0 0 0 0 0 0 0 0 0
0 0 0 0 0 0 0 0 0 0
0 0 0 0 0 0 0 0 0 0
0 0 0 0 0 0 0 0 0 0
0 0 0 0 0 0 0 0 0 0
0 0 0 0 0 0 0 0 0 0
0 0 0 0 0 0 0 0 0 0
0 0 0 0 0 0 0 0 0 0
0 0 0 0 0 0 0 0 0 0
0 0 0 0 0 0 0 0 0 0
0 0 0 0 0 0 0 0 0 0
0 0 0 0 0 0 0 0 0 0
0 0 0 0 0 0 0 0 0 0
0 0 0 0 0 0 0 0 0 0
0 0 0 0 0 0 0 0 0 0
0 0 0 0 0 0 0 0 0 0
0 0 0 0 0 0 0 0 0 0
0 0 0 0 0 0 0 0 0 0
0 0 0 0 0 0 0 0 0 0
0 0 0 0 0 0 0 0 0 0
0 0 0 0 0 0 0 0 0 0
0 0 0 0 0 0 0 0 0 0
0 0 0 0 0 0 0 0 0 0
0 0 0 0 0 0 0 0 0 0
0 0 0 0 0 0 0 0 0 0
0 0 0 0 0 0 0 0 0 0
0 0 0 0 0 0 0 0 0 0
0 0 0 0 0 0 0 0 0 0
0 0 0 0 0 0 0 0 0 0
0 0 0 0 0 0 0 0 0 0
0 0 0 0 0 0 0 0 0 0
0 0 0 0 0 0 0 0 0 0
0 0 0 0 0 0 0 0 0 0
0 0 0 0 0 0 0 0 0 0
0 0 0 0 0 0 0 0 0 0
0 0 0 0 0 0 0 0 0 0
0 0 0 0 0 0 0 0 0 0
0 0 0 0 0 0 0 0 0 0
0 0 0 0 0 0 0 0 0 0
0 0 0 0 0 0 0 0 0 0
0 0 0 0 0 0 0 0 0 0
0 0 0 0 0 0 0 0 0 0
0 0 0 0 0 0 0 0 0 0
0 0 0 0 0 0 0 0 0 0
0 0 0 0 0 0 0 0 0 0
0 0 0 0 0 0 0 0 0 0
0 0 0 0 0 0 0 0 0 0
0 0 0 0 0 0 0 0 0 0
0 0 0 0 0 0 0 0 0 0
0 0 0 0 0 0 0 0 0 0
0 0 0 0 0 0 0 0 0 0
0 0 0 0 0 0 0 0 0 0
0 0 0 0 0 0 0 0 0 0
0 0 0 0 0 0 0 0 0 0
0 0 0 0 0 0 0 0 0 0
0 0 0 0 0 0 0 0 0 0
0 0 0 0 0 0 0 0 0 0
0 0 0 0 0 0 0 0 0 0
0 0 0 0 0 0 0 0 0 0
0 0 0 0 0 0 0 0 0 0
0 0 0 0 0 0 0 0 0 0
0 0 0 0 0 0 0 0 0 0
0 0 0 0 0 0 0 0 0 0
0 0 0 0 0 0 0 0 0 0
0 0 0 0 0 0 0 0 0 0
0 0 0 0 0 0 0 0 0 0
0 0 0 0 0 0 0 0 0 0
0 0 0 0 0 0 0 0 0 0
0 0 0 0 0 0 0 0 0 0
0 0 0 0 0 0 0 0 0 0
0 0 0 0 0 0 0 0 0 0
0 0 0 0 0 0 0 0 0 0
0 0 0 0 0 0 0 0 0 0
0 0 0 0 0 0 0 0 0 0
0 0 0 0 0 0 0 0 0 0
0 0 0 0 0 0 0 0 0 0
0 0 0 0 0 0 0 0 0 0
0 0 0 0 0 0 0 0 0 0
0 0 0 0 0 0 0 0 0 0
0 0 0 0 0 0 0 0 0 0
0 0 0 0 0 0 0 0 0 0
0 0 0 0 0 0 0 0 0 0
0 0 0 0 0 0 0 0 0 0
0 0 0 0 0 0 0 0 0 0
0 0 0 0 0 0 0 0 0 0
0 0 0 0 0 0 0 0 0 0
0 0 0 0 0 0 0 0 0 0
0 0 0 0 0 0 0 0 0 0
0 0 0 0 0 0 0 0 0 0
0 0 0 0 0 0 0 0 0 0
0 0 0 0 0 0 0 0 0 0
0 0 0 0 0 0 0 0 0 0
0 0 0 0 0 0 0 0 0 0
0 0 0 0 0 0 0 0 0 0
0 0 0 0 0 0 0 0 0 0
0 0 0 0 0 0 0 0 0 0
0 0 0 0 0 0 0 0 0 0
0 0 0 0 0 0 0 0 0 0
0 0 0 0 0 0 0 0 0 0
0 0 0 0 0 0 0 0 0 0
0 0 0 0 0 0 0 0 0 0
0 0 0 0 0 0 0 0 0 0
0 0 0 0 0 0 0 0 0 0
0 0 0 0 0 0 0 0 0 0
0 0 0 0 0 0 0 0 0 0
0 0 0 0 0 0 0 0 0 0
0 0 0 0 0 0 0 0 0 0
0 0 0 0 0 0 0 0 0 0
0 0 0 0 0 0 0 0 0 0
0 0 0 0 0 0 0 0 0 0
0 0 0 0 0 0 0 0 0 0
0 0 0 0 0 0 0 0 0 0
0 0 0 0 0 0 0 0 0 0
0 0 0 0 0 0 0 0 0 0
0 0 0 0 0 0 0 0 0 0
8855 248468 726976 273257 121827 510735 32028 60125 389600 674223
691400 612791 675985 486751 219055 868144 223774 630263 659479 374868
228891 102531 784501 586292 845281 924600 340453 276224 612611 906112
273462 649049 557402 747957 64177 704699 796780 696139 547389 80758
345196 276187 947470 640157 18237 874361 941687 827682 98201 391738
767139 948050 445511 314331 897575 894487 522720 353135 886099 281638
275481 883172 158574 582664 676162 392342 295905 829826 179331 305931
343542 256427 609925 750139 393608 904814 159386 767001 195733 281982
565893 818604 19881 31559 490071 448537 613324 537772 111760 175526
777326 360797 773259 344180 329592 54106 870668 928901 977724 481779
523102 876000 920683 454971 700566 525275 775785 297169 166638 559712
237979 510630 199680 153040 498400 4428 905017 951462 89584 138972
568197 860949 851168 10697 313752 129714 175758 389584 898993 750722
441229 558168 716560 481965 665177 852154 823186 309340 493907 615108
506803 676941 793401 933487 507277 79882 430371 290837 660896 385818
252090 63973 763663 515419 278450 985982 405079 232233 963813 443629
701067 712660 302129 826001 969759 580296 932192 263178 92634 557995
793229 402145 489309 223269 924728 239523 853841 442974 777324 983103
687004 393648 426959 347232 242968 391912 884468 700010 189949 905397
319748 792134 328165 272588 537632 997946 418831 628059 836010 788644
362572 139738 69455 720457 731339 954957 340434 551428 22389 531893
370081 357465 197474 729529 986832 417091 528895 321435 28491 991173
294639 570393 346776 315851 670657 763369 571057 169633 493215 934698
295856 394131 497204 624743 700339 67340 273387 764887 636733 358161
682586 452528 280469 316875 747264 351536 131085 146466 786511 519077
546977 750530 334482 221990 602046 601977 683696 962080 434574 678375
2424 173884 542994 918666 590004 707864 782772 507279 301260 677976
381144 747089 997236 569119 284902 428320 129759 653788 611117 387820
895914 637177 578939 256792 722069 752747 778781 221728 92097 306488
693848 986714 442850 537576 590670 980905 606734 695350 833462 52068
288642 5252 139027 404016 361682 219578 381401 33763 298544 704137
96098 227865 984943 714090 357877 428590 63722 738759 471047 89924
61230 264957 888776 883375 379460 462482 952401 433229 681457 372284
650093 728891 133827 419357 846159 843475 620039 841724 340780 653257
715861 586819 720559 245647 750135 961238 790643 709996 781012 350278
529107 875993 737917 225657 827934 375900 348357 310660 870461 696865
754080 316732 800023 401842 365060 998948 898804 961086 876825 449947
198455 558331 871088 291242 369402 837633 669686 179967 863958 183872
957770 577672 787377 822368 395539 260630 429033 543901 936921 111040
137230 645699 850669 554554 838186 654512 593001 52940 93663 946018
11409 990660 33956 380483 243419 782402 594933 339142 856309 195979
770925 266909 843202 177893 833824 50640 434200 249388 968365 703806
691442 241108 247568 396275 503254 601347 179128 213638 648508 863022
485674 732284 92702 331774 215920 203766 343928 379468 302530 627155
603806 579706 633045 735502 954514 944254 598384 399949 379630 266235
482358 627258 614269 63657 136431 815975 41992 327012 293958 463286
541772 946391 863666 969768 614652 910837 277518 358993 475724 346374
5996 798889 258134 195607 539798 130295 260476 966510 537089 237487
205231 410173 242356 312429 638516 710642 888595 705959 510579 28749
227029 182540 39887 38303 902567 146599 251108 542793 49652 156603
927333 715130 456865 15954 865302 599253 812168 788018 5882 214557
718934 893373 334625 903366 751370 793137 494302 263231 447334 96099
93297 445849 31444 745244 61556 259991 344981 837828 561405 904201
657725 413189 361749 814517 899500 915203 34076 564310 945986 705722
182574 523769 347106 938394 331711 217183 763749 408848 763726 482165
434813 803027 740650 205099 981946 386056 78908 719254 666750 869968
899236 258193 688366 12327 5872 475986 482377 508750 757886 143734
893328 416764 414849 51544 158494 701615 589014 446640 262445 456333
978563 651860 453641 854749 533379 281771 227482 398605 668672 447210
27127 876097 950780 637997 846763 548064 200706 846356 944870 47864
10408 127789 1478 640950 279748 143576 390323 323377 500932 407396
254049 108070 24051 656808 193837 528202 798578 718552 775372 209577
404532 131232 196250 372674 872527 974804 807259 972161 968685 104812
131452 388601 124967 480347 313891 458511 431103 927369 156191 286439
815350 218721 604992 497446 106488 599475 179153 783090 49711 968589
206056 735396 114435 894769 18118 463740 818922 550443 289378 76080
121828 812514 442078 826689 88523 276071 270852 733173 288116 704504
181914 674104 1355 998053 398025 321055 980648 634610 123115 890013
681302 404831 671110 575626 170553 770422 186197 309033 161069 830098
564939 633384 795805 713885 409661 985890 817376 112163 971527 497247
421901 718917 496456 167724 580108 617413 418792 147761 31946 707506
331023 722791 436268 908610 876859 989785 439660 714061 671332 761442
655732 661485 79352 422671 802469 7180 824433 305799 7923 133322
402080 393696 457177 487897 136228 744297 907897 247475 306833 390071
190033 46672 841138 843973 314711 646573 910587 938654 732727 928775
363856 69336 25710 393379 130413 410154 762991 767101 31917 731070
343528 390721 374386 589281 284197 311428 181406 575526 119611 358717
495196 533807 298580 55552 137637 212891 629282 627765 677942 549666
598833 913219 464611 84662 714531 646929 650928 996313 956980 404658
211411 146086 670368 587273 519904 36288 53088 466263 177273 888237
468061 921455 941128 286054 260663 577986 566333 39392 112876 372881
206890 420606 464776 950684 221895 325311 639967 367778 672622 602568
953642 879645 720889 744095 722186 669293 57460 799683 748108 676161
91990 171129 70843 411552 74214 741590 555635 271195 126002 208336
438374 558795 970453 570768 915084 518537 382545 61590 152808 930363
547466 426970 791362 151727 885868 337224 986249 427053 945835 414209
220997 439656 235082 262357 717861 815912 593230 129371 844506 59002
555951 827637 484264 267013 597096 296914 957067 707013 138356 572412
976698 536695 969793 407426 600602 36165 596243 817256 511010 787083
797018 456357 677261 720286 239174 369536 348412 941143 633585 119138
557457 327676 453149 187147 521736 19086 284732 46654 726512 638978
887339 959808 427311 639649 292146 316745 176213 82740 480527 102842
914495 384956 475223 46751 825429 689751 661972 195273 765515 676853
151064 425721 968602 107705 189123 593476 981251 988154 329684 131790
241424 681332 453157 116778 733118 832340 636939 276245 469754 154732
336955 167468 617349 43855 506852 95668 539464 596260 919170 445669
707143 14891 558591 672939 600716 922131 433150 335001 567584 846171
148094 504142 582844 804993 408493 483139 959517 841137 50621 293758
529121 741402 564812 775109 596858 158350 887759 510339 149583 338682
917119 599209 359508 445552 463099 318028 960923 514128 835639 48794
308374 572859 675221 98722 263583 861730 1497 828332 272413 425460
543333 32535 944089 628858 836277 126297 15174 33604 916737 713443
274708 169073 717178 989667 928249 723067 177394 852822 439987 234873
446576 360295 96435 688971 803985 976713 740893 659392 327833 242569
911130 999535 265258 405011 888089 893942 765033 829916 587887 917627
660780 666043 679907 3488 171884 414641 521727 159563 7070 453583
477034 650301 116438 39429 433890 679418 115378 490793 222297 650177
643577 204182 332336 362117 594506 388979 481728 4095 598851 450405
370044 126008 244286 643382 784465 169616 180320 789045 937942 626902
567972 951418 543802 880562 647904 586895 825828 851317 728347 215075
657873 709851 747504 198094 797126 497351 764232 166325 921321 216422
343800 333212 140232 227485 499693 69100 189563 957506 424274 191944
331321 935016 76886 674790 177251 720155 746280 889281 201996 76968
928055 43692 219202 614456 344690 246361 877286 796993 888261 996939
912967 997667 715580 727835 559296 531419 469145 795071 348732 295700
232502 184483 960192 898426 56744 170280 827190 101686 446101 228615
331780 520362 530945 429036 266157 924107 669537 156447 915873 327542
244441 742270 776380 920081 794214 25800 379019 392574 985132 937380
619328 739426 362181 934694 615069 314978 822879 90733 101461 312626
915458 597168 405358 199422 569639 704127 776950 540019 89901 896912
208182 393180 337580 777916 93409 978999 907025 713811 277844 737700
866138 179369 703975 141179 460440 717263 293446 987289 950023 840754
162705 598336 215322 746456 866990 870276 472677 9086 996189 686750
376966 248180 376171 558626 173028 671278 303897 331996 787208 51736
136801 372401 679151 459057 218473 558726 402968 87394 759047 931772
25928 379692 93347 655444 566780 965497 177413 980910 766085 620402
656944 591142 948760 687972 743049 834669 725414 960971 601813 917122
503714 450163 833301 299665 862646 621749 715449 936368 40439 581907
540529 144458 536805 164707 905097 816172 457479 562482 647597 352485
421698 55983 841793 913566 236229 301496 578656 758205 704576 810821
752677 718063 235431 751371 862590 648651 9924 455869 432664 387005
415333 746941 709719 830495 610944 323875 551239 545960 616782 630182
636037 843230 640441 760370 935720 560653 625630 601156 861950 440407
586675 851334 380210 1501 554803 245898 496716 985142 472479 43634
8753 221244 583904 299537 120009 910224 383232 613626 134096 854778
11132 706155 374134 964032 683906 996964 109248 668162 508217 435400
970041 555861 483164 871829 763657 650133 8591 745288 609987 862577
882583 699318 410097 559386 409482 661443 192598 859612 712251 15959
714772 407908 388380 454373 714184 41769 824096 739463 685990 479092
713760 992575 155267 109543 948729 418263 83452 837339 999806 920492
64013 83145 890701 255695 381891 71384 583696 109980 382307 627156
80244 823872 950800 343481 398237 212333 443893 526434 928918 471231
162051 181162 657264 633714 412393 369544 771384 760365 495049 549821
970323 891063 730129 617741 453484 660505 729030 486578 401372 170224
878602 654418 971792 130136 937683 845796 889649 276993 848293 590801
173187 512223 934325 519279 713404 763559 620957 44408 123082 925611
786500 965322 875261 25116 650642 364630 253137 718678 23275 456929
876292 841201 411195 987548 148423 598169 69621 424210 915699 532770
48811 523680 895590 268771 358863 3669 438496 883124 789120 572265
879415 620165 477641 183382 656784 118254 826863 784361 828085 493453
684912 922494 263259 820668 306824 454059 755425 487206 405160 493938
867850 19516 23229 638834 822318 245456 111996 418933 856652 887897
958400 397639 732861 671596 431062 207058 952524 568101 62008 150799
781428 60843 58974 677766 963861 491280 733289 180413 945085 601463
654091 662743 407969 978946 488339 97216 523362 526713 280933 673748
443362 315382 400609 224465 927635 673690 120171 507853 866014 605061
425590 480607 976744 614186 968783 9693 748074 987878 166742 639633
901996 269034 190302 518182 139447 586479 181997 286409 468265 435195
313926 43851 836374 540304 483859 953546 823822 406061 307715 813871
884356 478054 605208 651317 198407 795941 87511 897121 555323 812785
897834 77469 753431 520268 822644 234273 995313 831470 346805 907973
593667 28875 450507 533839 430747 479259 662 261933 710633 168580
457532 824187 946772 528106 338394 783724 136189 113986 94819 442024
335244 997133 231104 933846 248586 566632 807332 272084 251288 729539
674412 579157 943391 857032 58064 534571 125913 846728 505489 101674
81534 168885 478876 962956 486711 924160 94774 944451 434009 973067
461830 457021 524639 314649 854294 682942 504218 639722 918814 559876
412782 661071 23199 275745 527376 861417 726011 229641 741625 994319
999559 851376 683385 716959 82690 833679 651975 710876 894898 844996
362505 424406 846418 194884 142731 697924 120503 454542 523133 835943
198700 743749 857790 405345 616328 122396 435371 822752 995434 823992
799642 807414 349322 516341 32155 311343 205031 13231 930986 821158
251863 429922 909850 640206 806811 21382 567102 568580 369018 944977
794759 23838 719824 653389 61970 625905 357150 391735 912730 289444
370638 866970 368923 553613 646858 617607 472599 439411 287726 205152
79339 215003 935756 545754 48110 533489 154055 641560 214487 587903
439357 193072 780564 397241 741179 568439 538546 609842 621026 39480
143956 689321 894132 641943 481911 819360 994301 179906 751719 565979
59795 589817 101710 142986 703383 477897 751231 89031 695634 435095
358290 504048 337499 903738 46154 320612 268545 374608 483907 941646
587010 947658 944170 782341 120011 970403 778367 674329 426876 393145
150218 582888 282440 322384 888409 272828 105622 463552 63083 799179
882687 994997 888115 989398 679483 333335 74783 677100 976637 259127
760116 924549 509574 500512 6086 649205 16681 593738 904919 597783
667787 966067 826983 662623 883406 826312 524059 408522 363391 463332
995427 172718 742814 992090 726038 248497 728602 224050 78981 201016
628967 969193 485919 280783 615139 394719 449155 591263 75373 594259
598238 557662 703429 701421 941721 609533 5636 928217 83246 866547
553923 835446 515867 185054 588522 871713 163029 338729 439945 134379
488111 473873 809239 406316 234091 113801 883072 997927 584716 235035
821915 387920 1786 993197 332891 115680 118438 817208 974672 822603
118972 590231 523647 697823 55223 262879 46208 965176 301008 535652
211010 251171 785140 846612 665860 885372 308375 313466 519149 105136
733816 794827 172860 404929 179771 128804 553426 663471 652576 16608
589347 263283 699538 366246 5421 334571 750109 685344 567838 461189
665450 316489 879267 997783 457219 314698 205931 727473 359876 133678
339035 773032 119960 743346 943373 259221 46579 22893 293952 155624
765757 279183 201292 61341 526990 283601 893197 447277 923817 384695
583446 53516 967223 160745 557120 851960 975914 48726 190019 491363
1 389880 279386 400424 879150 589948 960821 233881 456225 476175 383795 1 189302 70497 818030 314016 917746 441564 238210 140115 974883 779386 1 535833 591384 220097 980307 222134 729419 606609 946928 423177 511563 1 704386 715490 193333 893729 655390 853025 248248 512272 324362 979538 1 160918 110289 55945 989496 433362 658132 226448 366865 158745 421200 1 341310 832639 355860 161885 880214 561369 314512 349364 783751 152249 1 178650 934901 815396 98931 398015 713650 448690 357481 179353 851902 1 678245 59867 632011 764024 386768 337072 372835 862888 291040 816445 1 450147 130896 577885 230179 806831 884363 914821 244012 924123 7184 1
1 380353 608608 63705 673114 925727 208541 555711 622946 159509 972184 1 9243 268645 396858 66776 359890 599867 923039 895928 894167 464763 1 712071 67409 407267 906368 85652 264663 10881 666462 564436 859363 1 683071 951351 650391 519374 397327 366170 837390 858113 558628 552445 1 861036 648448 891161 75266 449915 328513 413835 133877 157016 912039 1 628745 778613 598202 758584 359312 638803 602397 791949 534993 835779 1 53833 597132 916919 486761 745567 630300 313890 996384 836457 202321 1 220321 451426 329872 286843 168089 212827 344730 188938 872496 149693 1 364861 818553 665341 610228 277561 356784 299616 146376 663847 725791 1
1 356337 619734 162582 105181 912851 519509 918827 450978 64738 989605 1 214325 246556 929716 665744 256069 664487 549603 49119 2463 94466 1 614088 386933 941721 424430 620693 220846 184328 200757 619642 708190 1 705773 431662 899158 43448 654036 371091 451371 606684 175829 892293 1 824218 444622 197900 841415 987811 431826 609841 188678 431601 416215 1 760913 351931 694977 871675 147623 645585 396956 996635 36879 21750 1 523939 258011 118138 730958 691183 687605 607928 273618 919050 997658 1 580863 255896 377033 461246 488679 165049 478026 459642 427678 404641 1 455110 381367 332606 623281 303992 164101 201840 308555 556612 296130 1
1 934466 257893 544155 205523 826346 154291 748235 606704 736657 831079 1 513679 13295 581449 433339 565754 935615 969480 188442 162658 724348 1 673935 365374 206230 757536 928516 238309 316465 164932 126506 516538 1 467058 897862 572052 292091 659672 147443 308894 545696 704226 461976 1 121428 716004 29299 647406 581636 835367 70321 30185 81568 567778 1 159802 734181 785925 402185 184492 96310 896011 313457 853289 405854 1 442410 46734 52263 941055 777696 16975 569435 235538 3730 198344 1 210386 86486 897215 360983 44979 939905 710753 738657 150973 352858 1 301415 619895 633373 919312 385339 113264 985218 505584 72439 956228 1
1 161874 561175 737616 663712 705823 489306 798014 614037 282350 458743 1 369267 168585 994500 920421 908491 773479 657342 236121 429588 78799 1 238247 292877 81074 515312 662039 461862 813227 375460 252836 105662 1 984853 481669 57747 292931 973142 149032 894177 591999 261124 666988 1 799123 575482 960955 652297 641494 902330 428944 363741 525613 55162 1 251358 185822 6874 624516 329066 413362 796905 10551 392009 953652 1 819533 647795 712488 169269 667551 465756 423044 561865 753940 991433 1 141924 684518 646106 862002 348541 141439 257648 694360 268570 763948 1 949012 999635 139506 491109 271658 760296 618289 607693 292275 774446 1
1 648460 861825 383110 495387 821367 947212 382225 771336 394232 4536 1 995732 37667 840260 783311 824519 286476 194541 36214 247824 658679 1 293435 285610 62529 212698 484032 994379 34133 58437 455408 97887 1 491042 154300 12894 753672 474915 431230 276523 450793 927777 895969 1 807205 53014 769868 937592 971705 206092 382692 158367 315121 447915 1 661229 367566 828862 619824 573662 266409 942871 170054 471197 445972 1 135563 143551 275832 521042 171506 306160 307579 501785 912581 307806 1 622462 906819 300339 605231 704250 512932 979477 814520 921717 323151 1 602193 185602 671091 203029 635537 472903 683914 255838 655475 236679 1
1 434031 816301 621417 952752 733745 645148 982244 804434 63520 685512 1 385439 565107 160322 877391 801611 483166 546955 216678 979409 208347 1 303524 699403 74588 923431 847993 679338 135947 910061 28976 171493 1 961915 216392 397362 694128 507404 922265 482000 682678 662312 854903 1 32064 517304 4055 983285 309736 831970 864524 433312 545838 226329 1 2534 880086 921617 32855 124963 519979 360542 135094 711228 904546 1 840387 218468 516069 285673 907530 864969 652248 120348 120667 542378 1 441764 618594 868768 174108 640894 170086 576103 344074 535805 679368 1 645792 466997 405811 323644 344084 747738 917623 946603 729828 738290 1
1 946507 526502 701261 271758 559663 554763 707436 353721 86797 123543 1 358635 706887 83869 403516 460842 165759 16825 938905 293456 858731 1 485506 309334 165848 89750 604947 812004 354476 639949 973460 462115 1 948339 360566 873954 818854 33512 364258 210201 240402 506559 894145 1 719512 6997 957268 705121 261435 51060 487263 968593 605143 376741 1 376924 380591 192731 623757 480486 596122 962709 231165 93216 29813 1 733242 837601 804677 321515 516390 891830 19498 1465 545033 567205 1 495271 801062 781267 614048 566784 573134 848854 647918 43917 3229 1 410571 747946 753045 200989 419513 578551 835327 263269 59579 91164 1
1 539306 781801 642776 544381 262578 546815 917426 125590 704703 505264 1 964666 646513 666815 442217 835731 964428 348793 606514 226841 93533 1 846210 652967 840226 830914 271312 69326 581299 483999 309452 10171 1 919920 496157 980698 743226 174373 542942 478282 394978 561770 376986 1 896999 822540 794943 62308 290443 255514 883020 112673 196395 161914 1 273897 640910 277893 346075 741400 638284 682746 313913 824055 572645 1 89518 80298 707775 889983 278908 987829 746232 105304 88016 586545 1 969486 499804 81072 422436 572667 853879 513160 94951 127906 655969 1 280049 176950 267157 356691 185721 52492 689768 681304 339155 545533 1
1 525519 501925 115582 607678 876836 891246 509362 530289 449356 607382 1 849817 296737 841471 165175 419687 102739 657054 311533 538427 940924 1 74113 686738 905332 650631 647012 90653 36831 318410 783029 886830 1 822324 640962 624356 490001 960107 659097 231001 860480 823056 727356 1 639305 234291 620057 521180 985437 959355 937889 642768 398481 857247 1 294343 28878 786552 983186 595852 710528 968024 608241 983941 828863 1 20077 822628 706098 88958 670973 3143 889301 888506 212487 248837 1 287012 972110 541276 616390 653996 626146 267703 22978 924232 815645 1 666316 153979 350486 185872 897620 630967 933008 762557 202221 243321 1
1 902128 367140 323478 252531 877958 139321 622562 232323 29820 575316 1 830213 556839 786684 532481 376241 952467 777897 988882 893564 38582 1 832678 666015 557459 386720 818246 955875 274238 638924 237050 561244 1 23097 935087 30510 322971 361488 559592 375435 928520 81556 984251 1 735277 217195 908258 649545 17153 867339 494415 839366 596644 305637 1 821082 305022 170919 74856 134521 650339 100 83950 454408 97273 1 161661 801083 619281 717901 673275 918061 775873 96734 725325 806104 1 853775 790387 163353 962587 789525 752106 257650 94417 835235 157380 1 711614 178155 808140 585886 803053 590622 430898 841685 40238 649678 1
1 190952 373330 506861 843794 453402 342335 299037 827633 753232 814811 1 461310 341338 42308 594726 601107 541543 626626 893187 661255 342954 1 977600 299169 554938 717955 696117 139150 672939 73238 841536 368498 1 226122 417771 499080 527164 756766 904248 601498 638371 548801 483996 1 865142 628250 538709 831517 224283 951394 790455 429006 320585 866476 1 258190 214209 815696 122360 798792 839754 847951 555914 414827 833435 1 87535 872484 197502 447704 627657 836459 42191 67569 898666 402882 1 851591 767871 479577 297714 630488 427852 59191 433769 1119 906015 1 699628 128435 377695 711327 304789 192178 751430 891015 862604 332841 1
1 863223 563260 271727 549873 317665 80832 377268 843528 434857 793760 1 216685 274195 36450 836211 898705 932634 439602 42567 29716 992300 1 30395 431629 851223 437513 378240 777364 999039 944416 888164 233728 1 408821 445726 66826 714331 763202 306657 776001 776775 991723 687507 1 93721 828219 2439 177653 879591 806184 337307 797242 212402 446047 1 792805 456708 516125 411745 851556 593794 668251 790316 491497 411338 1 976008 81827 147867 213001 38505 550181 124563 503900 200055 850447 1 421869 266895 634882 989045 421118 23036 46690 843174 918812 691828 1 157608 542828 245636 173528 946759 136854 117783 558333 582489 294823 1
1 454229 827263 168888 119104 731186 965598 798949 146068 497942 115284 1 356810 390134 649755 409238 666845 866651 179977 730330 588085 804609 1 189674 633593 915930 118780 451244 207903 890002 534780 539105 143539 1 260278 279510 916045 219365 862891 706684 215753 1617 615274 27208 1 225825 707536 283066 590187 288269 835569 905612 726407 944846 771332 1 888946 488687 95413 928656 121450 261684 653222 709037 547387 410412 1 586184 177861 589491 765986 802608 386547 791844 177250 227731 823014 1 833581 12712 14235 706662 498196 436191 735522 208420 836760 695370 1 351677 365047 716490 332026 808515 849131 319778 618686 387357 176542 1
1 351570 488380 8228 916967 159836 308844 764285 632868 240819 141328 1 114341 925886 59084 302521 711299 776365 348580 797617 48188 566120 1 11610 797348 312454 529004 910115 309378 86906 488320 940090 730983 1 704612 917614 127411 965584 830924 425404 382128 317095 509117 392921 1 300519 18552 67500 868803 640769 161291 800699 609048 347101 986712 1 628918 47386 113201 582197 455991 204718 824548 319444 757004 829855 1 934854 835657 998529 932334 686482 785474 593886 139232 942301 995542 1 272450 681133 6439 357011 166665 29549 600548 904042 696608 747482 1 639122 414074 191675 162349 538279 621396 377024 955020 471741 630607 1
1 999446 54755 341522 535688 54444 253976 402700 68344 127972 410152 1 43614 91891 720034 333833 999716 418239 267975 628314 579632 361171 1 659743 369899 472565 363280 55997 614411 155679 307133 479091 606944 1 123920 10336 366607 230115 84547 458796 980325 619178 259837 134693 1 471096 129097 455052 599758 713132 558438 268051 624437 670375 972228 1 807386 611638 621361 141279 884233 515882 591087 967425 389290 244498 1 903706 418939 191649 141095 999275 938208 466921 783939 535248 809083 1 16741 23643 901139 882755 503768 167631 972933 224300 470870 587059 1 702081 431271 651978 86274 666371 153043 337711 454905 621655 183634 1
1 255529 763391 243544 443334 491627 861908 856545 821518 923378 547243 1 818834 111426 521165 9355 218262 105320 346811 70699 244119 562927 1 599171 518961 679151 573361 535597 98992 900753 233778 990902 412227 1 211612 280148 573999 177216 680045 579495 862648 580288 275872 610812 1 35162 107272 157246 534920 860317 665006 905129 822263 497327 128915 1 424113 947052 925709 783840 833842 699086 4089 973693 812798 462722 1 653052 348205 915625 810301 782816 453960 381649 392695 361148 709481 1 862147 544818 854932 247892 799831 612049 217266 215027 196700 616956 1 128155 884934 61189 996666 575027 651852 855339 675488 680275 453717 1
1 355122 692358 419691 130210 27829 932659 239278 157981 105088 736856 1 926256 350721 632692 834762 452041 744850 572582 968178 350069 794459 1 243744 59181 512370 668102 435284 802848 654528 928346 356688 857016 1 268827 925041 888531 204337 463289 832570 959928 652092 646422 320186 1 576506 774366 414111 870218 281142 840967 455542 358225 760805 424689 1 74441 986288 457907 853097 354976 289565 652065 256987 231696 642203 1 554118 771478 393952 858368 809628 477521 887178 444807 773260 587330 1 574656 471844 941409 767635 559186 171828 566586 740529 489101 325952 1 808526 859259 950076 560893 979788 662858 619525 642595 263962 674677 1
1 244131 86513 322388 675211 71501 332091 870408 679724 96220 834036 1 814698 873958 551088 38661 304849 160392 529813 283958 696279 289657 1 869853 464400 834417 493389 173730 388994 751943 54522 631084 488445 1 117382 946236 25995 649327 74301 781507 367396 353007 591393 950180 1 4815 688186 412822 742592 324218 460563 87026 969298 807981 11414 1 139385 939478 366404 627436 404156 321502 961567 796880 328626 799818 1 145859 117645 560158 212414 233028 434186 226631 27068 830444 387919 1 783309 359242 357547 644535 640718 983016 799172 621481 17597 376485 1 148303 970433 830668 906080 671294 522359 214693 446882 511199 346234 1
1 156493 729293 772324 679223 60845 563553 823306 925715 983817 36685 1 437613 772660 782324 251235 565820 984639 246278 710453 777063 593791 1 497022 23201 396213 432924 510757 77697 12733 706592 36726 592707 1 85188 76189 341559 665803 71197 178059 941056 721863 864635 428484 1 790846 406939 144308 291006 125902 805397 876805 973590 742352 596732 1 795900 669956 308863 106737 208924 697130 337064 660444 200234 137906 1 999321 667842 779963 932848 849007 482181 550422 352156 64209 989474 1 830941 60498 862328 141992 508040 99215 925773 344514 498322 494386 1 106423 246822 701025 997941 534520 117968 441998 626905 309272 464392 1
1 291300 164789 8867 825390 575026 13814 991874 573111 424636 135456 1 394454 959148 332164 275056 158166 7716 309997 386871 907555 280443 1 551053 825032 453143 105762 183893 349121 568389 787944 796335 61271 1 876637 195 705060 747171 420729 352486 12711 665491 832836 659748 1 548756 456316 406909 411 765312 70373 372511 362096 802389 703986 1 700874 223717 881346 883646 614953 475780 923655 867824 392793 432655 1 586897 995161 906219 471450 349412 433636 706654 462008 257053 409857 1 738890 465947 798153 270662 98007 637168 212812 591830 869188 276500 1 644072 996528 105459 96791 753462 650669 921943 221648 161465 877233 1
1 856429 847494 96054 699637 107765 779837 579313 853304 80715 707919 1 362495 230422 30517 378927 578291 32445 31203 268167 888144 680592 1 541139 891081 55641 636134 321512 143965 669047 829431 172639 807450 1 597245 511534 69690 852929 691841 778913 633037 746278 405435 305534 1 386529 335361 557009 187567 685879 156536 662004 268290 628357 890528 1 383361 436225 384099 658916 682369 991760 183547 683513 216268 243906 1 392987 22108 474459 254489 200842 437299 642112 580488 338619 550705 1 189798 104612 726543 921162 426696 910205 274519 791295 683562 187455 1 782509 441307 603327 218669 93657 327819 508802 442438 547142 337892 1
1 361671 650255 728273 850569 207035 687238 643574 504750 512928 585855 1 800393 342208 41872 726974 213015 654771 190830 804424 766562 673794 1 81241 679564 490156 885138 583742 239347 696931 116135 850307 488140 1 112131 530347 86357 985226 458469 733739 712401 854309 729963 347265 1 314578 2921 811056 650598 867999 138322 803592 775741 312100 899804 1 29996 489204 983492 965061 331799 978081 471482 302264 643106 401309 1 45677 963721 697886 110492 473978 142847 335241 331969 245033 707827 1 59980 376881 827611 156771 408017 436881 143410 785199 90774 749274 1 392335 171122 937863 782239 612772 925706 649680 697615 269222 901788 1
1 962342 551145 513715 605182 625597 773345 516915 206104 360227 56479 1 930989 314955 71610 545449 967906 42122 576361 896767 586371 357183 1 473887 367052 939282 489423 192997 335622 357356 373697 508164 232424 1 337888 619781 240085 456263 37451 219146 696439 341815 973952 938423 1 933653 601707 358850 536708 779732 758214 268602 97494 369879 88625 1 644611 85345 176117 860228 520925 185755 816236 929263 445319 119417 1 460452 465902 310159 42271 390912 538623 463725 152910 715239 637376 1 917829 784884 298499 703854 557158 944256 637101 601055 292629 388549 1 339742 499471 797445 478927 976581 300786 655674 684922 800592 873995 1
1 30119 828917 98515 238205 847297 297209 373561 957618 834744 390396 1 927651 784098 564929 254155 337600 445766 463376 869443 385527 341950 1 196662 697812 146977 585327 830327 286835 458559 146928 814565 241909 1 367031 454348 493296 385027 283003 669394 561027 320201 490306 796600 1 842468 987320 766974 958492 560012 276904 173433 736152 808938 226127 1 220469 984178 55674 300340 818462 653558 272993 7055 211018 444589 1 948417 718291 439206 30474 618976 277414 980682 835589 256666 98488 1 132123 254697 382701 8749 848212 787257 975823 74318 141013 882070 1 556960 218830 910975 402422 488098 906470 354544 218230 894863 456200 1
1 130461 498383 711851 586964 343739 998478 63560 133370 203239 715890 1 178854 637104 257934 764520 772258 10615 684910 547258 598027 918921 1 118278 662447 831999 740398 254043 528992 900007 127017 356624 360789 1 646208 842975 98802 334048 19790 243767 729791 163920 122556 338602 1 11461 261158 438397 440924 487226 91916 642308 79882 347563 19319 1 106308 594086 72018 459218 556250 787366 908613 664448 727345 719550 1 739141 377084 23456 693872 63910 534288 390192 296909 408935 556043 1 94601 23564 328873 350330 512880 967307 485896 34140 57065 300621 1 396400 433362 934320 219761 417777 61554 454436 100412 177323 487850 1
1 262380 459825 59581 543165 358368 822867 953938 510292 639338 489629 1 674961 332789 447741 764366 93124 841997 42012 411499 46195 749140 1 814925 915235 263313 5555 752634 128880 714472 343916 318498 496633 1 990292 851815 213923 130742 936347 357330 107274 108093 435378 703034 1 549023 41302 644091 509889 37198 972824 449857 908616 144476 5674 1 147557 788753 915589 130273 225053 230196 593162 906801 60778 820281 1 615073 276938 668541 631558 956281 116102 964535 845772 712176 810802 1 954098 149401 108339 910334 904670 504347 429395 655835 360694 164037 1 463064 458495 369491 846059 705291 368701 64302 115996 796899 290463 1
1 959894 967392 964047 202881 47027 467608 779765 718357 634518 917364 1 754487 527982 959915 639178 832623 332975 44915 172336 158650 791705 1 263555 463459 324321 43704 956246 678384 707957 178727 826898 134621 1 662340 698289 292060 942179 170265 81181 93947 281186 852916 234789 1 842459 494211 875853 12406 740608 135058 777295 9233 88223 47895 1 396355 292201 522243 29919 552409 967137 767077 413784 799172 2391 1 871290 324570 898344 956866 812552 534628 584395 826644 259319 982275 1 753508 347648 220589 250484 612487 911837 165113 729648 838916 79800 1 224272 643660 302381 993068 603670 533110 853362 708529 46867 888287 1
1 181220 496006 531290 299396 137489 147883 27454 252619 738812 889463 1 756050 321855 904133 453513 62139 541934 604701 509757 280687 544216 1 54216 989410 338832 939942 775433 551243 936553 904196 307296 510025 1 981758 794913 116982 793935 343806 880562 441392 969207 669783 916665 1 691008 852544 772003 794874 298171 493739 744135 281534 76751 87191 1 146318 627593 213444 139611 841528 530497 814107 948552 582647 987523 1 5662 271878 253874 676479 38048 362240 55193 826309 734893 806242 1 854797 647109 679080 655602 756990 312824 799634 348179 412506 509091 1 342506 962983 990885 752520 367654 590060 174454 256063 213218 471473 1
1 360058 655527 924238 189424 295258 466958 368256 900839 184280 396654 1 494162 320714 198939 57180 607752 315987 862701 306354 141413 752928 1 793273 82286 613196 311491 517184 180425 326835 810454 966290 264279 1 380295 417496 815207 122854 252601 20230 315374 568393 551575 648433 1 558320 585771 175002 982784 21467 455912 806169 126433 963700 528867 1 297971 453523 717194 917502 615133 896421 795027 991808 4127 156776 1 615512 254757 238909 197117 905636 45406 648089 39165 200305 115793 1 114358 270578 584622 367521 554544 662907 471319 712840 452428 533682 1 450021 480456 322674 816831 390956 837760 914 846871 559001 709281 1
1 174179 852380 293034 331209 732880 639424 938775 574889 524420 37921 1 99062 1551 187272 201089 938723 114916 195102 540611 295073 630250 1 202379 166650 922022 448458 723148 321872 107980 857278 70115 743558 1 387336 595650 956395 375247 250532 231623 878269 80820 852904 445186 1 487738 409900 518110 868546 64174 928800 783785 164456 177743 632457 1 295143 793691 814940 345422 765285 921626 969617 360721 363005 640879 1 133693 753606 247487 961907 865650 300883 57358 259635 977630 512405 1 658690 794906 492797 326306 119573 780263 455530 293753 848128 858117 1 432360 977061 513584 922690 890268 171702 41319 296068 498020 803116 1
1 549697 461549 12162 472771 250877 455844 444463 594199 641449 181980 1 756063 409529 328944 751970 769451 429472 601694 409337 349678 765724 1 81719 476867 326942 554515 429183 252416 551862 697470 414687 950411 1 948061 261644 557445 357973 292150 844962 592251 891612 375817 143706 1 910934 96780 419836 160462 283983 390224 985072 524269 63391 758568 1 152305 176864 124742 334889 869454 386848 30633 78695 358461 741277 1 502771 113102 804107 313550 999183 107142 475140 46988 558630 187876 1 686818 726372 605657 622071 281707 864619 868681 485072 191271 298348 1 540724 338542 874389 186744 409367 880949 649538 356687 456049 456268 1
1 97618 438581 44826 319031 593142 128155 231826 254555 140465 568218 1 327993 96891 522099 99340 148203 916373 226229 668103 808219 387307 1 584504 693267 28217 747634 764395 156584 347209 745370 937113 284745 1 168023 922059 704495 229910 510254 284052 396744 583992 831430 699298 1 761436 774827 564077 987235 843559 790563 972035 285369 655768 967633 1 585455 310210 686421 330652 150182 365090 404724 648488 576320 268951 1 377846 738200 70508 720305 235842 932628 264407 955355 862116 735687 1 65696 492993 417885 70449 438490 7468 208993 355493 905035 153456 1 994035 701882 646450 627257 436723 694280 36274 358950 578063 842627 1
1 828954 260493 468091 97344 213215 87105 928720 551054 837950 348515 1 913264 933235 989798 6501 860046 5147 154955 285376 474476 486173 1 303666 709459 533598 48836 55277 627853 248878 539317 3819 948136 1 653015 165768 9983 199433 216062 455261 199236 611489 656385 428845 1 76480 611389 798155 675794 310686 7664 858092 39859 47120 852308 1 885709 328243 780890 302355 326156 875682 97091 781366 905583 875776 1 20795 926840 22327 831708 970309 211960 720910 534215 450417 924799 1 34895 586333 831193 583161 745146 567956 625803 542196 319279 782067 1 571583 341004 425573 358211 529710 559703 259413 397484 847938 526834 1
1 912067 494445 811093 340815 332116 391246 891961 96765 767152 553187 1 407553 563315 324101 622746 406384 338358 867490 403998 898715 797152 1 749883 465938 617078 439475 419053 873877 156815 719598 365934 672555 1 961138 52720 324194 182480 984976 7758 177181 959872 207849 487947 1 691846 485098 389399 925090 988328 368924 920188 923388 77049 492891 1 289200 298218 709448 995760 71532 264697 981507 848591 836972 795569 1 800513 212506 521557 335244 376579 365728 638708 449516 938102 876377 1 994783 71002 383508 689705 115508 472270 567720 889021 637506 835686 1 734516 61734 463425 384920 54511 973690 887496 526229 277026 14992 1
1 577979 724155 812859 466060 496632 260981 864123 598221 299375 214744 1 904139 394374 358224 719265 37687 453877 445215 960474 692981 488179 1 251408 822011 16733 358267 454108 526021 729601 720257 573775 177909 1 662033 394474 897076 845705 164136 836760 831904 605383 378029 667477 1 124305 858334 529854 221531 513595 927482 20007 706519 993073 825290 1 389226 267152 996701 197269 508495 25997 4941 15909 389104 262406 1 952198 683555 908223 820486 985184 468990 347030 870214 785885 127345 1 174560 977690 481194 593086 455208 175436 153063 820051 418720 700228 1 125789 752041 930853 620953 609190 381374 184179 233136 261160 742991 1
1 374905 396403 504209 193331 154056 350471 289691 541376 721477 620825 1 650152 67359 17930 965812 615927 754179 51452 381274 814179 536498 1 484030 243416 725139 457168 515771 682304 234117 824809 233425 334266 1 176189 411459 200392 419904 258599 945962 318041 537663 1131 946269 1 248626 627689 798112 795205 322607 673991 515306 905367 341769 674376 1 635971 343762 238117 191299 253434 760760 112179 782903 765578 321989 1 791212 293584 397392 359724 416220 356146 163793 452449 165287 432156 1 804040 7161 256186 359401 59350 573400 583196 641823 969386 50312 1 646382 981852 178734 76922 66947 262915 726800 897949 426865 826293 1
1 844785 65203 163197 148317 242819 768 6702 409308 464057 282171 1 283146 615939 10498 675229 779233 781405 467632 358821 688501 498231 1 464730 178346 738459 232558 779042 14627 761923 399440 897755 366727 1 464333 888968 533209 224490 76904 553694 32434 632522 504840 983004 1 989471 217792 889577 105614 205034 731796 117653 146729 645861 604935 1 207929 909670 854062 108796 106308 976068 865008 89807 194032 930081 1 137827 423608 799322 449321 872944 468753 464248 163101 964521 983953 1 353624 922834 323399 842678 838767 956530 334960 792773 288709 90692 1 254909 806441 38837 982735 23086 66051 987364 910515 413469 202989 1
1 250521 471389 398096 90531 383655 205591 586121 413443 657915 116069 1 648927 28286 899368 575399 882204 575512 462075 431100 665826 666790 1 708944 108288 544473 261014 148815 382335 521991 642996 393045 923142 1 606881 808550 370379 396241 578145 75835 862095 556594 478368 178678 1 787692 932040 493476 278719 461089 205954 865297 970714 839478 350217 1 999216 265380 51422 282538 354697 174025 623016 375590 412296 151502 1 272560 628389 657983 14304 300708 465438 73436 88608 305099 431021 1 231865 883970 419244 955785 937562 623000 160812 609755 695192 273032 1 223533 570598 860800 111532 310817 196754 868151 375174 551365 454871 1
1 185797 89477 395820 172348 896054 332460 776017 961771 154242 805192 1 327977 897018 129579 708688 831948 727012 488671 596305 817716 859866 1 42874 414841 679695 850375 632956 937286 334179 519777 104471 5614 1 456817 980383 7837 486115 571836 441597 229910 637141 602148 933236 1 24679 34008 27525 60471 681665 166980 818219 786578 218577 623600 1 792255 268967 92814 1270 513794 648914 377269 244020 604538 235430 1 451503 391329 882255 146662 241479 744882 732190 666463 605835 482562 1 73708 77443 612240 752340 180900 874479 205120 806417 997330 613008 1 725768 493490 479902 6654 259527 640227 682893 877570 556391 244795 1
1 432552 839790 600930 460130 737332 41790 538078 113351 564163 677562 1 646821 17749 992726 885806 823351 698796 523690 334207 465943 320089 1 574725 888081 770857 5414 205768 757218 590748 602750 757144 912668 1 236299 764538 470147 296981 800817 169516 723520 77879 752579 641048 1 493873 607671 160962 676734 87268 486598 920140 480494 345048 585532 1 148273 396745 687914 703256 903435 541441 78022 935494 589048 466766 1 769227 923873 435712 320397 676398 782928 399979 367694 789213 297546 1 118012 919286 647044 219890 376245 780998 877398 923848 861336 895802 1 23857 894778 894780 124653 884304 742868 509869 778852 642774 432803 1
1 886661 226392 372707 88218 898491 175769 134413 366236 102525 56461 1 646152 882414 793084 438444 165887 650282 642517 237130 748968 834867 1 536801 775155 771065 918616 863690 987627 284411 72972 674554 530885 1 969853 844217 79825 457429 115648 60793 889901 688856 584675 498192 1 411193 412526 834029 712422 677936 67875 734663 981622 910759 693238 1 288858 603521 437012 244291 975505 491769 548569 87538 653237 325722 1 299217 860212 146626 357146 700919 125899 818146 381904 912865 166278 1 306296 928742 263201 545666 314225 32577 471269 673866 12275 239766 1 346197 674787 347260 240930 197587 899838 134293 831288 575092 354965 1
1 889861 408724 524430 230002 941376 106337 896162 86103 334644 808403 1 480550 715381 835844 86047 589054 724457 871056 563446 285691 29420 1 18669 826181 457074 420075 506748 909824 772570 731349 704385 409104 1 531847 187060 270005 718632 942872 332951 956859 524400 143591 198621 1 632786 47403 384006 602319 288349 10621 112248 63852 23664 934913 1 958816 69753 374866 145292 144233 948503 72307 436177 359217 605268 1 229406 843836 778442 716989 534613 210292 762187 278048 872326 283558 1 146733 462411 209078 645514 141138 533390 712848 219520 1779 53482 1 690339 553243 185996 832432 494222 959861 343121 57499 193087 320200 1
1 655477 229634 116301 135383 727058 231885 822661 687178 18898 68185 1 909441 788105 607728 902168 318440 856005 641718 5114 196867 121992 1 600579 238550 276410 106076 524573 984161 474039 587565 57775 32731 1 255847 962601 608008 799762 947906 473067 221288 607288 340640 349325 1 138839 120680 500928 32035 788430 128941 987101 865152 852996 548117 1 280203 300554 874237 477446 725523 251584 714256 686642 326944 997574 1 590488 858912 195486 514867 762511 14124 932206 204110 861710 113354 1 152237 68975 739604 427432 452782 806082 254265 785825 683014 554568 1 253969 240812 486261 597892 596906 96646 503485 115509 812830 551851 1
1 320968 368420 628739 240124 778482 232155 986236 330371 561908 862150 1 95378 961731 881851 13543 449858 786044 367881 450624 786396 939813 1 464732 378105 208105 203691 458463 577655 602137 486561 77415 885925 1 28546 813831 973127 508948 915819 382315 812098 531867 500161 694946 1 772875 68981 651664 157789 87751 58008 768944 998797 844039 600690 1 110334 650442 89358 910366 192961 962996 768248 555575 954839 732392 1 672603 689855 516163 778700 794313 30948 225648 875160 70227 986234 1 834273 438093 269992 768450 234472 500939 626494 608701 983296 776806 1 17118 739237 43151 956831 956559 744397 365970 539403 656247 209969 1
1 248436 68821 974016 232602 934643 204419 121690 819249 531840 662384 1 385103 687737 81530 503867 322914 170867 546341 358799 350972 266984 1 713413 667806 634276 414913 386209 881386 505211 831430 568606 945261 1 236231 717421 559197 720775 126239 739217 692416 305518 898370 714643 1 984227 565471 393884 913942 752911 34015 744234 846139 460059 690621 1 981473 144694 515789 221046 421329 225228 119075 636622 806932 161175 1 869093 399625 537651 851443 485810 848422 393008 747840 333368 778665 1 839613 379130 79168 944306 379135 924163 674878 489426 821733 264640 1 722138 75559 779165 831114 691970 832486 640161 83857 847923 19958 1
1 280499 353979 939141 407070 60420 93537 386348 912274 345300 484791 1 176938 403193 375848 938037 377929 747827 217013 609819 395579 144786 1 324613 897369 75513 47439 646721 440970 654494 728296 831466 443396 1 665416 429508 618889 105270 441674 978781 587975 97432 169064 337218 1 615488 936183 176694 476152 180219 30945 589598 71528 886335 889212 1 971540 893988 672236 656561 202831 972377 905695 676762 907272 275982 1 176165 522880 994438 713557 146393 832130 29026 580280 342441 4386 1 172381 167783 904888 252698 119312 295234 392327 879128 695193 745561 1 523093 779805 860997 654343 44118 184557 237435 409535 7318 955331 1
1 463109 31527 970211 879419 745978 210948 532449 584112 49066 116828 1 481866 362793 172927 936331 134390 364690 506351 486740 469904 591005 1 968746 848915 76721 212911 20276 692514 88377 102181 647623 573361 1 27688 340994 900050 966846 945600 27921 755446 945709 89257 225211 1 551016 175887 913454 271905 329793 478381 115510 908058 59366 491922 1 668804 726170 620000 936211 957966 23292 297724 649814 190458 69495 1 686072 559279 832395 682063 456517 93864 937776 111677 132194 625734 1 500003 63942 518626 449464 186930 87397 948020 538649 344321 375177 1 105630 356056 136858 350799 868642 644168 986151 219477 658697 179164 1
1 500647 644258 563053 563029 222562 29556 989554 831475 61189 827064 1 68150 695868 988963 659581 798376 761766 804083 318219 825257 389816 1 318029 891748 71239 908646 249210 483744 497041 644713 170977 529134 1 925414 326165 170483 358692 255148 501883 752470 576149 591987 224231 1 560676 263294 579815 605729 992888 173901 817390 690221 105816 408827 1 943709 9772 482799 742021 428858 926813 40008 124928 85879 75377 1 284978 92631 629341 958615 196817 783317 607959 312746 970067 193683 1 27147 751134 245939 537925 425787 74923 223448 63420 219219 671870 1 493779 315995 676184 568709 625709 989562 434761 79966 252985 539981 1
1 794191 732130 63310 86251 673500 332322 378502 664365 541650 751546 1 452791 274864 484637 355245 383181 283983 772585 483658 237104 391799 1 327370 651130 490476 360043 758730 331374 546703 735250 758497 825532 1 634602 483993 830350 406386 996911 388648 485991 905114 894788 543263 1 492456 146379 936085 110039 47350 316686 739480 430677 330909 23223 1 431251 938514 929007 295923 351821 818955 47007 889936 87649 911677 1 707187 343599 722979 552962 834968 363602 617558 628908 112884 739594 1 622247 647857 718341 318314 919408 630509 824812 100941 446824 216818 1 445788 232414 175737 272453 422416 8185 571865 11303 244672 113095 1
1 190349 769054 737406 141151 41801 208917 456306 118991 296053 726303 1 28442 254188 844084 32126 663617 100934 455893 763477 160331 191760 1 556361 611985 515480 427437 828271 541304 632026 471325 660966 721612 1 734861 615488 775254 275586 718116 276576 585630 123366 272488 466624 1 267651 879092 910670 536907 979540 905008 892624 746234 673166 899275 1 725378 4228 414644 335947 127603 761406 306773 296987 263387 9167 1 55240 329643 780711 303078 716796 493646 342834 463494 35383 681142 1 909860 160896 334184 504528 464678 77521 689258 338160 724429 429068 1 441110 342052 887823 279373 175486 91106 47506 656285 880187 807189 1
1 465404 932748 866201 719487 975379 523967 855100 404619 718815 85342 1 47297 486575 627574 319984 500734 540782 606673 969783 659385 367437 1 578543 959214 874453 320398 631479 947044 716693 125164 241486 623769 1 489151 450138 749611 639603 657725 455391 759982 299228 793672 491124 1 136400 25634 448959 15559 409819 825656 536805 917568 677897 396909 1 200560 658996 973283 357709 71962 817810 242939 66085 611174 52532 1 159165 262557 743977 142581 977021 350229 592717 28702 290005 108657 1 227317 378513 431532 910005 74179 61788 568553 923648 538863 328856 1 541721 432562 150990 52048 722546 789901 935377 665650 73364 611578 1
1 711314 524061 991598 458639 993668 462584 560168 282226 66712 366190 1 661208 685930 106069 280547 979459 799573 478246 166974 149899 141896 1 465686 839711 758029 399947 460439 482882 568576 256685 910992 831789 1 565117 546828 134141 415492 943367 125951 450086 408498 850666 146379 1 995720 231433 418969 307029 368952 195568 11654 906604 597848 684560 1 245440 833275 880659 834498 3705 528383 35301 712989 146287 868934 1 990536 299168 728749 980399 546220 487678 245191 282937 86076 418443 1 504753 582875 238034 684511 402658 215779 165994 792730 564365 650937 1 161551 260427 213218 681797 778773 279638 899104 618389 775119 306500 1
1 223845 989508 477361 581938 898835 628626 607002 238810 585593 672804 1 250579 48904 137491 676002 908061 69138 290328 156209 393113 618053 1 308009 995477 130114 626426 631599 995989 48380 222777 719834 871333 1 686043 366072 886582 944553 652599 556128 681838 978598 867057 794412 1 865766 75144 907161 525512 900798 866733 43723 602187 130108 509403 1 775496 380025 108841 479070 578525 146872 719406 539013 607710 484914 1 298781 40126 828697 32961 859237 80935 727293 497428 695645 224409 1 36036 325952 960865 163768 550135 382996 654408 835535 4186 635978 1 194857 225506 128498 158138 89413 327046 175234 176140 633023 228678 1
1 393961 286216 848433 982674 644133 347587 603796 989922 226363 443256 1 357400 36434 899328 447557 481163 100059 929487 827724 747598 617282 1 542562 384248 414304 850056 85357 62373 262293 494556 76223 556464 1 147557 740103 162182 592797 445894 300358 783638 149374 464968 627402 1 932939 476695 976364 753923 522995 537385 732527 535874 62631 133818 1 197535 841373 662618 240537 164637 392290 630110 159895 314773 893156 1 688060 585466 697091 171174 949146 517216 26369 657209 589638 388830 1 570137 113354 63170 211263 320876 369023 248300 83934 778506 112253 1 515249 337534 573231 551920 62961 228275 887073 609237 316418 363376 1
1 447791 642725 925625 262153 784656 485475 438081 329517 226420 685924 1 519083 321791 673581 61999 840573 830760 17181 861737 639156 830316 1 116420 650565 121499 19451 163740 463566 834631 294769 478121 586472 1 211520 691827 735044 853492 946577 57539 889662 741615 794032 56248 1 585006 999993 294269 268081 210412 960787 810479 57263 538084 274690 1 942891 573864 212217 238240 426026 246429 326074 201898 243236 362871 1 414386 175054 916349 673401 485638 726730 338809 436859 263233 692060 1 600212 690729 350382 754980 405146 854748 255353 259747 463514 447028 1 520161 553579 364058 671368 12707 328163 482141 289933 881792 515096 1
1 53725 710128 836574 9246 88397 251695 606553 391203 499699 905159 1 121726 900545 444396 791868 153944 310565 475117 208563 993849 67314 1 314028 343924 627932 75163 790798 740494 794351 377882 886886 281160 1 792229 930305 51463 954556 870109 469337 25117 129963 345921 759389 1 221459 563017 350634 406529 12760 524181 917369 68969 920081 684052 1 564185 546565 221666 106275 641744 948085 884678 568560 581552 483835 1 795244 534072 687964 317689 91265 4687 296584 58398 656860 16407 1 861885 546821 172747 232530 98545 725135 159674 948779 685979 431981 1 712275 847978 375198 233733 35041 465487 753823 90499 659501 950608 1
1 71861 335575 470559 164657 164145 143961 555853 432486 218167 708959 1 239122 385666 724570 604980 536511 345292 968221 74600 573299 660245 1 979623 383924 243921 679340 421217 859282 824702 179034 721261 60923 1 849607 671013 923397 590624 657908 291144 597146 816873 783406 855619 1 385418 119139 431748 662697 469104 798444 263038 178356 860323 932324 1 952447 656845 268674 778200 992233 462018 132809 524298 735908 450241 1 389911 383514 258269 516802 817805 532424 681131 621994 205466 801865 1 888152 276524 5917 139534 251073 839534 291039 506109 67391 504280 1 456560 324589 526862 95030 141574 866410 418220 102784 307745 859352 1
1 208310 159908 191846 367859 84579 371909 44819 721686 93955 159013 1 384677 558481 176576 250561 130014 617911 732758 715943 157733 480077 1 418316 751282 40699 690393 972706 854123 725946 630781 650242 384011 1 603796 96404 16208 945038 137984 652065 298526 97828 31680 613363 1 740181 255503 537219 717027 155073 341218 690793 181011 716244 958634 1 12601 961536 688959 913389 586775 398355 139213 512686 202518 378282 1 905682 195932 58087 69280 553464 278969 948336 813498 355283 322492 1 171687 322691 201611 140026 707929 353601 525267 632898 888136 313281 1 249917 583415 800147 171108 436133 625198 214528 865002 564633 892318 1
1 665202 700562 637674 119951 147004 485193 976675 17418 306216 442185 1 852102 814846 95967 407667 493466 12816 227037 316258 576385 415659 1 670061 485378 490830 549692 454625 577339 278602 992030 868136 890787 1 746637 531470 995736 351203 968623 442547 376817 892477 170102 905647 1 36557 919123 692127 125182 64751 109610 614079 230533 20503 164780 1 834585 235182 561498 144166 812739 591321 73925 41949 145909 929488 1 263020 138839 42384 974205 754552 879048 711810 771492 724173 414641 1 238302 866586 482885 849418 133187 365277 699631 874434 445536 803261 1 977605 364353 736106 119203 26661 230828 811531 284099 971116 455062 1
1 422453 877865 408600 333908 72313 926313 437714 791843 138207 5943 1 577382 138357 568197 569188 122682 779833 200397 53084 908602 161267 1 186478 776277 355315 650420 142925 596729 544778 305137 62897 23822 1 830569 356539 792020 398509 304761 618820 458662 665437 680506 4591 1 192075 565481 357407 778909 888238 356776 329669 571288 493480 782603 1 430900 119877 416351 118893 646534 341508 686388 445120 420556 901244 1 490715 685331 29903 460919 566881 967945 366102 683901 767298 377818 1 415659 568255 996095 733389 816735 456226 809592 476366 34321 32246 1 969626 130662 148468 925529 556832 425312 108228 258910 931479 923961 1
1 142008 232760 350264 156708 91426 497588 708045 601156 52312 294327 1 522648 373585 880173 856188 205185 614658 193412 947755 518354 175257 1 881349 250673 548953 374698 923286 610761 420673 492863 262287 13104 1 411195 574017 837312 40021 251250 827126 667479 722500 950101 871 1 488941 554550 293119 918652 142121 931629 659849 783809 540122 931294 1 539971 543132 578611 667173 94263 32162 772535 731812 635205 790085 1 143329 712958 449348 560398 526449 505345 165889 258505 106967 201814 1 520879 888096 374019 936816 671427 433382 207397 446580 325242 162635 1 300102 540454 348927 654643 502723 671300 939812 957276 931375 256206 1
1 568370 891510 622777 849033 65164 992921 592585 572699 83022 57818 1 485151 336605 950175 54771 441699 387409 564467 249529 157084 384537 1 191145 242809 194536 904140 657784 146898 210366 558736 984433 394164 1 809305 333142 645801 572247 815871 515303 280226 748928 265082 492351 1 207065 796840 406232 323199 49045 557275 899777 107682 876386 292445 1 545460 722104 961168 834310 736771 920787 826434 415680 204126 115207 1 368244 880949 355240 231653 675359 119130 668984 727266 306625 490284 1 710951 935376 902839 907574 201275 289913 619082 815504 908406 84423 1 283865 889137 829438 139150 813939 270456 67680 421702 241979 676548 1
1 651016 842664 491958 276111 223890 416887 400607 625557 915733 473664 1 449595 451208 483623 266871 48072 809930 970295 27395 133611 946553 1 473018 869687 146475 426175 453444 59805 943616 606160 549111 401635 1 633421 636240 415331 773737 959932 598000 651079 345374 506630 841862 1 253382 542538 799391 83546 311253 434525 280791 529164 898792 201971 1 836212 806987 685806 110054 400758 542646 233582 713686 414131 160513 1 311534 329749 550805 280651 105528 457539 775743 937392 215929 216944 1 976134 420904 620406 695168 878796 71416 305358 346545 374779 935236 1 820632 973353 361375 24103 226014 74304 510840 711375 752792 161323 1
1 313666 284785 778267 34947 475276 891124 83572 462438 238388 692855 1 684913 83484 406249 371446 316679 802979 355712 668790 213047 92072 1 105583 743269 778573 198157 216636 304285 783888 435140 533677 185112 1 634937 894400 21544 535167 115313 969706 104427 780623 30786 216527 1 130027 565098 673989 865444 432471 121347 499760 759424 908049 777964 1 687962 312089 978693 177163 229731 73677 821841 621406 653833 767362 1 273821 553373 691347 375253 616572 337238 466207 846086 698490 808005 1 106194 105308 600175 636706 525384 444685 750839 606374 753848 657444 1 595845 400963 86818 11463 823217 476635 70722 499126 383769 411783 1
1 130317 911400 739094 495425 256899 622638 680615 812604 717735 919335 1 830820 724467 151130 735036 967892 64524 585830 93808 267252 557809 1 747665 744515 367072 50316 256059 969507 80202 662415 561509 181257 1 753492 989956 606981 287221 413026 606925 762411 99117 20647 197074 1 760962 338949 678748 772751 558235 691848 379791 761493 344525 287916 1 525894 562757 664204 364774 825031 578987 701829 273705 605460 785352 1 494974 789000 480128 331168 125364 343388 976497 804300 982153 479956 1 625833 240140 480781 996584 730750 271046 205616 992774 654921 385568 1 57038 344886 370281 820196 358861 223163 497802 18328 882885 760513 1
1 370029 406344 232152 38610 766430 160150 858977 573017 68996 682544 1 219255 337420 734534 218460 678782 95238 481965 368598 477042 967859 1 462749 211874 683682 241619 412121 378963 300563 844885 296459 318363 1 820690 441967 63850 966918 577430 690392 997565 830424 592392 385025 1 721985 12414 305831 850664 651502 895434 470251 506546 304836 742937 1 825481 873573 926751 597818 272972 131332 871731 27845 817905 551718 1 31829 354362 498706 202771 437919 186379 568325 987094 580056 279478 1 112573 214721 985640 913260 532031 888664 671987 546875 444462 165443 1 503943 93837 23531 806513 752171 775317 845967 38100 618369 335581 1
1 161287 854625 650228 941304 859270 800152 829553 947057 378394 339345 1 937858 254961 618707 358300 677891 199894 406899 945769 922335 65654 1 890270 812187 182917 598850 702839 200319 533981 159968 628316 814242 1 565335 15818 367221 203949 558411 457787 704102 64531 225656 923855 1 287635 290296 555953 504741 983077 986380 181069 424603 259884 907525 1 135665 359801 834452 783426 884969 784109 639528 755517 964758 667402 1 997255 224122 865568 535354 88735 344046 864913 583154 301714 32739 1 895476 871910 253791 148092 792913 888761 998635 152049 604176 857843 1 566649 37809 660373 912543 629565 682783 898211 1558 897886 503089 1
1 852154 648323 604233 486223 471504 309109 479400 70267 323519 235160 1 424418 248732 663666 797502 634551 829082 667503 934399 597309 336153 1 25991 341053 890168 174729 687673 23374 984814 154652 430303 464917 1 82487 584812 186165 615646 317897 791557 838370 83386 930854 338800 1 850276 379355 409064 141541 476460 716962 994211 929513 250146 859724 1 61987 647900 585665 158031 850911 777486 173913 896959 239380 54396 1 761137 823928 636014 192362 177940 897740 953461 407778 927051 36815 1 191006 502688 239082 834873 642028 429308 571814 770196 255514 447388 1 69629 813934 143222 148918 320502 669308 986462 2082 826241 97655 1
1 575754 506134 188114 290115 20969 198429 242459 895298 973274 813478 1 142393 620210 927109 268415 798678 640225 265936 877946 689843 223987 1 802218 643421 357462 696951 911809 13890 615830 762112 107719 740568 1 981228 42932 680954 866314 323418 115577 517297 611261 855160 316029 1 945986 802518 431093 491884 907655 374002 514911 46000 763050 643090 1 715151 691672 595343 565721 65625 713060 569688 702761 450198 391570 1 67604 353567 642424 605250 817845 818085 167245 204405 215263 695313 1 950636 784019 786982 935823 998748 154983 90641 644045 809582 691294 1 743815 30368 444609 902151 533435 929920 840237 889225 793106 923763 1
1 813905 466304 864944 651892 532609 635743 300202 405076 124197 745364 1 355879 425378 696696 179072 229398 611730 30852 828232 548457 801032 1 203603 343946 913927 539498 99791 565087 366307 126345 90609 819608 1 291013 684786 598471 975791 851778 680910 919984 407494 630786 3808 1 626625 755677 943031 384148 367528 140075 382585 162435 650430 553581 1 816515 85907 369891 834205 31591 588056 268035 829645 931428 785582 1 376759 648347 624356 136818 466495 393463 75374 608134 702451 439494 1 901657 434973 780891 909238 210513 485446 221268 589635 103524 501675 1 962912 674634 106583 804752 834743 986729 524739 514524 110210 923687 1
1 408215 511210 746211 206007 865829 982836 648334 756791 989355 171753 1 323049 645699 905653 126876 25737 451344 170929 872968 850979 114109 1 764945 998123 924930 563591 98329 664093 363466 772874 276073 192082 1 344778 843738 673709 676817 807774 230213 143254 464013 768882 999302 1 318948 233589 110986 38156 361470 161270 275148 990347 712571 976580 1 599292 978404 45470 106875 340161 773307 757851 766975 371918 207328 1 161733 606773 600949 394647 424300 803677 738492 46499 909535 68083 1 469102 755806 401923 407018 293735 345957 371467 495285 190729 971728 1 243464 68899 139454 805515 71624 624036 931530 84832 377150 352100 1
1 365825 821377 977854 310148 254718 510158 487423 931593 155574 64472 1 467312 356693 977586 222967 252055 499752 542576 158108 914334 378143 1 178391 114776 101240 924298 621677 764095 11015 390516 297028 39886 1 791170 230888 207167 379203 223736 896285 780981 258383 261168 505064 1 811859 980939 719735 763675 49658 879758 201818 699545 270533 866512 1 12904 390232 729306 509780 718613 794285 566359 655652 172956 811394 1 279255 217026 185366 393813 923281 443917 183492 542267 834942 833044 1 84017 549613 34871 239171 878338 121985 628501 795883 99089 200905 1 981360 81324 937914 62523 610102 944076 877933 879378 239054 444706 1
1 138010 137767 632560 780727 391698 203007 513527 989667 224706 565668 1 446258 391482 591742 942178 912719 827823 406753 127298 322890 483979 1 255751 329373 822684 291425 517726 514631 886325 181342 727520 150565 1 855939 674799 321839 936973 470253 595161 601761 617506 892606 467171 1 5003 326122 13394 443506 114260 909108 791041 484539 771323 248391 1 639067 269046 127154 96778 78235 774944 251852 65345 651415 309308 1 365638 959721 564580 100418 286803 532949 917793 107183 144644 917913 1 34207 639095 764565 575238 932568 483173 464865 474245 123233 700047 1 905466 724363 121930 329546 91606 226618 251873 856618 682809 984188 1
1 24015 106659 823847 651113 807128 802173 648553 173595 924868 7651 1 317892 47953 38415 911260 540936 607147 119754 679202 307738 793669 1 393207 871642 529822 584170 272453 789498 306692 960973 262316 334650 1 193157 426798 777249 362096 926777 885093 117876 778839 665547 800316 1 789089 57017 330934 433098 283827 200310 432277 532250 963472 56293 1 23712 403326 520921 390722 32905 845632 864376 672959 408885 60939 1 532544 847921 898092 73837 240977 298981 646379 783414 241391 417859 1 105190 607979 49206 563860 78532 754696 522527 263374 287467 2949 1 559586 217953 561270 207122 330603 944638 547859 446925 861702 870148 1
1 326557 70079 969428 433510 219790 646283 381472 680525 294097 226164 1 57780 352442 432543 316946 19301 867752 767060 601746 170556 39035 1 339506 229127 308299 781071 701354 224025 243127 503532 316457 699544 1 116962 920060 980079 357485 556103 233417 249203 592422 402295 298392 1 634494 404773 84851 722603 548821 451718 979479 489822 248224 330157 1 402060 628323 546626 124395 142643 710456 356475 914830 130746 412190 1 433851 836562 540129 84368 243374 789658 932902 626262 230515 409939 1 427145 556750 904116 55129 808075 914333 113899 846288 972992 395458 1 720842 2666 379328 130317 77584 678141 289573 465503 168268 583336 1
1 907809 480219 690045 322357 844653 474021 158241 752812 425260 218341 1 333778 383038 7125 185088 388092 907516 856790 288785 20392 824390 1 732574 262774 772814 38015 988616 49970 994118 501379 224666 493497 1 96976 916027 955344 815054 855501 235374 121770 303790 107870 87870 1 148078 968698 545935 651684 351737 557435 361364 477154 502755 433092 1 282097 144101 232802 628376 246281 576037 930524 620630 226341 371550 1 748411 79754 731942 502843 802448 459415 306317 842075 924065 298381 1 779346 331684 626603 345396 57331 767856 651683 853608 69561 46989 1 201607 270230 706269 217360 27672 311211 616074 521362 411303 159241 1
1 996899 118315 727806 181497 468532 8451 928146 84112 48152 998287 1 450500 681207 977358 441055 27140 701326 253414 566404 417962 61493 1 688742 641943 12048 107049 842965 394660 992199 362069 683566 571610 1 281662 826245 929670 722558 621443 277934 201364 36100 517993 145602 1 592666 502477 647167 928284 675077 19244 547162 694436 321114 798570 1 59978 373443 650751 866485 743523 295579 795658 819846 40754 368378 1 162196 39255 523748 202347 97397 91181 82502 240496 472685 810622 1 801546 591741 447711 834059 340654 585088 409964 863353 168910 634783 1 240886 222320 307340 425664 215842 813189 759163 463227 747334 784673 1
1 612732 291345 528090 182317 495458 291011 687713 608595 36078 611602 1 876164 191153 735850 111188 150487 566272 126708 484039 920727 950860 1 169474 450477 982722 481012 771597 789225 564448 458547 979228 198362 1 26590 129931 995301 433981 952247 42985 339808 473758 193467 620414 1 84582 815504 782767 753253 644243 986745 642910 713959 530498 324850 1 765911 637134 63415 716777 777674 732220 126870 943937 102889 75665 1 517758 369248 218874 776539 342581 646946 114077 308328 19038 801065 1 92090 833673 648524 951059 785606 519671 642572 16041 509862 48723 1 360253 2838 44297 147977 717655 392741 945782 270127 200570 807570 1
1 307424 57750 3494 987670 533585 732259 491516 673583 166329 515470 1 968249 550447 935666 551649 409636 200907 487771 467657 461517 74424 1 744796 747823 758597 234590 863956 687031 216756 593591 818005 538420 1 680176 470717 84002 341376 962302 995671 251944 757747 498722 257155 1 796892 616338 766955 297285 44323 689205 644681 742012 140425 749366 1 506719 127988 800569 150098 522574 329607 874894 990435 651395 167869 1 167133 472483 210449 156807 421024 318306 490393 777217 32280 549592 1 679861 478097 198081 590047 81424 804975 495694 499636 776347 754986 1 430961 26889 383139 479043 842899 715758 860469 710009 189070 308577 1
1 699352 182496 903665 218448 339493 607397 342052 162565 797025 417143 1 680453 298910 398459 774927 958793 223520 559513 525614 69905 517418 1 197996 880618 60603 62683 672449 882388 381173 571425 953319 453943 1 932666 110485 692778 26766 576052 198460 272702 847319 300382 946471 1 922028 976736 559029 227797 948140 485409 450123 943467 676426 670233 1 605227 656878 824471 43753 849039 628269 195460 126741 725802 366407 1 91755 676507 212267 38612 553242 840878 59758 180079 117342 898608 1 100308 463672 673056 441244 696376 521895 730192 659343 222287 996295 1 445169 805196 843314 617242 736146 78647 64916 207268 375494 377179 1
1 112620 693528 994895 444330 158315 884525 720884 270220 990480 699534 1 991502 557095 532342 691712 33072 934985 733346 665161 262804 591921 1 608724 585562 11909 648009 71350 789594 898613 136617 765057 28411 1 791257 171041 904944 481786 147250 515327 776443 36675 282071 990109 1 842079 40199 982780 681218 287032 534413 377670 248429 855837 762284 1 317096 271490 940432 886508 80564 469107 240840 525180 417317 319764 1 303958 921425 527116 934470 684072 688096 111871 945875 207067 802398 1 421973 871097 654402 15807 280004 837309 277508 108186 262238 318302 1 771905 643021 507660 258302 468262 218128 223679 818852 411765 790703 1
1 145336 177677 405894 981249 443626 618654 419075 240894 499876 569051 1 277888 459013 918257 689057 520419 745650 645897 167184 27802 717628 1 405577 946344 976869 748968 665637 559989 264901 764527 932838 112369 1 594864 100949 851823 119601 590530 225828 830760 874609 362783 275854 1 358583 235428 181200 87503 950129 408360 46815 403820 969739 260834 1 366719 69998 825413 973095 201216 728544 439006 363760 462367 252914 1 474975 515754 618053 283517 11856 497284 149127 729789 186338 51727 1 755469 378916 796740 194387 939274 261407 934752 842992 341669 690594 1 949749 698886 832991 587784 587888 977273 562597 919024 388116 22129 1
1 73439 495017 422410 284312 646797 667910 408172 616251 375498 125273 1 955146 281352 259266 119009 82831 28603 242066 327263 695699 123027 1 553903 990290 339653 334477 89994 663753 212003 952815 617017 924033 1 846147 825899 796460 899194 28652 134469 308053 835020 905047 160599 1 692201 653735 928630 269170 450820 618452 114034 613383 663354 486052 1 279273 355218 293759 441566 981693 494931 859228 462067 301937 978802 1 778820 303101 940081 147209 179215 122687 770031 569776 776482 19535 1 339437 530498 509674 107470 465975 624700 573457 687139 242855 179572 1 408524 362868 372600 41065 675108 209385 217274 854588 104627 492565 1
1 485772 994070 532837 780556 423229 281086 817773 848043 341564 329885 1 63183 239453 105358 753686 816687 841605 76648 360031 444251 413653 1 610113 589761 474083 73922 945184 865052 314339 697017 568839 411783 1 419970 54322 917106 983710 595279 297683 951287 105902 800396 607412 1 378294 691626 626477 359623 566886 950432 648229 108853 32764 750697 1 510179 61648 791045 100834 670983 737458 373445 443348 990371 382606 1 556686 718676 519765 412516 182546 71830 103061 994616 465259 641795 1 16360 100594 900214 74253 187630 901806 788781 692572 691190 688127 1 41559 105638 597334 622718 893353 334521 950892 858718 69373 130524 1
1 540348 833107 149188 724870 991670 274426 582263 487507 467623 975349 1 237079 202269 846253 475954 162737 357491 352185 333732 759821 217745 1 906503 886255 589408 923328 765685 495331 398288 724274 918187 510225 1 861528 486536 179688 682087 296282 538748 355767 657556 643225 274251 1 411574 869478 242744 687177 655079 484630 519012 988755 357985 504059 1 452345 336528 955121 67797 725314 333566 341439 579420 631503 643870 1 290764 386597 37162 536007 601985 750609 240213 412822 444632 47312 1 672548 283705 931246 427884 955210 967879 437185 247175 869421 213213 1 821564 522870 963041 756330 181619 825214 527450 490274 222076 459991 1
1 588512 98979 403859 260726 212085 788953 254604 987776 978966 871423 1 589101 316583 797896 146777 660755 670763 96238 642746 778519 188677 1 418356 762384 436064 545724 817941 662762 837057 949391 977837 530883 1 978176 793128 895795 843962 779606 553801 6455 437257 80288 674104 1 871732 149809 744477 248884 824027 149960 328397 596483 41884 223236 1 359540 963014 659048 384277 981311 534086 892448 805896 511609 121759 1 593175 776338 77297 3732 710568 883744 707850 313875 242147 118894 1 954990 424775 703126 695460 486069 482935 267045 720547 400059 251652 1 854544 508237 424193 296832 165907 612618 212864 833852 377372 242527 1
1 578042 508497 457587 136296 402731 322741 373752 379309 42526 858484 1 521411 608634 343315 630908 415395 709077 132751 38058 14357 29844 1 165682 223948 759571 888379 986908 955995 303086 663172 133115 317791 1 662510 968726 18116 153960 528611 247955 368924 138938 879516 693745 1 569294 38903 179123 163103 956162 502360 588762 476300 952261 191695 1 402064 639513 572623 315025 318002 573628 590075 302070 496474 763433 1 833515 577750 563924 828568 843592 434957 315182 269605 452500 973731 1 473027 160174 848038 927515 542170 656487 977074 808135 707152 312085 1 21498 622757 283282 932724 256082 261993 342498 142944 645264 32567 1
1 356097 687479 826043 668008 353730 394281 299616 520248 722896 887607 1 183041 897757 664841 362974 126046 187067 898423 971978 892440 418786 1 120028 139127 255621 609870 730120 793103 865041 842385 403070 32044 1 46087 6540 422279 831452 801802 635553 9021 300604 935551 185358 1 190951 421595 922687 432316 440121 745758 828581 236399 178075 540105 1 476641 307069 309788 468042 707840 594011 803324 318540 496947 425829 1 645762 311279 980274 867778 99520 722653 995734 150456 880727 531316 1 663303 303139 446954 178276 331789 38017 142777 892878 940400 383220 1 139656 217122 152729 28896 593971 734283 647221 362659 570976 914692 1
1 192235 574827 307006 467867 462744 181202 637405 742000 854270 326007 1 882178 998171 281162 510824 238551 325525 152671 703055 221891 575707 1 334811 386349 224122 573943 778778 145219 527 929135 11818 73658 1 424013 268266 665320 188999 708343 528197 290569 61053 890535 467026 1 915441 582752 660607 918156 462252 718328 241527 249364 112562 437642 1 416797 741513 679423 702503 625259 340685 156351 721641 922085 583291 1 689995 964762 952738 996612 19550 819785 850370 539878 207206 453596 1 586291 960590 925627 934605 646724 407034 67539 701332 311553 559276 1 310529 850534 993780 2800 182350 849871 334083 493155 606021 41904 1
1 103268 667552 766268 272809 747274 279876 59858 603499 280853 902662 1 289093 734798 836444 478021 248397 751766 227442 194834 74232 84042 1 553178 273833 790313 687288 427945 7506 716140 489938 252725 559752 1 862804 743366 511123 974243 124011 567051 898582 646834 175004 886915 1 350254 660207 564382 836271 507255 229566 102645 728477 98258 20937 1 826918 546866 793054 869228 705393 163260 459443 679789 338633 974239 1 425513 851288 719956 629381 417298 95295 7149 396701 129006 569364 1 958094 503599 550532 384269 242280 658603 794628 581788 77819 171822 1 835396 13068 523614 91143 50558 798130 849039 652795 537902 193017 1
1 531178 922898 319923 215924 220308 943204 558141 232443 999174 150746 1 810539 953018 519439 327558 13569 372496 667493 876694 477255 634406 1 314721 285948 972754 820928 147756 594733 444141 700567 342301 693238 1 164170 144458 652269 327138 158497 74369 26438 603532 145425 92048 1 267533 790705 17662 478822 116565 862060 20629 463149 749344 626174 1 301848 528414 769528 533412 460226 323296 712620 745821 254056 193319 1 827192 901123 675670 403449 686944 645655 515948 827379 986389 920251 1 66099 600294 147056 13285 326976 655321 422012 945133 303702 977942 1 82128 735324 712719 122493 71289 169395 451045 577636 887903 249893 1
1 840556 812187 280262 125173 163267 890925 954708 367838 383164 162940 1 847858 744502 776910 433666 363991 784332 400135 849267 874265 961568 1 770199 726025 318313 662835 685142 245586 485593 399675 397882 683151 1 881162 635677 829136 297642 413498 112645 753804 225411 217948 674803 1 207491 255345 582174 176241 701521 914503 16509 191620 857987 801535 1 444733 157300 97638 545491 493261 936777 483742 1654 264333 934330 1 903734 410307 484081 948493 314181 900353 483464 243254 536784 132123 1 180346 331549 244437 821222 733036 862623 996111 101904 642347 442237 1 102711 622867 45325 316569 346550 290273 116479 245475 938063 535124 1
1 868834 606385 355093 446092 855788 172489 941866 778522 856339 347170 1 679356 640569 506139 801914 812691 867195 390396 224925 64958 423550 1 612690 523969 918405 884024 766724 731818 34982 65908 754738 81971 1 976150 51764 488596 597540 363023 247874 976040 43796 217075 409479 1 311633 790407 362109 747919 495188 923642 259337 859601 690040 438219 1 102052 715674 573413 355603 577839 394743 961918 966166 709970 572487 1 254315 899697 778594 980917 925686 812263 969620 673477 925339 340016 1 756338 374055 702293 885787 421777 262117 2830 876600 885579 945101 1 611475 937854 506560 298887 174627 433277 747894 807927 908281 885856 1
1 914280 125567 858986 957722 149609 596327 970298 349341 715905 398565 1 380015 35955 658247 325483 868447 760887 959437 699086 464572 377530 1 783296 343148 176520 847031 597576 867620 589734 117865 605352 134073 1 571110 848273 945701 625349 770772 912594 499217 930514 450918 879945 1 778441 557566 412064 243012 485056 515156 903272 748045 659257 823778 1 768278 473541 50180 182784 881874 891213 401202 810402 407961 553464 1 340085 956650 337553 123834 922574 952588 584770 755505 477674 714515 1 51224 76531 875646 494921 568860 110988 739018 601475 744249 776576 1 135909 974331 721946 779311 468237 638186 3608 252710 162908 431626 1
1 131067 377040 323845 151524 204613 655713 606681 742939 545524 102157 1 908155 453943 406756 927356 78133 177833 580964 593945 222147 181693 1 660465 323888 228819 293382 79202 610032 264109 102990 824247 472170 1 628837 657210 563819 217634 516463 806786 461174 899877 307112 614678 1 702722 180445 157830 902124 90586 96776 952609 106940 241376 405447 1 160560 379185 48944 120797 863034 970240 275214 347524 122979 237713 1 60437 121792 699429 735954 84145 624787 916673 191665 914137 963996 1 294534 979186 51067 166219 450968 873799 36572 343213 746080 97621 1 395114 292329 132098 509542 143681 289081 617845 573393 536858 586466 1
1 808773 432585 559469 220949 171837 950582 877707 783010 713544 715397 1 857376 580543 792755 932153 548769 600431 685776 724063 857778 3519 1 125537 210779 918307 776348 821046 986751 364403 994689 696531 113179 1 66639 904214 931199 363312 589081 37552 870717 106216 572701 35113 1 571352 107300 634780 995736 724400 733511 441265 198359 973689 865977 1 934760 307867 769765 688142 22198 372079 838981 654330 845939 590877 1 155297 918525 331135 326748 441336 552544 312721 744254 295198 824106 1 164771 719791 323582 181472 8588 930433 876004 790597 830552 833658 1 634970 682361 445184 396418 406079 847840 166337 944390 365701 306290 1
1 629563 489708 980448 425259 458276 910745 884972 611155 315106 784007 1 423563 42872 224110 261612 773243 567751 997713 12219 644091 993496 1 484921 536945 139911 404699 84806 934166 299794 865387 565952 417228 1 698148 167414 666694 901001 929436 905027 713052 638948 658503 316725 1 885534 468245 519227 884765 155495 116967 463051 867858 245017 537630 1 327914 535186 353656 308990 278323 946388 364885 246769 125983 306496 1 15864 820284 907669 369496 599641 974337 307002 843703 607642 368292 1 694360 900210 591486 226238 299704 859301 392384 734795 121315 790359 1 694226 449489 789133 952443 671014 411381 697455 944262 145914 710632 1
1 606531 910491 380686 369643 418826 175804 969504 607299 74607 315894 1 12330 679370 909211 924917 631827 990243 189464 396269 925551 401655 1 725951 366332 889045 810730 491868 13739 606137 598939 779554 370056 1 913189 647219 200344 525915 70664 22257 978146 24173 536461 59084 1 208089 138768 695990 229955 670109 636212 61892 393941 463981 386672 1 239097 885489 861081 272898 204179 751596 706310 14973 794556 751254 1 804684 37553 577730 468499 663991 242989 184039 618546 566932 181774 1 466627 401728 425666 675060 37127 439285 390062 888456 795126 23249 1 972781 889567 888181 512761 397454 553060 352076 689458 36007 381483 1
1 93448 673977 602415 57948 913427 192129 854934 769386 320036 584746 1 649790 397925 719036 428183 83853 255589 439263 992690 990349 387114 1 68895 289488 570538 578803 826225 326000 845840 125646 245042 657958 1 57571 577000 775372 508435 629545 553427 378006 597843 930724 688210 1 882538 642617 838986 310916 921043 628768 506085 535799 185936 830553 1 939328 138719 325080 700172 188759 95097 376153 808157 9971 588301 1 605211 25109 419905 763560 906026 418999 626463 55873 746528 579221 1 15263 519193 728528 413752 984809 40334 293424 665555 264518 874696 1 194617 562611 406449 160665 617527 795350 557017 334915 517003 495852 1
1 920049 277286 409302 936393 912716 88008 846031 688649 692044 776204 1 157587 671741 720038 364345 374026 351863 200539 315708 208650 741164 1 921397 372203 305658 74093 507836 99698 397097 33471 923670 13686 1 308104 708463 500739 96607 74038 719614 844308 856290 72231 995525 1 381256 17543 894086 839381 998190 566540 183744 847722 688428 958623 1 908133 296292 791583 490240 679312 880643 454904 792432 812939 132620 1 655649 329388 818277 599588 218311 643854 758094 824971 276344 958399 1 715789 739988 659744 666294 376872 234458 149895 839073 977585 193661 1 589748 343177 476438 566644 661673 738533 725328 281617 283226 447521 1
1 192056 667581 341245 295512 943193 102661 610851 26465 2484 864115 1 605785 75054 51153 147892 663331 155768 85936 974126 804012 228063 1 155853 430091 235605 396063 779275 727002 381921 697142 670839 187173 1 89604 396609 541861 360 840120 432809 962086 519697 137958 156582 1 57389 399606 186650 934863 83521 229896 242794 910413 323113 625100 1 490807 65958 750932 36452 767476 262927 579286 603263 4298 796716 1 643679 302485 995286 934903 90344 798652 519992 743181 393875 330930 1 89688 330950 53225 119993 918881 97615 822583 974776 618267 870293 1 109193 764079 939414 291079 433517 792964 519039 656991 961446 675144 1
1 419083 210143 236157 168715 458251 375598 25912 866579 518381 939794 1 61304 753785 272886 41309 362473 478420 250689 465822 970691 86681 1 823765 303526 148056 492421 24893 818675 878775 921024 461258 393484 1 648733 15760 674185 193016 84495 999638 741233 870711 983885 280210 1 517265 550740 817883 358804 715472 49617 636902 151063 316991 435137 1 155163 724056 127159 528217 480509 268862 329577 488651 562851 13995 1 81603 758039 325720 706452 220547 924716 286634 550104 264298 531000 1 905807 699239 259359 238632 202430 993998 287383 831288 2258 298455 1 65685 563227 770423 473321 159649 820628 401409 831610 375956 138340 1
1 134369 248919 391375 526971 634218 440497 690073 986894 521656 231075 1 756818 958856 905719 143110 368070 765106 400265 507645 162292 553331 1 631446 988759 589838 496161 261515 169915 486535 532216 16028 202703 1 581028 329563 233511 600662 100677 784963 615369 37029 694400 150444 1 428210 36600 649123 606734 224986 856524 532531 449839 523587 477167 1 347205 263407 923607 435152 812974 976509 26412 511352 587976 495445 1 24680 809498 560622 109380 787206 59288 183848 566284 287160 387887 1 864128 284231 781689 896253 939397 456358 303053 283519 943828 716080 1 50527 339673 162680 245689 650799 703794 399428 978428 552647 166324 1
1 958005 540965 2410 719408 746614 802417 488682 694607 66613 261889 1 69778 149154 191507 803051 663900 180438 374560 494858 864418 787395 1 17440 316105 37827 885117 646139 763596 181785 797009 382917 366710 1 977747 670765 383279 769924 997279 461073 524669 493275 735284 733543 1 412325 133916 210698 508560 205809 726157 564769 645594 616726 737411 1 393999 744183 179507 829412 622696 489962 379568 454929 788198 21266 1 121674 912034 121179 151540 410473 441052 24495 191012 637943 33070 1 18056 587648 293216 346058 753102 845452 625015 436676 506772 352652 1 977115 972579 485311 656140 512696 687980 564837 194413 682515 766543 1
1 883195 707338 688362 494050 855882 76201 991727 409857 658181 508442 1 448375 658491 507408 338281 428999 695057 399916 480235 641849 133897 1 408103 57293 363952 638599 888131 920079 913603 820944 482513 349010 1 646708 153970 703859 298208 131255 845588 238787 822136 742149 151854 1 680743 627271 529444 947731 823743 414220 883555 414831 990086 950710 1 962838 119908 657798 254076 457383 881737 364150 826887 918713 388400 1 533013 195961 272380 769783 389432 928275 650179 664438 137014 411585 1 37448 678293 925295 875750 557243 88636 558465 953762 520475 65621 1 887742 810420 532597 930430 268375 212374 913256 487033 988340 519578 1
1 840202 644347 998937 613327 375234 638765 634103 475726 127556 485854 1 215741 837358 723885 816700 75167 831263 495849 381344 716538 330307 1 213574 431814 596696 318219 587922 443508 157155 452792 137384 486013 1 74618 51678 22954 694199 342804 371147 843680 329648 727984 12201 1 606326 133815 548222 902357 106514 501969 119011 488525 523570 839456 1 944605 128925 262766 737820 276078 618618 95905 636965 988836 140558 1 588187 724834 310064 643249 449361 702483 703359 605349 340438 417213 1 553698 789880 879740 245123 103728 566513 34118 787976 87451 98221 1 736286 814845 133146 537230 471032 162638 594580 898568 18030 28257 1
1 341537 452241 395048 232522 500427 535971 80738 89958 252626 150644 1 714261 607349 699189 697625 459131 607498 795659 57143 782468 679402 1 958848 868655 483056 103332 57806 650263 418753 884614 385470 277248 1 852913 254822 732962 497362 686005 732429 674493 509225 779262 587335 1 445204 906161 301465 939747 798759 237494 333873 713665 270365 917558 1 532990 111380 765198 616632 757353 871801 90176 374299 212924 699746 1 669214 279526 769074 803373 18373 430580 798231 179185 574141 147181 1 489744 769535 490276 794931 170741 787544 111870 693987 700674 239224 1 11390 538089 216204 769754 924957 544628 82646 903276 84061 942731 1
1 82463 461505 293068 154493 20929 30389 389960 244313 784892 243765 1 62325 311029 305416 162303 361570 172750 516006 126973 34358 42654 1 176727 666682 139939 471660 366385 743367 636345 434571 3725 854702 1 116195 135730 916618 473628 930477 501822 807892 781981 670556 280438 1 9107 923734 818704 236172 253493 566446 624696 408467 128464 106376 1 695682 513999 113661 319223 843221 914355 980831 198862 298686 597057 1 263195 506123 345430 230327 265884 871779 896785 676472 694690 155155 1 189726 878765 415542 941705 906022 362039 174444 767365 110549 633344 1 443892 777002 65101 81525 174661 133069 235519 602792 32372 827129 1
1 543900 120789 586141 549183 115602 993678 542246 896684 296565 435320 1 217528 798068 822172 986578 136816 293353 397445 299456 732226 917000 1 66667 966104 504973 154016 310164 853545 632981 887633 334717 273735 1 290299 148387 218724 997821 854771 471319 38126 582124 637495 876130 1 729648 613871 527082 949561 679233 361374 589991 524779 863946 854221 1 654445 701321 69470 703273 277498 782744 188137 895960 543375 218860 1 156826 656256 376374 353987 80387 915678 847550 131309 542763 478375 1 107789 924175 799787 498312 99616 716131 488003 821532 67380 286235 1 506011 216977 519538 391912 652042 98684 744072 782309 11980 444997 1
1 722353 502631 517686 904431 869876 84 316334 948928 768653 55736 1 882143 521639 129449 240295 175207 378548 218972 570502 392017 605967 1 792787 961332 471886 145076 570967 754796 254893 841937 87408 150519 1 988845 898454 55593 815389 761623 466890 480946 271173 908799 192531 1 171393 719215 351083 982525 813874 70358 494148 356639 403450 245852 1 818101 789177 876227 64095 732597 523626 350796 624583 733358 575628 1 355048 154282 409512 682913 414905 529200 254582 427865 992592 982469 1 54864 819949 685265 733569 536726 636712 292633 267434 522665 86055 1 475943 471491 108608 23802 506234 666873 908025 979021 220594 220636 1
1 95082 914660 794826 142870 340072 115123 229333 82861 56427 865778 1 772996 164911 696946 88064 662293 629435 593114 475099 206674 750860 1 84669 36963 970072 752451 375348 741423 998876 858316 948945 379607 1 834558 239693 802151 875565 902027 664238 425689 199974 231678 579692 1 890122 765758 505875 376616 167504 981783 110283 971434 524086 355590 1 863227 992404 25654 350322 93804 274333 280053 153550 790088 937391 1 310050 720558 938630 170005 57247 309254 752768 994060 237028 650755 1 318340 595595 880451 131148 904913 895468 513676 311168 237193 856510 1 696188 380948 395301 992492 751482 929547 768352 693810 804974 594012 1
1 924150 613532 959185 633098 72848 369231 118932 321142 254365 951629 1 368877 776813 14476 797234 717812 417496 718591 356608 506193 847228 1 243010 217583 409274 304760 411323 491231 732557 857868 799839 863009 1 994284 2894 534129 317657 133420 452085 782279 247361 976105 270106 1 156095 237355 579051 30015 826250 585303 413995 21983 252603 471122 1 225145 543433 47679 855332 566754 471266 742563 776739 743678 942087 1 50139 195442 455207 644629 241884 523777 291074 888245 882474 216324 1 813842 871547 204439 603547 554607 157541 49136 618562 817329 266776 1 368182 99702 345640 50143 398722 586940 894838 507774 111012 898718 1
1 957114 727838 650508 417508 125087 937169 786709 413843 585706 86885 1 393993 858383 635133 230839 151396 877155 843548 834178 934333 126097 1 66828 9819 869317 219968 999065 523378 346259 862362 774877 408647 1 340671 571457 630605 614942 721081 65822 127025 635630 148531 648120 1 770909 257326 44213 818250 517357 406816 323486 86563 304420 143667 1 778272 634881 455504 489058 96502 46554 392076 982437 630915 539373 1 917305 642166 29751 624720 548924 825980 224562 695879 245890 22153 1 193139 416057 852440 319131 206074 410317 613575 44632 246493 551932 1 4561 868095 477937 453012 714713 553362 614267 658880 392255 207121 1
1 828237 920850 978044 96390 147650 346874 548872 450804 244841 700173 1 461263 681298 853273 604655 281350 904232 397112 761031 110794 7368 1 825827 641716 433567 496383 148988 320665 204212 66526 846274 59530 1 143628 897921 290568 600899 903530 520389 890070 696431 982647 487456 1 290818 874145 36755 740604 121065 24635 64143 171307 919118 324274 1 174989 372921 798063 515799 312103 226809 482786 290957 183324 114368 1 42539 932057 992901 958335 368954 897389 963887 204182 393675 355102 1 259211 829928 874876 375558 736210 179464 58309 393670 545136 613356 1 468864 366878 900390 228661 324786 531949 787202 126476 604811 347047 1
1 649802 913158 755027 4611 881791 406838 52714 391610 984159 299942 1 590624 662867 481889 554682 73774 845483 226159 291200 643064 272145 1 824621 547849 157010 116436 815942 210528 727511 594566 823910 858085 1 850499 473007 520604 625979 802911 384529 546850 984044 818025 679345 1 882128 919787 497056 631346 890407 571364 697364 725479 466128 175337 1 376331 88140 956435 711868 81681 692461 564870 223562 949348 78570 1 734155 947575 959262 123663 469400 652414 891307 987242 768323 480091 1 766254 792790 250514 108960 433456 545317 299073 851957 296810 783156 1 211164 849940 612060 853225 453579 57917 977814 363222 57357 744512 1
1 52605 299453 689991 873158 445335 998155 970087 950736 549872 733285 1 380460 816879 926709 111266 635380 74674 958697 541897 226135 667328 1 832484 822426 826630 874071 576918 285132 686066 81311 449168 407449 1 279428 501245 934680 671247 756260 961355 272087 566903 443474 5477 1 406508 684113 199036 135101 767426 127738 637523 679801 929922 155370 1 984544 77147 701251 829473 160399 927256 996393 798453 206856 545398 1 244752 337677 720356 588755 316271 97658 422970 757828 840488 752630 1 888402 347846 616362 762679 346863 891661 775328 176220 822419 595217 1 790536 945870 988072 749785 343961 671064 224832 835637 565341 750332 1
1 262614 417124 616648 742837 732175 406620 993409 379809 200646 562691 1 933505 818635 411484 440052 877375 554002 105159 318660 181971 114381 1 204447 675777 868855 839020 252173 807467 508079 343638 557216 395623 1 483478 70690 814917 209592 40688 621746 350131 658827 662079 150821 1 286356 946604 555524 874472 732020 684836 618231 288396 261460 581275 1 408081 812378 794123 381832 380798 541584 922621 552208 253113 741242 1 314729 528164 97168 901930 211064 609283 79550 510504 731444 370255 1 440215 883482 22504 457856 913797 249854 638837 755346 283190 337739 1 181836 362625 790981 612539 607023 313531 932701 367229 299018 317625 1
1 986925 693110 985731 517767 29478 570628 255652 570997 568052 939402 1 665092 687019 653303 19898 590840 429949 810403 14593 821912 128118 1 620495 16371 326121 912690 836124 503247 366594 859024 547597 884112 1 621 748500 115313 950479 721504 150728 849114 264745 792849 536759 1 376025 121587 584039 116452 121738 81541 325387 277598 884919 818564 1 49796 835405 71419 635500 689221 392571 315151 488925 82509 345870 1 647220 326211 92471 635754 680296 420405 201922 297330 577013 823188 1 331372 429974 979874 497920 186736 387948 223375 545738 453542 393919 1 849604 955892 348322 334488 578114 556548 724973 74606 118288 493065 1
1 689804 715297 116950 319588 992546 167895 9328 712415 629899 937175 1 316547 903921 169593 929871 880226 619661 23156 741747 684208 108929 1 513854 6328 793519 680729 149347 276714 899562 938778 309690 995851 1 50652 55849 448234 453141 373197 757305 105442 612107 629844 769281 1 157877 406564 970032 345088 910740 161720 317076 276761 780048 808735 1 833947 215673 295475 523987 821632 504808 244282 620960 880178 593400 1 838628 373268 699853 143325 754127 861886 844473 555056 314421 643088 1 425999 924800 174899 584820 295765 479440 220019 699193 517794 69640 1 299231 861830 228520 542923 334362 792022 955694 715808 864596 969074 1
1 777754 929057 12113 830876 135426 497724 332234 506604 278816 358698 1 392737 707041 218061 184668 936275 700695 611867 42322 717404 228388 1 864893 294637 985660 2936 242895 469009 321891 643696 439150 670554 1 306423 292527 453883 975309 906546 177918 114251 674037 227347 231410 1 732029 668373 555289 521920 366001 542035 861749 938627 971348 882264 1 828843 144004 563411 591698 911965 257552 68805 277255 70634 811357 1 396322 890551 849139 623875 648745 732364 322186 251657 274650 58840 1 336742 918861 657139 679336 112965 837637 362688 76794 58453 992203 1 548425 999533 542910 712985 704191 783738 27967 12947 987539 547184 1
1 554833 574813 396827 58980 896782 726424 221731 85878 956457 204430 1 685668 493198 680316 74133 857725 250269 650779 950307 527635 705925 1 104181 965356 100958 380549 435251 164112 185271 342601 153077 222919 1 956265 560905 500522 561224 871000 844584 246670 22111 651074 978368 1 590315 499064 41740 705037 824320 18355 789324 231411 341199 550781 1 447606 658091 258890 788097 652914 211181 216535 939869 636789 923848 1 833536 730508 239102 660059 780256 267634 982573 856913 41750 271006 1 131482 638767 493087 731842 946532 625471 732339 575533 350698 102627 1 646094 460467 113239 664551 708620 261672 790865 706306 961434 804766 1
1 568062 614043 473675 429314 670407 782120 957311 916280 970637 272305 1 196441 585348 470196 786142 916523 885010 685930 108859 991282 319138 1 641538 838547 746836 97798 499078 728943 737268 622924 878563 638255 1 369563 582502 1779 337756 583802 876954 256601 292748 221711 31401 1 602639 204340 768826 871536 69448 676604 733720 74266 536169 875336 1 680601 180734 757405 455417 409712 313088 352352 417611 796426 363259 1 596391 792619 645209 43669 729877 309550 462531 239146 129626 96853 1 30265 37638 849896 842108 816108 803458 512118 844206 903806 823499 1 857275 208927 328715 312151 53188 697699 678724 861460 816852 337041 1
1 713964 412261 875373 128254 948988 434483 335846 702797 813205 812570 1 136585 652984 71982 836751 670417 787566 991787 237727 305773 178936 1 928509 331172 173351 868405 454333 719535 656423 81495 121120 607206 1 460121 326995 83439 312464 806625 169312 69214 865265 817696 773643 1 570925 936964 665354 664857 45165 503873 858689 389946 888034 413830 1 342550 238581 926075 922321 250181 373907 377024 159582 219345 346955 1 392688 553417 323369 431596 165824 115471 842640 871160 593615 907426 1 309615 479435 54321 111877 74858 994290 67191 878030 185642 687716 1 81677 608935 9765 818020 260691 91302 911211 475880 837653 138520 1
1 350478 6583 627828 107960 623892 994227 865402 147787 517195 938932 1 133497 231462 906079 132861 14328 665527 292531 97260 365866 796231 1 374833 753280 328616 930788 792282 187299 869026 59241 690984 881313 1 975228 201974 364196 381480 418389 453559 441995 342408 527753 133821 1 995776 415357 680617 913985 77167 777940 829163 573856 924994 438126 1 862101 710094 809429 240696 996523 734823 989829 203878 271966 510780 1 948799 312734 967669 478628 601992 529517 901471 842476 26767 773406 1 928292 986212 188932 283919 301728 740694 282627 218451 235063 593481 1 831172 401339 576589 696977 192088 549863 113521 925482 13202 34985 1
1 79144 567040 737478 756012 894639 167798 742021 741581 84240 881881 1 889388 890749 999023 39908 408018 390176 920485 350279 963176 459885 1 199896 760910 248207 280119 34505 246450 840227 124896 745048 993146 1 373598 779106 473433 914416 159561 37059 729869 98829 125722 538597 1 628199 734471 380241 585597 850973 775602 319781 95096 349884 54687 1 640374 558048 225208 215887 299048 355478 690753 465187 370591 530577 1 461332 415908 272748 216908 35770 390659 232527 258650 75379 701197 1 53630 446031 775409 776378 697597 466562 187904 406707 142718 64740 1 863449 532143 346960 644217 285415 539244 968727 667115 90614 742153 1
1 479675 681174 535593 502945 230802 732875 464792 199655 96135 697666 1 230481 19954 957365 37156 851050 537978 891366 530895 450952 751431 1 88463 242474 799409 465002 398947 201236 423383 741775 720459 486667 1 50507 183935 398513 719880 449671 612144 924785 293549 33109 582094 1 229393 902445 418667 811664 375850 143956 973349 100837 374547 924250 1 373891 930721 894876 585347 465330 413728 158916 886321 525772 189874 1 106666 486546 702037 409135 768411 205797 565255 434300 522816 952273 1 826993 449865 881288 545934 422871 457120 807877 658609 819500 45012 1 405724 24187 978608 854014 536172 189596 792973 588135 786610 731421 1
1 48935 436618 853966 910441 797867 624611 755181 607399 433367 349412 1 47168 149769 270619 19763 394934 18963 652000 256528 591305 905888 1 17538 914763 129540 304738 797935 151966 801429 23250 883875 319290 1 299655 33706 97 654106 636707 455191 784633 250684 894279 399349 1 752837 381486 457040 787506 765840 436333 930831 114001 773578 8599 1 37099 51193 394747 891126 122557 615261 40911 253893 198362 402210 1 438475 161998 234918 960122 891190 420515 939529 318149 455662 117233 1 988059 100613 669710 951275 189939 822377 630200 695667 73647 341173 1 785812 815835 321945 561410 88224 978381 197815 329369 668121 749046 1
1 315596 400193 164252 266475 443614 978905 782704 90292 954205 200819 1 775529 27172 685260 251568 793276 606308 535422 943195 983089 955252 1 43590 840787 348502 284891 236630 257204 363876 266029 315281 658427 1 810872 503000 521106 871150 130279 766448 372692 140046 8804 551379 1 931518 396160 351763 826720 968290 600720 753765 257552 293195 547300 1 738707 956562 868333 336379 325261 277099 844079 519528 511221 808364 1 874837 335789 691184 192366 775294 634461 132332 943067 450691 645043 1 550250 105742 730131 543277 709780 847521 370959 97652 749048 596032 1 942131 540463 241237 49030 159127 258839 720233 871087 294352 448671 1
1 138439 482685 965161 293116 884811 731567 435136 976583 323429 612810 1 972956 339644 834251 842554 873257 412330 841012 261941 491715 697281 1 97297 286836 842275 501057 717846 159067 295674 255845 523869 461567 1 215305 2843 415955 644618 15413 617290 851444 369646 431901 918922 1 733852 926480 770927 995940 678694 711059 340248 254400 191943 910249 1 868030 846706 420697 695526 434582 36168 331026 435570 581268 941804 1 366847 187108 53237 72053 233388 439731 884986 51337 486248 740995 1 343844 881853 443078 308520 778744 161199 352203 518831 289917 974177 1 906311 483573 99831 772423 713586 787861 443194 857283 621580 103666 1
1 804590 684672 152208 503684 884417 858386 335397 488601 835858 950538 1 577897 206659 881372 312854 209832 933275 114388 625301 108073 587450 1 753738 753970 461527 456059 693077 735238 776007 916645 533641 969328 1 121629 606566 707142 55089 566952 104117 667949 221496 381427 990342 1 377366 544011 617087 798712 564434 173868 620594 834141 694866 102672 1 968875 16507 598836 854987 939341 486239 184186 660306 411528 155159 1 994620 957575 482265 455731 515740 293361 940058 827571 741273 538627 1 609952 264641 321202 913500 342368 803678 488177 875917 14190 197351 1 992861 971267 433118 440706 721654 156229 371387 494911 688321 103189 1
1 608564 411884 681396 630943 144893 628046 809730 988512 947711 495751 1 985009 664162 880696 328574 240745 601066 659646 994098 792012 150264 1 538467 649101 876605 705262 387237 727000 493709 27465 814821 135506 1 802722 147363 58938 829489 836923 200666 225832 665121 226237 24239 1 77298 982820 531107 413992 24948 382985 357105 83361 183537 315580 1 230164 661276 997164 305042 406351 380856 823914 191970 750657 345930 1 480907 355404 190789 323380 345559 371133 493450 587387 317165 283775 1 330873 27453 447447 170037 587083 956390 446961 502622 40583 222163 1 718236 559390 194904 21851 602055 406553 416700 82043 900714 856767 1
1 988927 754398 443675 798764 147560 773884 801570 706894 160137 516280 1 983280 516460 280519 275491 183575 642692 964893 130168 242461 275307 1 98006 66380 695950 574307 51513 555147 641735 303748 546460 890913 1 177646 267365 526398 123083 931047 265955 652524 638441 65693 107675 1 833311 35157 662620 933841 15877 160717 775515 157798 827114 869282 1 303405 82860 936766 519215 392564 613039 78956 29544 14444 121018 1 513577 838724 229672 620126 445808 298613 325737 560421 837249 535380 1 330309 36081 837937 951409 928966 464389 300559 444087 613495 555102 1 289954 311052 1001 734121 61780 498620 764286 115779 998797 668022 1
1 960040 19767 812944 396027 778023 567746 39015 704349 563140 196808 1 360872 385557 421537 429511 565386 900611 210104 448259 343334 922948 1 136405 945294 132709 574215 741805 22128 931094 804538 654751 636755 1 176699 426416 400621 535355 705408 369165 16762 802071 66535 780360 1 64386 572865 151735 380726 534201 785456 951080 630894 361688 651826 1 78367 666333 19095 658447 618202 454136 458036 134026 266386 836444 1 342373 833330 44650 300737 698366 796070 851776 613282 724422 576204 1 170547 523932 129297 167838 323111 447235 294900 654760 617319 239678 1 1661 633138 784712 737786 874202 777173 302994 797107 340618 791027 1
1 602859 842582 114131 785618 439042 17322 676322 123646 156014 952670 1 359198 804396 604960 397807 764587 659417 878778 994125 50503 113250 1 609664 61722 167483 884999 178083 112693 696707 49108 127298 586467 1 58354 829397 750130 831740 386130 92315 594313 357055 272270 812531 1 678259 579422 271354 244989 984602 708662 27938 493750 50889 254167 1 195015 223636 608446 197826 403876 767376 837711 110052 360867 213961 1 393898 990415 179988 473534 170463 93116 139985 864496 240760 155875 1 649796 216533 554016 736932 518954 721650 743040 821502 270363 719094 1 530814 863616 119342 101911 613351 799036 579648 335965 849758 113086 1
1 814870 658465 999756 841207 428559 261433 539775 375296 792216 548710 1 850421 128129 504059 730940 595629 860115 290088 293324 14824 840579 1 279412 135343 299490 403788 52112 674024 580812 500980 76114 420346 1 831073 635974 299058 883630 552224 912458 974389 919755 133811 966654 1 393473 760998 327464 557776 324743 741988 530540 211617 792901 666235 1 406829 990693 388771 631886 434155 325025 810159 446918 327900 579478 1 731278 534289 728874 357342 501264 454673 239168 256721 954261 314834 1 646385 857015 336423 362 507571 462421 670690 180446 866524 144610 1 928635 722009 672759 184591 544660 388278 432325 145496 508481 680321 1
1 106476 963667 69010 529996 488011 201659 793817 873240 456525 400844 1 265050 727484 975099 734038 353511 886265 260210 422013 646729 573312 1 652128 421274 919314 131709 288653 67314 918419 835326 351087 432799 1 920185 891010 108959 101478 609776 961587 854063 510398 856572 524132 1 975575 212505 852633 200993 873742 149276 172218 299162 889159 945829 1 333545 976331 441801 738611 238588 165378 572 594363 30090 926307 1 266673 835121 659314 788170 652908 561169 221906 93036 569469 554502 1 883847 358070 7139 593063 639524 154484 120449 452559 367220 917756 1 31843 492674 982824 678740 985974 887269 693713 448480 982093 888581 1
1 173224 122310 224683 952316 333475 303063 69831 755850 238755 881044 1 411846 316408 786425 734610 703749 429014 416561 492966 529180 343872 1 598876 414927 703750 393604 237782 736235 483526 336118 360114 200271 1 240533 62165 242241 819886 324300 287327 800116 502871 431205 830576 1 739314 538701 708102 752938 130265 192599 877737 167320 22081 229548 1 203924 619668 567911 752113 85658 392165 434706 87146 798827 221032 1 967047 843510 712716 272872 534633 894522 190294 737129 114565 141082 1 335204 321348 284630 857006 450787 853832 906500 583869 725137 410229 1 424929 896553 276269 479031 874886 573067 498655 286358 946887 926904 1
1 340230 267896 784246 527706 33641 838387 505247 843913 497145 65710 1 22023 398863 431994 586313 690498 515370 440744 371284 109917 886354 1 766547 955963 614233 125502 162952 95949 436035 107380 490859 268410 1 975510 572120 428605 691603 494632 441917 288196 885942 946065 301074 1 528362 695984 558940 931987 433739 25978 844982 900238 460277 714051 1 646513 348144 794986 667795 915592 63645 924537 818785 195565 587457 1 684679 12122 740816 803539 458391 335244 328309 479432 248569 776281 1 661534 446156 61939 712432 121866 278584 941311 24282 494607 57093 1 158132 946159 200628 933169 223342 568329 974434 960931 970889 673227 1
1 915524 420129 320777 384520 175742 876694 889475 288766 917642 402914 1 839688 634992 777115 160129 799470 317890 959268 360441 998134 994953 1 973674 422147 971351 927388 210266 80006 738766 112896 88287 577335 1 740540 530861 393307 706053 142717 290774 829301 564267 846752 267389 1 515903 439837 335283 231722 483123 725762 177743 875112 212434 275993 1 630271 760138 784229 726477 217931 179497 470888 740717 358715 649278 1 389882 683438 470393 595348 239993 408012 442251 15195 156967 548734 1 410685 697011 966644 782604 374332 448533 52809 480231 915468 564927 1 385705 192044 309953 79824 511821 455704 837300 820449 92747 539965 1
1 766658 526077 187800 206766 288271 524178 917750 144238 778279 121629 1 694125 310869 441269 236122 629522 900927 151438 268660 940321 809485 1 924882 263043 468392 655478 341422 24125 627093 489092 945366 251777 1 237805 122801 265884 561934 443014 188178 184411 924618 750150 768775 1 264051 319894 574404 37462 274014 522963 416561 440700 752336 754256 1 391059 336042 121339 381837 870006 136436 602841 30301 741775 94920 1 425229 694305 356529 222324 111339 858107 287854 233527 718491 739936 1 818643 561058 641003 466623 178746 360189 691711 385789 404201 137029 1 153908 554325 656997 602751 432 184244 600914 141829 760766 994360 1
1 224266 711310 661196 38846 600872 801839 921561 718574 365911 886413 1 463154 33849 422825 337138 305726 69666 262839 510548 986882 399684 1 810241 578237 15374 255451 361643 12038 971740 370283 912992 29300 1 491011 378476 533671 308881 528792 650086 755228 669272 355081 862441 1 267143 97231 748995 646721 375156 775408 676260 355296 632741 601200 1 141489 88715 178911 303993 905417 393381 532397 427105 751438 59901 1 544274 94213 595814 126947 36227 984065 360932 223237 34568 126160 1 52406 856243 261245 55768 912875 729372 912263 322809 522840 453049 1 942714 717865 614455 850639 988101 127501 305665 429178 777525 77312 1
1 496819 276967 858954 617024 964238 118474 149381 743282 63974 158840 1 81467 74895 858295 267087 955037 848281 975823 787748 359346 771766 1 579349 999475 646855 53592 647980 123574 656704 798977 386119 523605 1 991063 995217 421625 97119 386747 299429 968423 89585 522056 315643 1 40332 593045 645716 48755 604615 693577 313549 799447 102774 470520 1 843288 619790 47782 510841 157105 27615 42287 111400 862078 134125 1 832817 857914 804173 394488 14606 414692 953203 923222 533085 9534 1 771263 312867 572562 580231 762685 190335 672178 204294 994854 382751 1 469458 340461 188655 953623 912294 68171 840181 454069 654463 673164 1
1 605657 775889 190252 654329 996079 889750 248190 22478 72256 465298 1 149562 920258 814499 188992 395013 410767 324384 883404 206492 635380 1 435394 438654 505134 99733 683717 712512 480826 388805 157178 497930 1 158730 963174 281337 142126 824963 577432 8199 52161 431588 331839 1 996033 765513 875002 864193 788342 679236 971184 473664 391957 165760 1 833809 222145 46990 276589 6219 615715 886253 519767 635969 558240 1 239493 242251 235670 157203 324210 937599 343784 672124 718839 709736 1 954830 344953 584562 948725 398858 490070 430387 580218 358232 205458 1 659677 175048 994294 65691 730651 963100 758936 213614 571881 102294 1
1 722033 22529 703464 839619 304727 437271 528758 664948 517542 865332 1 834721 100877 809853 808331 970719 401905 883351 500933 971945 673804 1 852285 924862 335417 52247 724620 32157 298428 800428 298848 372752 1 400910 923414 372260 775793 969219 228770 563262 824964 60864 893162 1 35798 873339 169735 700028 913988 61410 394388 740523 511856 990553 1 446423 585544 896412 549186 441893 737559 789055 387161 302603 858486 1 86108 165049 927000 894399 230339 525286 50437 554542 83530 597844 1 724099 252091 927972 111956 956888 674998 820043 935787 851466 848640 1 658367 510875 7894 289756 710749 793034 740096 834351 92418 865529 1
1 135186 525738 476369 952253 576654 182425 322146 303275 341109 765685 1 990511 242294 412142 749604 911858 470140 843577 732540 200312 841818 1 297152 487610 939705 253526 121482 245512 654447 138880 171459 712225 1 78197 615500 440905 507331 784296 781631 209508 507588 953550 461192 1 275551 438502 502979 319407 882809 568665 144577 556972 12826 622642 1 797487 541283 80536 528412 639783 584342 497518 954875 238610 724899 1 971748 569733 811736 1157 111896 770601 600313 714355 546961 303848 1 530466 230605 649562 812245 338855 299043 967777 705045 277096 487874 1 11521 956023 823458 455567 873258 14870 602033 460156 605165 389889 1
1 495796 993063 948192 373536 899936 565190 997683 850423 944906 541541 1 572734 597049 725993 485029 284852 373863 189633 896771 207036 164405 1 715586 629137 120935 539678 885331 847298 417877 372664 988022 554293 1 701079 217541 178513 562928 669363 972482 96145 257076 775129 484316 1 843054 714189 859837 10285 359632 975284 267997 631402 231946 450686 1 260413 709581 44626 186729 899921 820798 738773 672527 756788 688470 1 963064 769567 723405 975043 655163 224430 488774 793965 461486 259388 1 77654 804458 605410 843270 858527 824566 613743 998898 212652 617664 1 854989 836030 786714 212669 919017 259673 4967 90701 128915 339883 1
1 43688 21441 807869 716161 793908 470932 883698 251048 567624 589571 1 817630 675474 753630 566878 132815 778550 139556 818817 530048 709532 1 244622 882823 429081 200780 35900 911894 294200 539542 409302 655139 1 748484 211510 386324 151313 950343 491314 931520 17666 764816 319893 1 521326 279430 589437 328812 541804 788736 440864 45008 671355 320439 1 144183 518612 257619 714588 160840 538142 557313 34121 627046 242933 1 153224 482742 351413 99425 527220 60187 45979 167603 485603 229965 1 867359 489812 352724 62931 5528 494684 779794 295949 382202 369434 1 992444 294247 811105 83867 317218 725076 61077 363257 602120 934805 1
1 308246 200911 544434 667604 341550 995484 576131 985799 222483 527247 1 544489 342644 539317 846748 363262 404702 961586 314626 425926 280448 1 867833 817483 840884 419449 84802 293082 16429 720097 404629 491968 1 20706 41988 668262 209034 206927 566541 645030 103967 33205 660224 1 477368 935688 736503 872025 501127 549571 180946 594097 30029 844702 1 68974 347139 82653 62433 849628 115883 343464 436217 263816 36477 1 560471 944654 396929 102684 971143 461116 889684 503690 756926 203695 1 836921 938948 832219 830733 301335 120120 539633 962655 815454 491442 1 17699 374187 663504 8593 744834 173810 609866 504676 365504 936549 1
1 722727 804586 994868 168042 902508 714224 642254 860420 545179 751377 1 429110 777268 34394 539406 735611 697886 368838 480791 408467 877164 1 166344 189277 70908 922704 533779 525976 963017 124057 365825 10580 1 649221 718370 953568 497628 31476 820647 42550 152981 175454 6665 1 116753 580450 340883 778882 187275 263725 501993 761050 211144 658075 1 178814 181652 919356 295637 786945 561012 309699 773527 173167 457317 1 250059 398420 160721 693665 304680 384245 842971 335992 265124 6852 1 930429 766838 476574 392608 130592 182534 213420 40777 480002 602907 1 232688 573283 82861 146361 23670 339191 462066 811189 212526 693997 1
1 244584 452766 831644 239053 283012 311946 136544 317653 250780 940721 1 767853 409503 482624 734971 644225 515831 245612 711472 304589 184209 1 585325 148522 435477 712316 885447 317098 560859 719637 598228 926329 1 838241 782134 453173 510900 216912 835643 399493 802613 37836 546090 1 412964 639759 85931 238310 730884 371163 714305 537675 949533 57134 1 614771 676480 331981 48080 801502 624211 960693 992476 795250 919667 1 52386 427393 333346 23126 674586 619272 72937 360478 44548 316102 1 246316 952210 803518 890964 977665 626824 269114 978869 49209 910916 1 273601 644107 156135 489623 976477 671812 282112 696167 29396 156257 1
1 748190 934961 476807 321524 863764 697168 784351 975524 623318 752776 1 350679 293220 519661 634004 318754 726229 156623 363490 726737 327078 1 559981 807302 346144 192231 252174 789979 331424 451007 76330 626461 1 805439 250301 721858 762913 115801 686935 869648 622859 174136 496381 1 740660 548701 704625 849303 501966 872005 363223 538563 401321 59780 1 868106 54267 636181 294500 844414 421852 656398 61891 281915 39834 1 122714 884008 985704 1092 332858 323253 97325 416521 220591 906914 1 546986 863470 570836 706174 358282 243856 454327 187964 846641 288463 1 336343 956691 687600 191454 633884 241561 827905 52029 982790 735666 1
1 57537 631150 977949 265578 33612 726035 353202 71396 228152 902123 1 399574 367511 455260 889232 646824 817529 289835 990024 823549 46922 1 378310 157512 323690 495592 280021 562405 517707 858047 417744 932928 1 245573 13303 733853 232397 448128 391252 517756 892723 77210 10164 1 630027 34713 327525 187040 481977 745889 508696 165687 544502 225897 1 887110 43521 515321 200075 708711 837755 264328 100932 190381 427558 1 294604 679070 558239 129477 277546 681099 421008 326184 518988 687584 1 967530 517550 31042 79961 432166 608088 15697 150882 349728 39727 1 358543 470244 179857 355819 832726 418453 606392 956143 930860 788147 1
1 496833 375016 118978 635975 255886 970701 817239 455529 206430 250212 1 31087 545005 407685 618299 708825 925989 357681 835435 223089 850472 1 941041 627842 862101 899170 619665 34731 646435 217084 558121 840461 1 795553 497846 339862 366768 371356 35161 29275 70262 267762 205416 1 532567 568618 605053 802851 922292 435571 797296 215613 236053 241057 1 274210 365785 220679 916381 439497 609535 466503 94300 240925 107371 1 976072 459201 174903 726957 696175 656749 338305 591492 161176 458822 1 690643 815509 399848 879382 152488 481141 727903 988241 645332 798727 1 921202 620663 152492 151102 595777 450072 823400 181232 862987 484734 1
1 925182 702763 430359 988080 529344 474104 737668 69253 708894 502361 1 202620 316110 770942 926804 954457 899812 710253 310157 685443 183629 1 800999 809721 70585 416979 397347 178185 940068 418409 730675 909811 1 796737 186649 964834 309102 53114 374501 428652 215721 254164 792959 1 398972 334709 951514 323593 502642 637771 668576 577233 714194 322798 1 727234 856070 804708 44450 300090 744041 174304 585422 223955 351609 1 934666 161380 578457 515050 644807 439919 910092 195016 465516 441764 1 262368 842439 239739 968594 197606 448577 740600 198280 321647 101717 1 516536 237640 971446 644413 259636 458868 213619 689720 775920 443810 1
1 357950 837570 124589 505559 501187 407348 464874 732052 700071 625418 1 182519 386870 984303 595893 871503 919559 223205 967183 706270 489232 1 977582 61980 367749 959003 27247 171205 364717 482850 308075 402099 1 358389 429817 32430 59610 983107 546199 425643 287345 682961 80075 1 539448 496579 134375 496858 940669 248468 140111 907180 267323 467568 1 319780 163 935790 617032 764463 438701 615671 907463 353229 68236 1 715809 712066 310419 967377 4377 555089 800952 600224 320191 672599 1 355444 832043 412670 514073 334128 281409 277206 307067 645712 681838 1 992391 795498 624936 744484 796097 262711 874349 477214 651906 450358 1
1 205855 984681 99975 111130 195548 384824 306928 583042 346482 715441 1 291390 417109 54682 758489 818580 70278 879934 484091 606288 661978 1 481683 609282 510609 474785 283537 977401 324538 708769 328508 950500 1 773669 456093 237461 212987 64592 860249 872671 38052 287321 54760 1 871276 99858 437193 238478 224801 108878 760535 988469 989839 667019 1 92826 649775 868893 289606 311811 32471 472396 646015 756057 726704 1 903926 633445 971505 193833 490846 553498 849072 817732 491823 984739 1 930162 16962 344339 902794 758094 691070 877116 128389 18143 960988 1 932470 494778 341448 443923 39189 44727 333409 861542 997448 787973 1
1 338908 646577 759513 460444 412920 353816 901087 326309 885893 68451 1 759645 714529 459529 125464 226987 604266 451098 97806 4566 324482 1 155938 884289 686886 484888 707939 452549 19155 847182 187716 287217 1 55771 847083 690563 738081 505731 15407 384660 242517 786856 952523 1 793921 3689 489558 84000 807837 33282 363059 296306 954590 306364 1 511898 614354 359651 340664 624447 839301 239921 144594 958625 571192 1 551093 795139 387104 166367 41105 850929 552017 441149 628338 284726 1 285110 915161 219615 688765 409979 692916 124976 638118 34106 862485 1 276358 799831 842413 822495 25499 268428 41888 457184 217944 456949 1
1 371934 707564 304419 111841 713672 670759 388999 111350 706151 717897 1 395997 600303 804747 739468 736656 845896 250672 517617 564584 129648 1 77611 549639 382756 103417 212957 266684 203199 140336 267326 808162 1 524860 497543 979588 288957 5127 522561 469591 903537 507282 662682 1 178879 158695 677855 271027 920984 515742 696767 814422 188283 133635 1 765306 266143 442955 211549 80174 400724 374470 469246 919946 249106 1 404872 98368 805167 797654 154701 276427 987111 317688 184530 801219 1 743548 788243 794201 2321 310246 940660 933884 298134 991977 806782 1 251221 140118 918168 317255 736986 750849 975473 318961 454621 889758 1
1 200202 52598 255297 284607 718768 189335 266343 622727 958604 328013 1 665477 971279 142317 513106 349550 215808 690624 60224 668761 27946 1 933087 134800 464750 672286 916862 114885 741460 382074 287996 660490 1 537048 794626 752936 560500 170485 228256 128531 689398 969898 602085 1 616911 860326 250432 44725 739474 464117 381716 389566 628509 540718 1 464944 309851 431203 5941 18799 883937 908353 701338 820476 260766 1 911997 242684 831183 521042 54233 318345 560467 871649 890210 687264 1 821134 286779 999007 924289 637730 186004 300630 833486 175485 690025 1 65755 186276 759972 77962 753953 74280 660764 823524 242985 346664 1
1 8588 185983 819695 130984 687612 392842 498845 705503 235657 682336 1 975190 284412 649258 634593 18805 662901 137722 935302 823712 183915 1 474557 918695 318421 379778 91533 787965 944682 158569 531675 381133 1 873183 206199 307961 41447 107906 528661 955853 565283 75865 816028 1 900007 942217 728446 11503 82509 116597 610874 564626 695822 254528 1 532494 364463 867510 546274 945064 949015 993602 997877 711661 123480 1 722487 39000 981985 895806 445362 109626 921661 743978 84136 831715 1 242597 418815 228577 849197 393791 861459 170469 1431 912711 549603 1 237992 593990 874676 199961 356800 862243 833509 344251 511016 432706 1
1 473831 428170 533480 759183 825895 88598 80554 485964 945330 722714 1 660852 870819 439434 123758 702928 904117 651007 958826 319561 45879 1 421582 509396 138104 35136 542184 661470 433075 26300 516789 706524 1 195424 887814 909353 999907 573266 263489 295589 663821 220801 924061 1 770094 944442 251155 883884 781466 697056 620546 325120 817051 149292 1 712563 559377 187751 626264 215932 99677 842382 396233 19051 786754 1 940045 405847 748431 284533 845688 233352 404191 756010 374008 439685 1 785075 934349 415368 333795 478106 390761 617104 965869 568620 360690 1 117887 321561 691201 501152 81218 128721 135464 132192 938345 797552 1
1 226363 480110 376071 505509 751752 787927 190726 482105 927156 786151 1 390705 197519 355934 573705 842828 758227 360855 363107 834363 346290 1 527769 544228 707860 9850 119831 59181 250636 533654 247688 324307 1 75137 204524 278751 406932 309139 256163 56721 165256 833783 914853 1 522879 456699 436859 394624 413314 425058 102275 529016 946667 661660 1 820542 313521 806287 97192 684200 632227 712533 603201 870213 746942 1 811783 866307 870224 122051 85255 410482 64278 523697 497244 586292 1 509908 824742 233895 540649 65864 435335 584783 462176 958977 325421 1 814284 194331 468489 770702 817603 982151 394562 214237 14051 827226 1
1 771596 792766 199429 142116 987879 327458 171304 346884 132212 890433 1 206946 681955 222650 158829 718756 791357 872964 601125 856188 736486 1 354356 432427 674737 192650 771274 892898 153343 702952 887568 236382 1 646162 274006 444768 950422 66629 265653 602566 509162 368996 403222 1 533404 315648 27879 183679 907557 237319 534930 667463 933113 695716 1 234495 387992 680384 972385 91673 246626 347687 98020 936130 776216 1 807970 892670 718179 762672 98822 356873 851163 87869 963834 652814 1 465495 86951 842544 908252 561753 950779 657386 908465 604041 58242 1 671148 392957 203200 429801 616728 613474 95888 762543 320277 145721 1
1 487460 193185 422800 910094 683965 788425 665374 210198 883534 159123 1 204086 995335 621206 251078 815558 313732 338968 138259 903333 756559 1 336279 459275 654697 229418 381262 433486 52598 31491 471438 25798 1 165885 696637 673065 769113 698892 10460 725961 350230 310935 931145 1 38210 634384 963599 42679 444937 959338 482337 265403 210903 609346 1 821719 204227 353616 460815 911558 547766 382272 831409 333430 35361 1 839714 895286 252361 357691 672372 141720 72793 968721 802637 281795 1 457942 398973 248144 167444 538944 458067 750652 766799 400010 535998 1 899745 638085 342116 380696 530671 850920 949647 810263 203052 858511 1
1 338498 728781 604035 133906 453835 75305 535692 183449 849732 66366 1 241175 300743 700752 488205 841584 513958 779721 857405 463158 85334 1 266217 362418 616033 779564 52097 905566 867404 709760 978735 789530 1 863636 395136 591247 529655 526362 479615 399718 773294 53037 803616 1 715704 455810 482052 489490 98475 526727 832144 875215 484987 245917 1 635600 451025 844285 626106 898796 878842 681521 43637 105614 200963 1 931863 48673 126013 16157 126737 743485 895098 762898 356237 666455 1 763828 425027 949849 963620 911716 324977 502695 239007 215944 232641 1 456819 689584 194240 897934 630404 833745 355735 132774 974388 733211 1
1 869367 793586 317497 126838 705206 214620 737975 522794 268117 938627 1 623540 950079 73135 28281 362373 170635 152017 462812 106326 976342 1 999237 588095 907873 253662 244020 553916 187329 839359 145438 319150 1 783297 264131 928445 40045 278083 365538 338800 281980 771320 919861 1 871548 225482 307337 213382 673795 972173 361099 483687 37040 848175 1 518273 24803 737965 839472 491996 532844 836203 193006 485181 337631 1 268732 143204 142823 979802 91578 716694 605847 467633 902497 586914 1 860046 982757 995079 203509 450981 166443 72318 285188 569192 595841 1 577715 474609 567101 199534 865759 422723 784946 427978 664711 741590 1
1 418254 890571 91564 270553 570474 86704 974990 35168 277556 279452 1 283799 361687 974423 731338 415639 764807 679694 696421 51934 441476 1 622746 664982 882651 954365 292087 259085 54167 564531 528439 124755 1 731601 537926 392546 582603 287362 885122 407229 732193 787632 606153 1 104909 611180 410227 754058 993027 591060 990492 390795 878524 448389 1 444959 179086 921112 468396 310744 839613 839964 54553 781749 69528 1 993542 734326 212102 502014 302101 36148 712320 803575 67336 441207 1 877204 55575 522702 6690 270412 226265 545631 539261 903478 211352 1 699900 96169 519880 590843 85688 289353 943606 346408 272677 711345 1
1 830291 549009 711951 103851 938108 293009 876782 452936 156344 516408 1 556964 636118 771758 821897 383823 50664 28619 373309 870683 487881 1 816550 286288 885114 612068 559012 406632 336053 233542 929922 477998 1 802589 496198 56318 945569 665517 563859 720358 506466 680564 561738 1 153361 761728 776065 253380 743614 165443 224362 454316 743088 660438 1 603920 621634 679837 565899 652235 510591 947919 393024 669943 654711 1 858713 826830 937290 876370 579762 87280 197090 574901 740878 65904 1 60655 103977 997783 639400 834913 685592 794742 387873 990008 727619 1 251142 602059 202977 102928 210124 749785 413086 824647 297190 578933 1
1 382742 641621 91969 850201 930426 384001 534975 348290 641057 959723 1 819647 905075 240227 276807 438259 847869 676329 299448 997134 805808 1 469089 233904 272145 711043 72587 357576 755327 138132 734842 825755 1 483498 236514 118699 813777 700916 203399 445416 764616 980007 162042 1 170471 522905 982156 374346 106168 263064 366733 856572 715990 103667 1 375013 700798 233260 795241 180357 394887 630049 52026 275920 448247 1 690907 442140 342212 105714 787966 375221 641501 475727 271428 549973 1 469462 439615 623122 360150 690133 80624 13045 521816 913815 968606 1 526777 157455 753950 892321 293816 628303 669593 821311 143525 244961 1
1 528038 492202 593789 818301 368098 832909 213480 525909 595629 679300 1 771447 32491 809846 74268 286844 848523 996187 11474 556979 227261 1 840867 635760 494110 868244 656097 262503 172147 632899 752210 251711 1 670184 209946 188011 187861 853754 748162 248664 740268 948005 18764 1 359170 292599 138868 373471 598608 729103 898910 787936 905834 310487 1 732798 984108 496551 279187 923006 45091 691854 841005 146724 32670 1 57782 618018 90538 465741 11291 120842 779476 531187 894978 618898 1 693084 370618 764210 203706 699482 241114 970612 544307 855745 391232 1 377727 177081 347060 251486 662343 700072 103805 707772 642198 535887 1
1 679258 445602 288668 24751 279789 549049 134391 165500 642378 884934 1 554987 501906 638296 408436 313629 174044 858392 547290 1938 857790 1 89711 431475 709145 925465 258441 170432 420730 250921 714013 557905 1 559119 54549 153100 213601 7992 148229 653290 129303 638648 152599 1 842442 74538 955070 341519 855312 962778 401737 397291 285273 755758 1 988381 852360 184071 900463 899760 233513 378602 271966 484807 734021 1 18995 489013 562521 307871 132528 483814 895925 614307 435133 60273 1 329926 81743 1073 635337 195150 578552 695345 289287 458575 804648 1 333036 341433 257436 507830 662356 285966 436305 963062 850816 160508 1
1 274135 933953 576847 357396 721858 172303 263524 853591 580501 921857 1 546690 232028 981291 710595 257856 520397 976163 368195 327729 299880 1 412435 519686 391252 824406 912074 911184 44759 222024 409154 448594 1 510149 127435 91885 746800 806973 212658 983671 276893 510812 317999 1 187504 723427 533385 284634 728219 344817 977101 146082 195940 610086 1 538927 884442 408040 198735 646126 729665 416192 612718 243194 164688 1 10251 465123 411783 591686 468468 950607 765730 362367 847107 228647 1 683054 80162 659634 860857 231216 754306 253326 880520 831548 710225 1 296501 552446 976214 877409 148367 868103 261388 545300 638962 469536 1
1 579512 301473 528777 754009 740203 52393 850245 833037 639156 284607 1 565200 445486 676453 179304 593182 75673 514303 65571 160321 470147 1 596840 616758 249030 901561 914183 362501 847312 301010 455537 826293 1 895808 434762 855512 316013 728382 325726 460919 914849 278908 117653 1 233795 64616 494810 957712 315455 427376 217780 653349 106085 980446 1 583284 323332 260860 635627 216890 389085 167016 668528 648819 332898 1 462145 428432 472820 160913 151763 55572 56453 742744 634654 778147 1 689273 296336 568779 703798 906521 824431 383896 549057 307353 517919 1 217839 923075 629220 871418 141002 36312 607029 280807 463034 621412 1
1 797823 59544 220230 25582 801696 433668 395446 83082 254153 886501 1 287029 91472 468340 533371 591743 332720 368276 405461 520206 311183 1 915113 795418 705353 406741 863335 101039 100170 696141 430324 232204 1 106269 191772 194932 827331 291010 802826 99068 809188 73696 272627 1 88614 553700 17959 8274 979549 600276 532711 730124 869993 617819 1 518435 322074 501718 10561 930997 829538 356481 148262 453824 950716 1 338532 865280 810988 292843 595393 814728 393496 823827 185226 37414 1 479496 472251 492094 10299 206460 980347 791530 403830 201204 976947 1 967729 147705 266486 75653 188270 219483 213868 892223 85292 897012 1
1 356771 625690 419606 288893 525784 418422 1932 169100 294826 234066 1 31814 254958 144139 684189 102198 578808 298422 951976 287644 446567 1 869523 504095 252470 350075 708438 148190 22804 223077 125041 577441 1 114913 99882 191801 798181 315945 58101 103223 888752 865002 442305 1 413586 624690 917151 352680 2626 934157 737264 856253 84143 669703 1 320886 314445 973382 393735 273814 721915 182587 222852 569927 399926 1 737108 310027 624000 93223 647742 631902 401818 16861 368317 253270 1 699574 4638 711764 253349 26490 58535 782001 155209 674575 314355 1 823820 12398 713660 718018 881854 58623 907789 196270 89005 949161 1
1 616699 815797 831825 863312 456832 939975 58968 365668 311577 261817 1 412578 111519 49963 68445 157753 997484 77255 527270 876610 691712 1 373778 159525 433046 220806 829545 876009 598609 822153 906026 557830 1 788068 207100 732241 74523 900619 391641 3658 211373 892624 292897 1 45071 225138 206197 514558 568016 541845 436035 720099 509409 311653 1 431167 765133 224561 947526 582535 450220 825692 18533 902803 640166 1 795286 291788 52497 917012 853877 881515 783955 515736 976513 812342 1 155597 855787 217282 733636 189510 563904 187630 355227 45223 108779 1 335229 223980 444677 255436 675501 290824 992959 570402 210577 916918 1
1 757368 921523 255777 566592 51201 6427 646250 684872 904992 866464 1 527078 975973 621795 405397 934058 74863 523454 492524 757427 410636 1 725437 883290 184184 381341 772885 692034 385129 550142 104278 169926 1 950777 74398 526642 167210 267354 280236 534081 522412 191924 303118 1 540436 426182 628742 896954 612165 511866 758076 853997 994275 328333 1 798920 636887 292953 403830 28284 102563 542315 183066 201942 851444 1 752474 429164 391332 220023 608794 3733 951052 14312 928991 972237 1 586745 691031 453225 767398 396448 857221 412991 666791 567895 549198 1 356478 88429 939285 557790 283056 134801 223724 982349 420572 219504 1
1 500793 758415 831120 445647 532517 235682 274708 304128 935630 459626 1 903106 592965 950318 666725 52628 628650 279636 685721 741964 534632 1 594360 913629 113142 437301 783353 561902 198276 668547 791050 581569 1 877500 128993 973222 625843 726946 626255 437888 384887 874508 889332 1 732939 349080 851536 770779 296876 53892 833911 921932 23025 187247 1 52472 164672 729866 469269 701933 979341 743290 629275 860206 678246 1 718130 489335 456545 821808 11653 942311 231214 882172 374246 522586 1 291261 877948 301771 855826 334249 48956 353178 679761 146858 30051 1 866826 496447 801924 19271 117935 920959 899837 805711 906939 217152 1
1 253280 341017 586268 419851 276726 728919 158046 980619 700927 970628 1 967727 36636 277216 696278 515367 740406 156219 875463 988216 99446 1 386167 109700 37503 318737 319577 895833 343251 477702 570514 42841 1 812046 921791 309051 317343 683558 585447 924383 601930 262604 792370 1 821453 562239 314133 433564 331833 374221 964605 198440 450356 912086 1 288664 914165 282410 429352 934452 791735 696973 890494 334836 249933 1 921502 737466 388356 765516 836485 637966 190974 881833 818005 472741 1 441192 454529 406073 654647 100611 504568 202481 958354 966909 217 1 863425 853268 99467 957837 993670 235723 180941 960138 581685 371835 1
1 812256 518263 758367 672232 214650 296846 725880 821860 192776 160673 1 327897 633503 445240 97091 243111 787651 958707 412758 774967 997714 1 938436 641381 848966 468079 248537 11902 799375 499365 920283 856282 1 984907 186941 208184 247640 13512 588981 46501 886682 859103 730511 1 892896 776287 990145 809324 332632 282481 110151 601637 934565 351159 1 416990 81321 198308 427085 657344 641156 299699 159233 117344 857615 1 875400 57593 312649 968115 909842 110656 706935 406060 701815 745286 1 97228 264442 305046 737780 391675 159622 36953 691171 892945 726538 1 14726 874852 713757 459829 537534 637854 321502 320177 557171 414420 1
1 330068 9706 542802 521939 780496 638537 639813 666856 421100 171697 1 149166 312378 219509 247493 333255 496418 259339 437617 22303 567897 1 917915 311645 833810 258264 144041 199961 746556 14627 787111 383385 1 10224 708232 446818 669814 318663 774401 630703 497539 262682 842301 1 378679 791412 882917 766318 985901 621512 214436 876137 454946 996763 1 646371 664479 447850 610377 914016 539610 678934 973399 579133 285236 1 612551 126511 791653 94965 39720 57311 780017 405768 439999 102441 1 659564 574203 644633 423598 359782 749412 806181 763502 384644 601466 1 155143 472789 488947 413949 282301 793696 676502 176186 924127 740617 1
1 536655 182735 392260 903507 230584 100694 848053 292539 96083 476457 1 969973 664225 558978 758612 925120 596486 840387 651531 695618 138560 1 220973 686877 127646 295210 891479 993608 372435 686758 845984 440075 1 419685 604301 575193 159783 405691 333157 126318 586802 384137 470326 1 530429 74 713847 272190 608193 123910 308993 170182 621817 760047 1 957664 796876 932494 199410 162125 768725 574141 737964 299737 136608 1 900730 971754 856156 817937 206705 425832 362509 75130 130441 14604 1 8819 14703 282377 475109 780987 771783 914225 587543 717524 608301 1 774377 31318 566156 19532 879867 664616 937349 326099 469745 778359 1
1 447556 653463 794033 997840 534251 461926 799511 710234 974482 813878 1 226493 943559 542554 540536 988463 209849 655439 915280 586285 230932 1 554221 692551 849679 109996 432091 933573 507930 252922 223924 959582 1 626717 327871 983222 109890 256087 895183 579154 252406 431676 530683 1 650295 194304 437020 223755 782253 63818 929345 868435 986105 322216 1 138468 379952 870927 723207 509270 732085 187981 548808 682977 122198 1 217719 836300 159807 463443 229945 565576 601684 778837 662246 972185 1 393810 465659 378986 901043 780806 583895 896101 421681 107238 730079 1 853523 578048 846672 321072 351155 50388 800552 997798 693180 230367 1
1 792711 824526 840723 727891 556096 266426 424461 661982 64395 451888 1 388164 977907 245817 857572 397166 95639 104099 13014 500048 499462 1 304823 754179 600407 482950 910764 245491 35672 223534 171630 512179 1 76756 216003 409075 761082 426234 266421 324345 462081 103219 30975 1 498957 191107 933222 804736 918402 555132 655580 674978 744362 849297 1 274949 621355 761329 71175 496256 258299 638322 47662 231729 141231 1 538811 770624 455157 355940 536447 773771 427392 57984 912751 619596 1 794557 499163 741533 856755 91360 216052 497577 164321 2654 800639 1 917530 371604 307545 118982 397781 38919 152798 178608 491668 687695 1
1 364848 169248 75863 250196 798493 394659 21089 701780 674058 991168 1 223720 618732 213958 681552 852647 929055 638917 97043 796106 294944 1 35763 427750 92334 616288 618776 87579 360190 154844 417396 777967 1 481951 976480 518787 932714 112804 330753 963910 925516 808249 395893 1 785044 367851 571072 971946 552944 522280 828911 940305 253982 612057 1 735357 267212 27201 705212 715683 93170 277538 868748 923676 506996 1 591104 416087 865395 614903 290576 642484 23560 761085 461420 279636 1 940856 856997 408793 773830 947197 242960 662035 591446 85435 496630 1 40810 896203 938971 329108 705669 88973 360890 763666 180208 499225 1
1 329412 995405 899601 837419 496767 825940 969107 339141 626725 353652 1 421538 499892 746383 31384 734018 660370 827190 901062 915393 925475 1 795097 930591 766470 890526 104771 215147 38115 906946 787756 161904 1 648848 79811 466924 921558 488524 536926 229758 84664 181182 726610 1 837400 558176 892535 463764 909051 263829 357231 995369 364038 353109 1 212809 821198 809586 33478 304314 424404 913086 452877 282563 580968 1 766431 136327 600731 87419 227712 90004 365654 412317 385964 30397 1 306508 703372 621656 135590 788024 131721 624096 719428 742316 521964 1 956411 954132 205591 941009 475058 808843 436128 169663 26750 931411 1
1 400785 313096 346459 549690 406977 104012 876928 105053 710384 686011 1 162236 404751 534239 609142 622609 972316 321475 252506 445367 347667 1 761533 348972 106610 153809 19094 378777 821717 462353 408968 158281 1 884668 182440 178785 740936 811836 965113 784438 205743 127292 175338 1 972203 739896 403903 671261 480859 716244 848023 897487 773557 541921 1 959688 348167 803225 133483 997804 821809 125331 840911 71349 935674 1 431186 967625 984638 813501 72971 348665 198858 137450 395166 980249 1 292485 846140 960526 418580 138120 396443 901804 141290 418498 271897 1 155626 998348 999877 572453 84389 219271 326819 812983 895694 778638 1
1 124322 723858 643115 91312 622713 725290 351765 720700 319641 648606 1 846980 75312 320902 355445 386427 522216 625955 282882 920332 701872 1 698914 188445 956798 508583 980098 479338 481423 122622 365889 138715 1 608781 555616 329537 301624 99439 384396 955162 566917 453556 205037 1 497662 279766 118864 762431 152545 876569 263391 116055 73119 237709 1 707191 393296 158807 553887 93929 406501 427067 9105 270465 502956 1 344576 986424 472162 212626 656933 963862 161261 109872 41236 278843 1 741863 501026 671681 685315 341370 860379 508266 27750 803168 797987 1 68673 592590 252848 231353 323693 837565 794929 317231 353324 45982 1
1 529298 990645 870439 375329 810168 771425 520085 754288 830261 969529 1 904759 374502 542967 704367 772033 308817 759928 467259 501097 674565 1 995123 707649 88248 921382 309019 425768 869803 433430 849321 702340 1 690704 979987 907919 108040 988489 437313 544459 791905 401226 579441 1 540757 517489 688191 306539 843569 121165 75298 865264 866718 840309 1 622313 376479 553179 629580 783082 227379 718526 596090 468599 778307 1 984313 528828 337831 998283 158568 923000 185540 460060 953674 276102 1 402339 942737 268440 100642 320425 593594 14899 976991 134294 151007 1 772354 758020 195976 251505 908709 324014 996701 740794 960733 875850 1
1 872081 751501 458131 458873 826953 238264 625846 918192 856105 970073 1 433403 728091 818846 454291 884155 206775 770405 542201 785495 869573 1 792070 600133 190183 836435 605922 550928 313666 285909 343707 487854 1 245569 915287 293240 961212 40919 663135 293593 487777 247236 853059 1 890271 729445 628770 729481 396337 98192 969406 238571 931912 376437 1 297796 623819 461065 295408 602703 324531 765155 135273 701681 973124 1 397925 426727 660634 261315 508395 665373 5370 879932 243630 299197 1 39313 674999 469751 511559 722729 97752 348958 973708 58886 87641 1 466836 645100 602929 278563 29194 737341 708791 152753 255778 715672 1
1 114369 76149 71452 708063 494610 899913 464958 944201 386259 975223 1 621181 318996 962543 891003 12500 41490 284404 611301 989717 300368 1 647679 328538 72378 551648 850085 660160 51076 904121 313477 466306 1 695021 680351 323014 356670 225026 309950 34618 708515 512173 669842 1 4517 718712 314250 683817 329885 440268 491341 781759 643316 408571 1 966089 431217 888934 191765 927481 192966 149908 236846 96176 304571 1 159136 152243 317997 788070 544398 861403 933026 183111 539598 135665 1 176897 232186 280004 973638 897958 692661 854929 201262 844119 895188 1 950562 649609 890551 311619 609913 347269 604790 630234 356726 859899 1
1 140834 169157 801898 302685 810293 44841 277434 534139 102379 146617 1 966433 263882 108947 524987 992022 681162 623462 33309 909515 630132 1 4061 578597 582808 581323 213163 910421 475528 449851 439206 285298 1 848310 380710 404505 846543 516113 340972 919323 884722 804508 165278 1 493811 836370 495209 133645 116754 156025 92403 776882 139625 205836 1 314621 736223 723326 227370 312941 53685 223172 92904 249021 578522 1 587431 112601 200522 791031 781625 955423 13594 828181 814324 832105 1 449417 917689 500902 399967 195184 854966 899070 40098 762577 562065 1 23302 315117 39387 170063 774875 365155 323721 15760 548680 907648 1
1 925553 756011 520554 353634 743101 814986 614644 884825 893250 898608 1 953389 530062 596174 199931 108464 663498 850223 346233 824707 274445 1 758566 66550 656883 947478 439055 167453 705717 710633 399326 771696 1 96282 559633 685231 806144 121015 248335 258006 446341 411977 440958 1 294136 485408 886796 640060 427680 113403 12713 395559 160022 280377 1 950534 996041 98325 943692 749022 104455 265171 940199 639902 565697 1 380123 244900 48946 125436 516504 996393 183177 548821 289029 822960 1 21756 210175 599991 900447 518191 897113 130566 168450 697112 957686 1 935181 936533 27337 602286 226992 846558 630980 727138 347371 495040 1
1 29392 419928 524329 172820 950216 312427 69522 96473 22908 194292 1 48435 960347 173123 262854 941882 307635 504788 17164 79848 905178 1 831314 341443 63892 432340 428859 214620 688343 956070 620390 578201 1 209798 777418 798290 469835 533308 10393 530245 25176 245070 659534 1 475950 38023 300624 329201 330329 721672 7884 371007 232612 357602 1 641784 546644 723897 935444 707715 413870 148113 946099 409857 188690 1 603642 58230 332632 400641 770325 753233 4427 20889 472066 768673 1 923070 560093 528633 391392 246306 864829 971913 118451 247657 355833 1 184809 573273 474311 995213 348070 506982 628086 495921 630889 870887 1
1 808618 409188 580656 434760 459635 906739 205457 418019 637361 80384 1 718856 660765 665598 387962 539316 246436 968087 459111 327465 861514 1 910971 188614 222756 242410 545971 325501 980411 462644 342908 660695 1 851476 514623 751541 471530 82069 599892 999959 814567 841134 727956 1 238011 91057 867289 769129 991848 180051 184275 15859 702328 778032 1 642240 245348 778075 723213 431535 98187 776814 359583 846583 841406 1 617302 801735 570636 533247 857805 889079 885821 827876 79405 6647 1 161283 360323 745463 459049 950569 271592 649050 87356 283362 762575 1 810650 991302 674594 490899 958517 457195 918682 572287 117687 479214 1
1 382514 395164 70513 843289 971545 640580 257984 621102 633586 926054 1 614107 335197 248850 626121 454010 861662 658878 538919 788136 638609 1 400451 393678 838616 383322 178707 205068 178073 617726 473396 61707 1 296886 794921 384114 405577 703347 216427 213697 128256 683768 375648 1 966890 798200 142353 485806 295746 248302 824571 767438 493106 548298 1 939343 151168 521527 272706 301657 270204 733846 700754 175805 226391 1 282868 11046 549939 406501 178162 975856 533193 882084 500431 191776 1 791392 567944 380205 279466 994499 639823 979141 143242 345761 745444 1 391025 264184 360128 204129 447004 149360 595392 437394 758175 144638 1
1 997167 131453 929220 865430 838364 925969 690830 621473 445236 78339 1 505099 902196 26807 632950 887095 635189 839804 936901 826254 576355 1 923373 37283 298349 707652 664831 290789 870775 796129 896545 260286 1 6763 754620 325156 830527 152399 438152 160019 769680 666623 370250 1 847012 109697 619970 363526 674268 144008 219581 980176 78095 333824 1 375163 12499 590149 377445 312795 879106 21365 388234 129865 564962 1 912397 64537 628116 890727 963395 149302 633232 572155 182191 491298 1 114587 915759 891384 382356 748951 579257 201591 177119 906905 211743 1 96054 862823 434793 798696 1111 856071 227527 167244 611900 790424 1
1 780574 11597 155238 921076 479668 594720 902828 424087 285925 670764 1 878627 911066 155824 93046 71145 851763 841921 23719 544664 119947 1 571584 379059 418483 790104 531320 864437 44976 837807 829111 159422 1 457317 261833 727738 873527 897077 881621 618127 70547 284367 712725 1 616638 370501 62194 862759 223527 790544 815261 563002 466350 529017 1 827159 273930 527708 294596 699861 704990 497105 248268 622669 253241 1 331251 932174 601777 457639 878372 343443 414288 417282 450462 157909 1 441718 72439 169523 411867 451941 496221 548252 991133 628900 259644 1 281990 876336 514626 306427 538061 119232 96322 727541 306761 97518 1
1 365224 883594 896863 698783 197234 999884 636637 424062 172889 310141 1 216870 382332 850826 838999 232690 667882 951057 356470 570204 153214 1 178619 636923 242964 25334 239479 679908 35383 108273 856726 701557 1 242638 545947 988003 272246 672767 707213 368505 706678 171377 40512 1 508567 565161 568956 700169 939754 887622 501989 438266 625614 359759 1 290099 92507 999237 354290 641412 267678 705724 513001 954815 75302 1 469199 159737 206891 801799 30316 425288 707637 24284 147960 984541 1 14442 293783 681284 291701 586689 643997 88816 389218 197870 264380 1 534518 165167 584497 886665 558646 8214 403497 726441 266679 392567 1
