200 10
20 0 0 0 0 0 0 0 0 0
0 0 0 0 0 0 0 0 0 0
0 0 0 0 0 0 0 0 0 0
0 0 0 0 0 0 0 0 0 0
0 0 0 0 0 0 0 0 0 0
0 0 0 0 0 0 0 0 0 0
0 0 0 0 0 0 0 0 0 0
0 0 0 0 0 0 0 0 0 0
0 0 0 0 0 0 0 0 0 0
0 0 0 0 0 0 0 0 0 0
0 0 0 0 0 0 0 0 0 0
0 0 0 0 0 0 0 0 0 0
0 0 0 0 0 0 0 0 0 0
0 0 0 0 0 0 0 0 0 0
0 0 0 0 0 0 0 0 0 0
0 0 0 0 0 0 0 0 0 0
0 0 0 0 0 0 0 0 0 0
0 0 0 0 0 0 0 0 0 0
0 0 0 0 0 0 0 0 0 0
0 0 0 0 0 0 0 0 0 0
0 0 0 0 0 0 0 0 0 0
0 0 0 0 0 0 0 0 0 0
0 0 0 0 0 0 0 0 0 0
0 0 0 0 0 0 0 0 0 0
0 0 0 0 0 0 0 0 0 0
0 0 0 0 0 0 0 0 0 0
0 0 0 0 0 0 0 0 0 0
0 0 0 0 0 0 0 0 0 0
0 0 0 0 0 0 0 0 0 0
0 0 0 0 0 0 0 0 0 0
0 0 0 0 0 0 0 0 0 0
0 0 0 0 0 0 0 0 0 0
0 0 0 0 0 0 0 0 0 0
0 0 0 0 0 0 0 0 0 0
0 0 0 0 0 0 0 0 0 0
0 0 0 0 0 0 0 0 0 0
0 0 0 0 0 0 0 0 0 0
0 0 0 0 0 0 0 0 0 0
0 0 0 0 0 0 0 0 0 0
0 0 0 0 0 0 0 0 0 0
0 0 0 0 0 0 0 0 0 0
0 0 0 0 0 0 0 0 0 0
0 0 0 0 0 0 0 0 0 0
0 0 0 0 0 0 0 0 0 0
0 0 0 0 0 0 0 0 0 0
0 0 0 0 0 0 0 0 0 0
0 0 0 0 0 0 0 0 0 0
0 0 0 0 0 0 0 0 0 0
0 0 0 0 0 0 0 0 0 0
0 0 0 0 0 0 0 0 0 0
0 0 0 0 0 0 0 0 0 0
0 0 0 0 0 0 0 0 0 0
0 0 0 0 0 0 0 0 0 0
0 0 0 0 0 0 0 0 0 0
0 0 0 0 0 0 0 0 0 0
0 0 0 0 0 0 0 0 0 0
0 0 0 0 0 0 0 0 0 0
0 0 0 0 0 0 0 0 0 0
0 0 0 0 0 0 0 0 0 0
0 0 0 0 0 0 0 0 0 0
0 0 0 0 0 0 0 0 0 0
0 0 0 0 0 0 0 0 0 0
0 0 0 0 0 0 0 0 0 0
0 0 0 0 0 0 0 0 0 0
0 0 0 0 0 0 0 0 0 0
0 0 0 0 0 0 0 0 0 0
0 0 0 0 0 0 0 0 0 0
0 0 0 0 0 0 0 0 0 0
0 0 0 0 0 0 0 0 0 0
0 0 0 0 0 0 0 0 0 0
0 0 0 0 0 0 0 0 0 0
0 0 0 0 0 0 0 0 0 0
0 0 0 0 0 0 0 0 0 0
0 0 0 0 0 0 0 0 0 0
0 0 0 0 0 0 0 0 0 0
0 0 0 0 0 0 0 0 0 0
0 0 0 0 0 0 0 0 0 0
0 0 0 0 0 0 0 0 0 0
0 0 0 0 0 0 0 0 0 0
0 0 0 0 0 0 0 0 0 0
0 0 0 0 0 0 0 0 0 0
0 0 0 0 0 0 0 0 0 0
0 0 0 0 0 0 0 0 0 0
0 0 0 0 0 0 0 0 0 0
0 0 0 0 0 0 0 0 0 0
0 0 0 0 0 0 0 0 0 0
0 0 0 0 0 0 0 0 0 0
0 0 0 0 0 0 0 0 0 0
0 0 0 0 0 0 0 0 0 0
0 0 0 0 0 0 0 0 0 0
0 0 0 0 0 0 0 0 0 0
0 0 0 0 0 0 0 0 0 0
0 0 0 0 0 0 0 0 0 0
0 0 0 0 0 0 0 0 0 0
0 0 0 0 0 0 0 0 0 0
0 0 0 0 0 0 0 0 0 0
0 0 0 0 0 0 0 0 0 0
0 0 0 0 0 0 0 0 0 0
0 0 0 0 0 0 0 0 0 0
0 0 0 0 0 0 0 0 0 0
0 0 0 0 0 0 0 0 0 0
0 0 0 0 0 0 0 0 0 0
0 0 0 0 0 0 0 0 0 0
0 0 0 0 0 0 0 0 0 0
0 0 0 0 0 0 0 0 0 0
0 0 0 0 0 0 0 0 0 0
0 0 0 0 0 0 0 0 0 0
0 0 0 0 0 0 0 0 0 0
0 0 0 0 0 0 0 0 0 0
0 0 0 0 0 0 0 0 0 0
0 0 0 0 0 0 0 0 0 0
0 0 0 0 0 0 0 0 0 0
0 0 0 0 0 0 0 0 0 0
0 0 0 0 0 0 0 0 0 0
0 0 0 0 0 0 0 0 0 0
0 0 0 0 0 0 0 0 0 0
0 0 0 0 0 0 0 0 0 0
0 0 0 0 0 0 0 0 0 0
0 0 0 0 0 0 0 0 0 0
0 0 0 0 0 0 0 0 0 0
0 0 0 0 0 0 0 0 0 0
0 0 0 0 0 0 0 0 0 0
0 0 0 0 0 0 0 0 0 0
0 0 0 0 0 0 0 0 0 0
0 0 0 0 0 0 0 0 0 0
0 0 0 0 0 0 0 0 0 0
0 0 0 0 0 0 0 0 0 0
0 0 0 0 0 0 0 0 0 0
0 0 0 0 0 0 0 0 0 0
0 0 0 0 0 0 0 0 0 0
0 0 0 0 0 0 0 0 0 0
0 0 0 0 0 0 0 0 0 0
0 0 0 0 0 0 0 0 0 0
0 0 0 0 0 0 0 0 0 0
0 0 0 0 0 0 0 0 0 0
0 0 0 0 0 0 0 0 0 0
0 0 0 0 0 0 0 0 0 0
0 0 0 0 0 0 0 0 0 0
0 0 0 0 0 0 0 0 0 0
0 0 0 0 0 0 0 0 0 0
0 0 0 0 0 0 0 0 0 0
0 0 0 0 0 0 0 0 0 0
0 0 0 0 0 0 0 0 0 0
0 0 0 0 0 0 0 0 0 0
0 0 0 0 0 0 0 0 0 0
0 0 0 0 0 0 0 0 0 0
0 0 0 0 0 0 0 0 0 0
0 0 0 0 0 0 0 0 0 0
0 0 0 0 0 0 0 0 0 0
0 0 0 0 0 0 0 0 0 0
0 0 0 0 0 0 0 0 0 0
0 0 0 0 0 0 0 0 0 0
0 0 0 0 0 0 0 0 0 0
0 0 0 0 0 0 0 0 0 0
0 0 0 0 0 0 0 0 0 0
0 0 0 0 0 0 0 0 0 0
0 0 0 0 0 0 0 0 0 0
0 0 0 0 0 0 0 0 0 0
0 0 0 0 0 0 0 0 0 0
0 0 0 0 0 0 0 0 0 0
0 0 0 0 0 0 0 0 0 0
0 0 0 0 0 0 0 0 0 0
0 0 0 0 0 0 0 0 0 0
0 0 0 0 0 0 0 0 0 0
0 0 0 0 0 0 0 0 0 0
0 0 0 0 0 0 0 0 0 0
0 0 0 0 0 0 0 0 0 0
0 0 0 0 0 0 0 0 0 0
0 0 0 0 0 0 0 0 0 0
0 0 0 0 0 0 0 0 0 0
0 0 0 0 0 0 0 0 0 0
0 0 0 0 0 0 0 0 0 0
0 0 0 0 0 0 0 0 0 0
0 0 0 0 0 0 0 0 0 0
0 0 0 0 0 0 0 0 0 0
0 0 0 0 0 0 0 0 0 0
0 0 0 0 0 0 0 0 0 0
0 0 0 0 0 0 0 0 0 0
0 0 0 0 0 0 0 0 0 0
0 0 0 0 0 0 0 0 0 0
0 0 0 0 0 0 0 0 0 0
0 0 0 0 0 0 0 0 0 0
0 0 0 0 0 0 0 0 0 0
0 0 0 0 0 0 0 0 0 0
0 0 0 0 0 0 0 0 0 0
0 0 0 0 0 0 0 0 0 0
0 0 0 0 0 0 0 0 0 0
0 0 0 0 0 0 0 0 0 0
0 0 0 0 0 0 0 0 0 0
0 0 0 0 0 0 0 0 0 0
0 0 0 0 0 0 0 0 0 0
0 0 0 0 0 0 0 0 0 0
0 0 0 0 0 0 0 0 0 0
0 0 0 0 0 0 0 0 0 0
0 0 0 0 0 0 0 0 0 0
0 0 0 0 0 0 0 0 0 0
0 0 0 0 0 0 0 0 0 0
0 0 0 0 0 0 0 0 0 0
0 0 0 0 0 0 0 0 0 0
0 0 0 0 0 0 0 0 0 0
0 0 0 0 0 0 0 0 0 0
0 0 0 0 0 0 0 0 0 0
0 0 0 0 0 0 0 0 0 0
0 0 0 0 0 0 0 0 0 0
0 0 0 0 0 0 0 0 0 0
0 0 0 0 0 0 0 0 0 0
0 0 0 0 0 0 0 0 0 0
0 0 0 0 0 0 0 0 0 0
0 0 0 0 0 0 0 0 0 0
0 0 0 0 0 0 0 0 0 0
0 0 0 0 0 0 0 0 0 0
0 0 0 0 0 0 0 0 0 0
0 0 0 0 0 0 0 0 0 0
0 0 0 0 0 0 0 0 0 0
0 0 0 0 0 0 0 0 0 0
0 0 0 0 0 0 0 0 0 0
0 0 0 0 0 0 0 0 0 0
0 0 0 0 0 0 0 0 0 0
0 0 0 0 0 0 0 0 0 0
0 0 0 0 0 0 0 0 0 0
0 0 0 0 0 0 0 0 0 0
0 0 0 0 0 0 0 0 0 0
0 0 0 0 0 0 0 0 0 0
0 0 0 0 0 0 0 0 0 0
0 0 0 0 0 0 0 0 0 0
0 0 0 0 0 0 0 0 0 0
0 0 0 0 0 0 0 0 0 0
0 0 0 0 0 0 0 0 0 0
0 0 0 0 0 0 0 0 0 0
0 0 0 0 0 0 0 0 0 0
0 0 0 0 0 0 0 0 0 0
0 0 0 0 0 0 0 0 0 0
0 0 0 0 0 0 0 0 0 0
0 0 0 0 0 0 0 0 0 0
0 0 0 0 0 0 0 0 0 0
0 0 0 0 0 0 0 0 0 0
0 0 0 0 0 0 0 0 0 0
0 0 0 0 0 0 0 0 0 0
0 0 0 0 0 0 0 0 0 0
0 0 0 0 0 0 0 0 0 0
0 0 0 0 0 0 0 0 0 0
0 0 0 0 0 0 0 0 0 0
0 0 0 0 0 0 0 0 0 0
0 0 0 0 0 0 0 0 0 0
0 0 0 0 0 0 0 0 0 0
0 0 0 0 0 0 0 0 0 0
0 0 0 0 0 0 0 0 0 0
0 0 0 0 0 0 0 0 0 0
0 0 0 0 0 0 0 0 0 0
0 0 0 0 0 0 0 0 0 0
0 0 0 0 0 0 0 0 0 0
0 0 0 0 0 0 0 0 0 0
0 0 0 0 0 0 0 0 0 0
0 0 0 0 0 0 0 0 0 0
0 0 0 0 0 0 0 0 0 0
0 0 0 0 0 0 0 0 0 0
0 0 0 0 0 0 0 0 0 0
0 0 0 0 0 0 0 0 0 0
0 0 0 0 0 0 0 0 0 0
0 0 0 0 0 0 0 0 0 0
0 0 0 0 0 0 0 0 0 0
0 0 0 0 0 0 0 0 0 0
0 0 0 0 0 0 0 0 0 0
0 0 0 0 0 0 0 0 0 0
0 0 0 0 0 0 0 0 0 0
0 0 0 0 0 0 0 0 0 0
0 0 0 0 0 0 0 0 0 0
0 0 0 0 0 0 0 0 0 0
0 0 0 0 0 0 0 0 0 0
0 0 0 0 0 0 0 0 0 0
0 0 0 0 0 0 0 0 0 0
0 0 0 0 0 0 0 0 0 0
0 0 0 0 0 0 0 0 0 0
0 0 0 0 0 0 0 0 0 0
0 0 0 0 0 0 0 0 0 0
0 0 0 0 0 0 0 0 0 0
0 0 0 0 0 0 0 0 0 0
0 0 0 0 0 0 0 0 0 0
0 0 0 0 0 0 0 0 0 0
0 0 0 0 0 0 0 0 0 0
0 0 0 0 0 0 0 0 0 0
0 0 0 0 0 0 0 0 0 0
0 0 0 0 0 0 0 0 0 0
0 0 0 0 0 0 0 0 0 0
0 0 0 0 0 0 0 0 0 0
0 0 0 0 0 0 0 0 0 0
0 0 0 0 0 0 0 0 0 0
0 0 0 0 0 0 0 0 0 0
0 0 0 0 0 0 0 0 0 0
0 0 0 0 0 0 0 0 0 0
0 0 0 0 0 0 0 0 0 0
0 0 0 0 0 0 0 0 0 0
0 0 0 0 0 0 0 0 0 0
0 0 0 0 0 0 0 0 0 0
0 0 0 0 0 0 0 0 0 0
0 0 0 0 0 0 0 0 0 0
0 0 0 0 0 0 0 0 0 0
0 0 0 0 0 0 0 0 0 0
0 0 0 0 0 0 0 0 0 0
0 0 0 0 0 0 0 0 0 0
0 0 0 0 0 0 0 0 0 0
0 0 0 0 0 0 0 0 0 0
0 0 0 0 0 0 0 0 0 0
0 0 0 0 0 0 0 0 0 0
0 0 0 0 0 0 0 0 0 0
0 0 0 0 0 0 0 0 0 0
0 0 0 0 0 0 0 0 0 0
0 0 0 0 0 0 0 0 0 0
0 0 0 0 0 0 0 0 0 0
0 0 0 0 0 0 0 0 0 0
0 0 0 0 0 0 0 0 0 0
0 0 0 0 0 0 0 0 0 0
0 0 0 0 0 0 0 0 0 0
0 0 0 0 0 0 0 0 0 0
0 0 0 0 0 0 0 0 0 0
0 0 0 0 0 0 0 0 0 0
0 0 0 0 0 0 0 0 0 0
0 0 0 0 0 0 0 0 0 0
0 0 0 0 0 0 0 0 0 0
0 0 0 0 0 0 0 0 0 0
0 0 0 0 0 0 0 0 0 0
0 0 0 0 0 0 0 0 0 0
0 0 0 0 0 0 0 0 0 0
0 0 0 0 0 0 0 0 0 0
0 0 0 0 0 0 0 0 0 0
0 0 0 0 0 0 0 0 0 0
0 0 0 0 0 0 0 0 0 0
0 0 0 0 0 0 0 0 0 0
0 0 0 0 0 0 0 0 0 0
0 0 0 0 0 0 0 0 0 0
0 0 0 0 0 0 0 0 0 0
0 0 0 0 0 0 0 0 0 0
0 0 0 0 0 0 0 0 0 0
0 0 0 0 0 0 0 0 0 0
0 0 0 0 0 0 0 0 0 0
0 0 0 0 0 0 0 0 0 0
0 0 0 0 0 0 0 0 0 0
0 0 0 0 0 0 0 0 0 0
0 0 0 0 0 0 0 0 0 0
0 0 0 0 0 0 0 0 0 0
0 0 0 0 0 0 0 0 0 0
0 0 0 0 0 0 0 0 0 0
0 0 0 0 0 0 0 0 0 0
0 0 0 0 0 0 0 0 0 0
0 0 0 0 0 0 0 0 0 0
0 0 0 0 0 0 0 0 0 0
0 0 0 0 0 0 0 0 0 0
0 0 0 0 0 0 0 0 0 0
0 0 0 0 0 0 0 0 0 0
0 0 0 0 0 0 0 0 0 0
0 0 0 0 0 0 0 0 0 0
0 0 0 0 0 0 0 0 0 0
0 0 0 0 0 0 0 0 0 0
0 0 0 0 0 0 0 0 0 0
0 0 0 0 0 0 0 0 0 0
0 0 0 0 0 0 0 0 0 0
0 0 0 0 0 0 0 0 0 0
0 0 0 0 0 0 0 0 0 0
0 0 0 0 0 0 0 0 0 0
0 0 0 0 0 0 0 0 0 0
0 0 0 0 0 0 0 0 0 0
0 0 0 0 0 0 0 0 0 0
0 0 0 0 0 0 0 0 0 0
0 0 0 0 0 0 0 0 0 0
0 0 0 0 0 0 0 0 0 0
0 0 0 0 0 0 0 0 0 0
0 0 0 0 0 0 0 0 0 0
0 0 0 0 0 0 0 0 0 0
0 0 0 0 0 0 0 0 0 0
0 0 0 0 0 0 0 0 0 0
0 0 0 0 0 0 0 0 0 0
0 0 0 0 0 0 0 0 0 0
0 0 0 0 0 0 0 0 0 0
0 0 0 0 0 0 0 0 0 0
0 0 0 0 0 0 0 0 0 0
0 0 0 0 0 0 0 0 0 0
0 0 0 0 0 0 0 0 0 0
0 0 0 0 0 0 0 0 0 0
0 0 0 0 0 0 0 0 0 0
0 0 0 0 0 0 0 0 0 0
0 0 0 0 0 0 0 0 0 0
0 0 0 0 0 0 0 0 0 0
0 0 0 0 0 0 0 0 0 0
0 0 0 0 0 0 0 0 0 0
0 0 0 0 0 0 0 0 0 0
0 0 0 0 0 0 0 0 0 0
0 0 0 0 0 0 0 0 0 0
0 0 0 0 0 0 0 0 0 0
0 0 0 0 0 0 0 0 0 0
0 0 0 0 0 0 0 0 0 0
0 0 0 0 0 0 0 0 0 0
0 0 0 0 0 0 0 0 0 0
0 0 0 0 0 0 0 0 0 0
0 0 0 0 0 0 0 0 0 0
0 0 0 0 0 0 0 0 0 0
0 0 0 0 0 0 0 0 0 0
0 0 0 0 0 0 0 0 0 0
0 0 0 0 0 0 0 0 0 0
0 0 0 0 0 0 0 0 0 0
0 0 0 0 0 0 0 0 0 20
1000000 1000000 1 1 1 1 1 1000000 1000000 1000000
1 1 1000000 1 1 1000000 1000000 1 1000000 1000000
1 1 1 1 1000000 1 1 1000000 1000000 1000000
1000000 1 1000000 1 1000000 1000000 1 1 1000000 1000000
1000000 1 1000000 1000000 1 1 1 1 1000000 1
1000000 1000000 1 1000000 1 1000000 1 1 1000000 1
1 1000000 1000000 1000000 1000000 1 1000000 1000000 1000000 1
1000000 1000000 1000000 1000000 1000000 1 1000000 1 1 1
1000000 1 1 1000000 1000000 1 1 1 1 1
1000000 1 1000000 1000000 1 1000000 1 1000000 1 1000000
1 1 1000000 1 1 1000000 1000000 1 1000000 1
1000000 1000000 1 1 1000000 1 1000000 1000000 1 1000000
1000000 1 1000000 1 1 1000000 1000000 1 1 1000000
1 1 1 1000000 1 1 1 1 1 1
1000000 1 1 1 1000000 1000000 1000000 1 1000000 1
1 1 1000000 1000000 1000000 1 1000000 1000000 1 1000000
1000000 1000000 1000000 1 1 1000000 1000000 1 1000000 1
1 1000000 1000000 1000000 1000000 1 1000000 1000000 1000000 1000000
1 1 1 1000000 1 1 1000000 1 1 1
1000000 1 1 1000000 1000000 1 1 1000000 1000000 1000000
1 1000000 1 1000000 1 1000000 1 1 1000000 1
1 1000000 1000000 1000000 1 1000000 1000000 1 1000000 1
1 1 1 1 1000000 1 1000000 1000000 1 1
1000000 1 1 1000000 1000000 1 1 1 1 1
1000000 1 1 1 1 1 1 1000000 1000000 1
1000000 1000000 1 1000000 1 1 1 1 1 1
1000000 1000000 1 1000000 1000000 1000000 1 1000000 1 1
1 1 1 1 1000000 1 1 1 1000000 1
1000000 1 1000000 1000000 1 1 1 1000000 1 1000000
1 1000000 1000000 1000000 1 1000000 1000000 1000000 1 1
1 1000000 1000000 1 1000000 1000000 1000000 1 1000000 1000000
1 1000000 1 1 1 1 1 1 1000000 1000000
1000000 1000000 1 1000000 1000000 1 1000000 1 1 1000000
1 1000000 1000000 1 1000000 1000000 1000000 1000000 1000000 1000000
1 1 1 1000000 1 1 1000000 1000000 1000000 1000000
1 1000000 1 1 1000000 1 1 1000000 1 1
1000000 1 1000000 1000000 1000000 1 1 1000000 1 1
1 1 1000000 1000000 1000000 1000000 1000000 1 1000000 1
1 1000000 1000000 1 1 1000000 1000000 1000000 1 1
1 1 1 1 1 1000000 1000000 1 1000000 1
1000000 1000000 1000000 1000000 1000000 1000000 1 1000000 1000000 1
1 1 1000000 1 1000000 1 1 1 1000000 1000000
1000000 1000000 1000000 1000000 1000000 1000000 1000000 1000000 1 1000000
1 1000000 1000000 1000000 1 1000000 1 1000000 1000000 1
1000000 1 1 1000000 1000000 1 1000000 1000000 1000000 1000000
1000000 1 1 1 1000000 1 1000000 1000000 1 1
1 1000000 1000000 1000000 1 1 1 1000000 1000000 1000000
1000000 1000000 1 1 1000000 1 1000000 1 1000000 1
1 1000000 1000000 1 1000000 1 1000000 1 1000000 1
1 1 1 1 1000000 1 1000000 1000000 1 1
1000000 1 1 1 1000000 1000000 1000000 1 1 1000000
1 1000000 1 1000000 1 1 1 1 1 1000000
1000000 1 1000000 1000000 1 1000000 1 1 1 1000000
1 1000000 1000000 1 1 1000000 1000000 1 1000000 1
1 1000000 1 1 1000000 1000000 1000000 1 1 1
1000000 1 1 1 1 1000000 1000000 1 1000000 1000000
1 1 1000000 1000000 1 1 1000000 1 1 1000000
1000000 1000000 1 1000000 1000000 1000000 1000000 1000000 1 1
1000000 1000000 1000000 1 1000000 1 1 1 1000000 1000000
1000000 1 1 1 1 1 1 1 1000000 1
1 1000000 1000000 1 1 1 1000000 1 1 1000000
1 1 1000000 1000000 1 1 1000000 1 1000000 1000000
1 1000000 1 1 1000000 1 1000000 1 1000000 1000000
1 1000000 1000000 1 1000000 1000000 1 1 1 1
1000000 1 1 1 1 1000000 1 1000000 1000000 1000000
1000000 1000000 1 1000000 1000000 1 1 1 1 1
1 1 1 1 1 1 1000000 1000000 1000000 1000000
1 1 1000000 1000000 1 1 1 1 1 1000000
1 1000000 1000000 1000000 1 1 1000000 1 1 1
1 1000000 1 1 1 1 1 1 1000000 1000000
1 1 1 1000000 1 1 1 1 1 1
1 1000000 1 1 1 1 1 1000000 1 1000000
1 1000000 1 1 1 1 1 1000000 1 1
1 1 1000000 1 1000000 1 1000000 1000000 1 1
1000000 1 1000000 1 1 1000000 1 1000000 1000000 1000000
1 1 1000000 1 1000000 1 1 1 1 1000000
1000000 1 1000000 1 1000000 1000000 1000000 1000000 1 1000000
1000000 1 1000000 1000000 1000000 1 1 1000000 1000000 1
1000000 1000000 1 1 1000000 1000000 1000000 1 1 1
1000000 1 1000000 1000000 1000000 1 1 1 1 1000000
1000000 1 1 1000000 1000000 1000000 1000000 1000000 1 1000000
1 1 1 1000000 1000000 1000000 1 1000000 1000000 1000000
1000000 1000000 1 1 1 1 1000000 1000000 1000000 1
1 1000000 1 1000000 1000000 1000000 1 1 1000000 1
1000000 1000000 1 1000000 1 1 1000000 1 1000000 1
1000000 1 1 1 1 1 1000000 1000000 1 1000000
1000000 1 1000000 1 1000000 1000000 1 1 1000000 1000000
1000000 1 1000000 1 1 1 1 1000000 1000000 1000000
1000000 1000000 1000000 1000000 1 1 1 1 1000000 1000000
1 1 1 1 1000000 1 1000000 1 1 1000000
1 1000000 1 1000000 1000000 1 1000000 1000000 1 1000000
1 1000000 1 1000000 1 1 1000000 1 1000000 1
1000000 1 1000000 1000000 1 1000000 1 1000000 1 1000000
1 1000000 1000000 1000000 1 1000000 1 1 1000000 1000000
1 1 1000000 1 1000000 1000000 1000000 1 1000000 1000000
1 1 1000000 1000000 1000000 1000000 1 1000000 1 1000000
1000000 1000000 1 1000000 1000000 1 1 1000000 1000000 1
1 1 1 1 1000000 1 1000000 1 1 1
1 1 1 1 1000000 1000000 1000000 1000000 1 1
1 1 1000000 1 1000000 1 1 1000000 1 1000000
1000000 1 1000000 1000000 1000000 1000000 1 1 1000000 1000000
1 1000000 1000000 1 1000000 1 1000000 1 1 1000000
1000000 1000000 1000000 1 1000000 1000000 1 1000000 1000000 1000000
1 1 1 1 1 1 1 1000000 1 1000000
1000000 1000000 1000000 1000000 1000000 1000000 1 1000000 1 1
1000000 1 1000000 1 1000000 1000000 1 1000000 1000000 1
1 1 1 1 1000000 1 1 1000000 1 1
1 1000000 1 1000000 1000000 1 1 1 1000000 1
1 1 1 1 1000000 1 1000000 1000000 1 1000000
1000000 1 1 1 1000000 1000000 1000000 1000000 1000000 1
1000000 1 1000000 1 1 1 1000000 1000000 1000000 1
1000000 1 1000000 1000000 1 1 1000000 1000000 1 1
1000000 1000000 1000000 1000000 1 1 1000000 1000000 1 1
1 1 1 1000000 1 1 1000000 1 1 1000000
1000000 1000000 1000000 1000000 1 1000000 1 1 1000000 1
1 1000000 1000000 1 1 1 1 1 1000000 1
1 1 1000000 1000000 1 1000000 1000000 1000000 1000000 1
1000000 1000000 1 1 1 1000000 1000000 1000000 1 1000000
1 1000000 1 1000000 1000000 1 1 1000000 1000000 1
1 1000000 1 1000000 1000000 1000000 1000000 1 1 1
1000000 1 1000000 1 1 1000000 1000000 1 1 1
1000000 1 1000000 1 1000000 1000000 1 1 1 1000000
1000000 1 1 1 1000000 1000000 1000000 1 1000000 1000000
1 1 1000000 1 1 1000000 1 1000000 1000000 1000000
1000000 1000000 1 1 1000000 1 1000000 1000000 1000000 1
1 1000000 1000000 1 1 1 1 1 1 1
1 1 1000000 1 1000000 1 1000000 1 1000000 1
1000000 1 1 1 1 1000000 1 1000000 1 1000000
1000000 1 1000000 1 1 1000000 1000000 1 1 1000000
1 1000000 1000000 1 1 1 1000000 1 1 1000000
1000000 1000000 1000000 1 1 1 1 1 1 1000000
1 1000000 1 1 1 1 1000000 1000000 1000000 1
1 1 1 1000000 1000000 1000000 1 1 1000000 1000000
1 1 1000000 1000000 1 1 1 1000000 1000000 1000000
1 1000000 1000000 1000000 1 1000000 1 1 1 1000000
1 1000000 1000000 1 1 1000000 1000000 1 1 1
1 1000000 1000000 1000000 1000000 1 1 1 1000000 1000000
1 1000000 1000000 1000000 1 1000000 1000000 1000000 1000000 1
1 1 1000000 1 1 1000000 1 1000000 1 1
1000000 1 1000000 1000000 1 1 1000000 1000000 1 1000000
1 1 1 1 1 1 1000000 1 1000000 1000000
1000000 1 1000000 1 1000000 1 1 1 1 1000000
1 1 1 1 1 1 1 1000000 1000000 1
1000000 1 1000000 1 1 1 1000000 1000000 1 1
1000000 1 1 1000000 1000000 1 1000000 1000000 1 1000000
1 1 1 1000000 1000000 1000000 1000000 1000000 1000000 1
1000000 1000000 1 1000000 1 1000000 1 1000000 1 1
1 1000000 1000000 1000000 1000000 1 1000000 1000000 1000000 1
1 1 1 1 1 1 1000000 1000000 1000000 1000000
1000000 1 1000000 1000000 1000000 1000000 1 1000000 1 1000000
1000000 1000000 1000000 1 1000000 1 1000000 1000000 1000000 1
1000000 1 1000000 1 1000000 1 1 1000000 1000000 1
1 1000000 1000000 1000000 1000000 1 1000000 1 1 1
1000000 1 1 1 1 1 1000000 1 1 1
1000000 1 1000000 1 1 1000000 1000000 1000000 1000000 1
1000000 1 1000000 1 1000000 1 1 1000000 1000000 1000000
1 1000000 1000000 1 1000000 1 1000000 1 1000000 1000000
1000000 1 1 1000000 1000000 1 1000000 1 1 1
1000000 1000000 1000000 1 1 1 1000000 1000000 1000000 1
1 1 1 1 1000000 1000000 1000000 1000000 1000000 1
1 1 1 1000000 1000000 1000000 1000000 1000000 1000000 1000000
1000000 1 1000000 1000000 1000000 1 1000000 1 1 1
1 1000000 1 1 1 1 1 1000000 1000000 1
1000000 1 1000000 1000000 1 1000000 1000000 1000000 1 1
1000000 1 1000000 1 1000000 1000000 1 1 1000000 1
1000000 1 1000000 1 1000000 1 1 1000000 1 1
1000000 1 1000000 1 1 1000000 1000000 1000000 1000000 1000000
1000000 1 1 1000000 1 1 1000000 1000000 1 1
1 1 1 1 1 1000000 1000000 1 1000000 1000000
1 1 1 1 1000000 1000000 1 1 1000000 1
1000000 1000000 1 1000000 1000000 1000000 1000000 1000000 1000000 1000000
1 1 1 1 1000000 1 1 1000000 1 1
1000000 1000000 1 1000000 1 1 1 1 1 1000000
1 1000000 1000000 1 1000000 1000000 1 1000000 1000000 1
1000000 1 1 1000000 1 1000000 1000000 1000000 1 1000000
1 1 1 1 1000000 1000000 1000000 1000000 1 1000000
1000000 1000000 1000000 1000000 1000000 1 1000000 1000000 1 1000000
1 1 1000000 1000000 1 1000000 1000000 1 1000000 1000000
1 1 1 1000000 1 1000000 1000000 1 1000000 1
1000000 1000000 1 1000000 1000000 1 1 1000000 1000000 1000000
1000000 1000000 1 1000000 1000000 1 1000000 1 1000000 1000000
1000000 1 1000000 1 1 1 1000000 1 1 1000000
1000000 1 1 1 1000000 1000000 1 1 1000000 1
1 1000000 1000000 1 1 1 1 1000000 1 1000000
1 1000000 1 1000000 1 1000000 1 1000000 1 1000000
1 1 1000000 1 1000000 1000000 1 1000000 1000000 1000000
1000000 1 1 1000000 1 1 1 1000000 1000000 1
1000000 1 1000000 1000000 1 1000000 1 1000000 1000000 1
1 1 1 1 1 1000000 1 1 1000000 1000000
1 1000000 1000000 1 1000000 1 1000000 1 1000000 1
1 1 1000000 1 1 1 1000000 1 1000000 1
1 1000000 1 1000000 1 1000000 1000000 1000000 1 1000000
1000000 1000000 1000000 1000000 1 1000000 1000000 1 1000000 1000000
1000000 1000000 1000000 1 1 1000000 1 1000000 1000000 1
1 1000000 1 1000000 1000000 1000000 1 1000000 1000000 1
1 1000000 1 1 1000000 1000000 1000000 1 1000000 1000000
1000000 1 1 1000000 1 1000000 1 1 1000000 1000000
1 1 1 1 1000000 1 1000000 1 1000000 1000000
1 1 1 1000000 1 1 1 1 1000000 1
1 1 1000000 1000000 1 1 1 1000000 1000000 1 1000000 1 1 1 1000000 1000000 1000000 1 1 1000000 1 1 1 1000000 1 1 1 1000000 1000000 1000000 1 1000000 1000000 1 1000000 1 1 1 1 1000000 1000000 1000000 1 1 1 1 1 1 1000000 1 1 1000000 1 1000000 1 1 1 1000000 1 1 1 1 1000000 1 1 1000000 1 1 1000000 1000000 1 1 1 1 1000000 1000000 1 1 1 1000000 1 1000000 1000000 1000000 1 1 1000000 1 1 1 1000000 1 1 1 1000000 1000000 1 1 1 1
1 1000000 1 1 1000000 1 1 1 1000000 1 1 1 1 1 1 1 1000000 1000000 1 1 1000000 1000000 1 1 1000000 1 1000000 1 1000000 1 1000000 1000000 1000000 1 1000000 1000000 1000000 1 1 1 1000000 1 1000000 1000000 1 1 1000000 1000000 1 1000000 1 1 1000000 1000000 1000000 1 1000000 1000000 1 1000000 1 1000000 1 1 1 1000000 1 1 1 1000000 1 1 1 1 1 1000000 1 1 1000000 1000000 1000000 1 1000000 1 1 1000000 1000000 1000000 1 1000000 1 1000000 1 1 1000000 1000000 1 1 1 1
1 1000000 1000000 1000000 1 1 1 1 1 1000000 1000000 1 1 1 1000000 1000000 1 1 1 1000000 1000000 1 1 1 1 1000000 1 1000000 1 1 1 1 1000000 1 1 1000000 1 1 1 1 1000000 1000000 1000000 1000000 1 1 1 1 1000000 1 1 1 1 1 1000000 1 1000000 1000000 1 1 1000000 1000000 1000000 1000000 1000000 1000000 1 1000000 1 1000000 1 1 1000000 1000000 1 1000000 1 1 1 1000000 1000000 1000000 1 1000000 1 1000000 1 1 1 1000000 1000000 1000000 1 1000000 1 1000000 1 1000000 1 1
1 1 1000000 1 1000000 1000000 1000000 1 1000000 1000000 1000000 1 1 1000000 1 1 1000000 1 1 1 1000000 1000000 1 1 1000000 1000000 1 1000000 1000000 1000000 1 1 1 1 1000000 1000000 1 1000000 1000000 1000000 1 1000000 1 1000000 1 1 1000000 1 1 1000000 1000000 1000000 1000000 1 1 1 1 1000000 1 1 1000000 1 1 1 1 1000000 1 1000000 1 1 1 1 1 1 1 1000000 1 1 1 1 1000000 1 1 1 1 1000000 1000000 1000000 1 1 1000000 1 1000000 1000000 1 1 1000000 1000000 1 1
1 1 1 1000000 1000000 1000000 1000000 1 1000000 1 1 1 1000000 1 1000000 1000000 1 1 1000000 1 1000000 1 1 1000000 1000000 1000000 1 1000000 1 1 1 1000000 1000000 1 1000000 1000000 1000000 1 1 1 1000000 1000000 1 1 1 1 1000000 1 1000000 1 1000000 1000000 1000000 1000000 1000000 1 1000000 1000000 1000000 1 1 1 1 1000000 1000000 1 1 1000000 1000000 1 1 1000000 1000000 1000000 1 1 1000000 1 1000000 1000000 1000000 1 1000000 1000000 1 1 1 1000000 1 1000000 1000000 1 1 1 1000000 1000000 1000000 1000000 1 1
1 1 1 1 1000000 1000000 1000000 1000000 1 1000000 1 1 1000000 1 1000000 1 1000000 1000000 1000000 1000000 1 1000000 1 1 1 1000000 1000000 1 1 1000000 1 1 1 1 1000000 1000000 1 1 1 1 1000000 1 1 1000000 1 1 1 1 1 1 1 1 1000000 1000000 1000000 1 1 1 1000000 1 1 1 1000000 1 1 1 1 1000000 1 1000000 1000000 1000000 1000000 1000000 1 1 1 1 1000000 1 1 1000000 1000000 1000000 1000000 1 1000000 1 1 1000000 1 1 1 1 1000000 1 1000000 1 1 1
1 1 1 1000000 1000000 1000000 1 1 1000000 1 1000000 1 1000000 1000000 1000000 1 1 1 1000000 1 1 1000000 1 1 1000000 1 1 1 1000000 1000000 1000000 1 1 1 1000000 1000000 1 1 1000000 1 1000000 1000000 1 1 1 1000000 1 1000000 1000000 1000000 1 1000000 1000000 1000000 1000000 1 1000000 1 1 1000000 1 1 1000000 1 1 1000000 1 1000000 1 1 1 1 1 1 1000000 1 1000000 1 1 1 1 1 1 1 1 1000000 1 1000000 1 1 1 1000000 1000000 1 1 1000000 1 1000000 1 1
1 1000000 1 1000000 1 1000000 1 1 1 1000000 1 1 1 1000000 1 1000000 1 1 1 1 1000000 1000000 1 1 1 1000000 1 1 1 1000000 1 1000000 1000000 1 1 1000000 1 1000000 1 1000000 1000000 1 1 1000000 1 1 1000000 1000000 1 1 1000000 1 1000000 1000000 1 1 1 1 1000000 1 1000000 1 1000000 1000000 1 1 1 1000000 1 1 1 1000000 1000000 1000000 1000000 1000000 1 1 1 1000000 1000000 1000000 1 1000000 1 1000000 1000000 1 1 1 1000000 1 1 1000000 1000000 1000000 1 1 1000000 1
1 1 1000000 1000000 1 1000000 1000000 1 1 1 1 1 1000000 1 1 1000000 1000000 1 1000000 1 1000000 1000000 1 1 1 1000000 1000000 1 1000000 1000000 1000000 1000000 1000000 1 1 1 1 1000000 1 1000000 1000000 1000000 1 1000000 1 1 1 1 1 1 1 1 1000000 1000000 1 1 1000000 1000000 1000000 1 1000000 1000000 1000000 1 1000000 1000000 1 1 1 1000000 1000000 1 1000000 1 1000000 1 1000000 1 1000000 1 1000000 1 1000000 1 1000000 1000000 1 1 1 1 1 1000000 1000000 1 1 1000000 1 1 1 1
1 1 1000000 1000000 1 1 1000000 1000000 1 1000000 1 1 1000000 1000000 1 1000000 1 1000000 1 1 1 1 1 1000000 1000000 1000000 1 1 1000000 1000000 1000000 1 1000000 1 1000000 1000000 1 1000000 1 1000000 1 1000000 1000000 1 1 1 1000000 1000000 1000000 1 1 1 1000000 1000000 1 1 1000000 1 1 1000000 1000000 1 1 1 1000000 1 1 1000000 1 1000000 1000000 1000000 1 1 1000000 1000000 1 1 1000000 1000000 1000000 1 1000000 1 1000000 1000000 1000000 1000000 1 1000000 1000000 1000000 1 1 1 1000000 1 1 1000000 1
1 1000000 1000000 1 1000000 1 1000000 1 1 1000000 1000000 1 1 1000000 1000000 1 1000000 1 1000000 1000000 1000000 1 1 1 1 1 1000000 1000000 1000000 1 1000000 1 1000000 1 1 1 1000000 1 1 1000000 1000000 1 1000000 1000000 1 1 1 1 1000000 1 1 1 1000000 1000000 1 1 1 1 1 1000000 1000000 1 1 1 1 1000000 1 1 1000000 1000000 1000000 1 1000000 1000000 1 1 1 1 1000000 1000000 1000000 1 1000000 1000000 1 1000000 1000000 1000000 1 1000000 1 1000000 1000000 1 1 1000000 1000000 1 1000000 1
1 1000000 1 1 1000000 1 1000000 1 1000000 1000000 1000000 1 1000000 1000000 1000000 1000000 1000000 1000000 1000000 1000000 1 1000000 1 1000000 1000000 1000000 1 1000000 1000000 1 1000000 1 1 1 1000000 1000000 1 1000000 1 1000000 1 1000000 1 1000000 1 1000000 1000000 1 1000000 1000000 1 1 1000000 1 1000000 1 1 1000000 1 1000000 1 1 1 1 1000000 1 1 1000000 1000000 1 1 1000000 1000000 1000000 1000000 1 1000000 1 1 1000000 1 1000000 1 1 1 1 1 1000000 1 1000000 1 1 1000000 1000000 1 1 1000000 1 1 1
1 1000000 1000000 1000000 1 1000000 1000000 1000000 1000000 1000000 1 1 1 1 1 1 1 1 1 1000000 1000000 1 1 1000000 1 1000000 1000000 1 1000000 1000000 1 1000000 1 1 1 1000000 1 1 1 1000000 1000000 1 1000000 1000000 1 1 1 1 1000000 1000000 1000000 1000000 1000000 1 1000000 1 1000000 1000000 1000000 1 1000000 1 1000000 1 1000000 1 1 1000000 1 1000000 1 1 1 1 1000000 1000000 1000000 1 1000000 1000000 1 1000000 1000000 1 1000000 1000000 1 1000000 1 1 1 1 1 1000000 1 1000000 1 1 1000000 1
1 1 1000000 1000000 1 1000000 1 1 1000000 1 1 1 1 1 1 1000000 1000000 1 1 1000000 1 1000000 1 1 1000000 1 1000000 1 1 1000000 1000000 1 1 1 1 1 1 1 1 1 1 1000000 1 1 1 1 1 1000000 1 1000000 1 1 1000000 1 1000000 1 1 1 1000000 1000000 1000000 1000000 1000000 1 1 1 1 1 1 1000000 1000000 1 1 1 1 1000000 1 1 1000000 1000000 1 1000000 1 1 1 1 1 1 1 1 1000000 1000000 1000000 1000000 1000000 1000000 1 1000000 1 1
1 1 1 1000000 1 1 1000000 1 1 1 1 1 1000000 1 1 1000000 1000000 1 1000000 1000000 1000000 1000000 1 1000000 1000000 1000000 1000000 1000000 1000000 1000000 1000000 1 1 1 1 1000000 1 1 1000000 1000000 1 1 1000000 1 1 1 1 1000000 1000000 1 1 1 1000000 1 1000000 1 1 1000000 1000000 1 1 1000000 1 1 1 1 1 1000000 1000000 1000000 1000000 1000000 1 1 1000000 1000000 1 1 1000000 1000000 1 1 1 1 1000000 1000000 1000000 1000000 1 1000000 1 1000000 1 1 1000000 1000000 1 1 1 1
1 1000000 1 1000000 1 1 1 1000000 1 1000000 1 1 1 1 1 1 1000000 1 1000000 1 1000000 1 1 1000000 1000000 1 1000000 1 1 1 1 1 1000000 1 1 1 1000000 1 1000000 1 1000000 1 1000000 1000000 1 1 1000000 1 1000000 1 1000000 1 1000000 1 1 1 1000000 1000000 1 1000000 1000000 1000000 1000000 1000000 1000000 1000000 1 1000000 1 1 1 1 1 1 1000000 1 1000000 1 1000000 1 1000000 1 1 1 1 1 1 1 1 1000000 1 1000000 1 1000000 1 1000000 1 1 1 1
1 1 1000000 1000000 1000000 1 1000000 1 1000000 1000000 1000000 1 1000000 1000000 1 1 1000000 1000000 1 1000000 1 1000000 1 1000000 1000000 1 1 1000000 1 1000000 1 1 1000000 1 1000000 1 1000000 1 1 1 1000000 1000000 1000000 1000000 1 1 1 1000000 1 1 1000000 1 1 1000000 1 1 1 1000000 1000000 1 1 1000000 1 1 1 1 1 1000000 1 1 1 1 1000000 1000000 1 1 1000000 1 1000000 1000000 1000000 1000000 1000000 1 1 1000000 1000000 1 1 1 1 1 1 1000000 1000000 1 1000000 1000000 1000000 1
1 1 1000000 1 1000000 1 1 1 1000000 1000000 1000000 1 1000000 1 1000000 1 1000000 1 1000000 1 1 1 1 1 1 1000000 1 1 1000000 1 1 1000000 1 1 1000000 1000000 1 1000000 1000000 1 1000000 1 1000000 1 1 1 1 1 1000000 1000000 1000000 1000000 1000000 1 1 1 1000000 1 1 1 1 1 1000000 1000000 1000000 1 1 1 1000000 1 1000000 1 1000000 1000000 1000000 1 1000000 1 1 1 1 1000000 1 1000000 1000000 1 1000000 1 1 1 1000000 1000000 1000000 1000000 1 1 1000000 1000000 1 1
1 1000000 1000000 1000000 1 1000000 1 1 1 1000000 1 1 1000000 1000000 1 1 1 1000000 1000000 1 1 1000000 1 1 1 1 1 1 1 1000000 1000000 1 1000000 1 1000000 1 1000000 1000000 1 1 1 1 1000000 1 1 1000000 1000000 1000000 1000000 1000000 1 1000000 1 1 1000000 1 1000000 1 1 1000000 1000000 1000000 1 1 1 1 1 1000000 1000000 1000000 1 1000000 1 1000000 1000000 1000000 1000000 1 1000000 1000000 1 1 1 1000000 1000000 1 1000000 1 1 1000000 1 1000000 1 1 1 1000000 1 1000000 1 1
1 1000000 1000000 1000000 1000000 1000000 1000000 1 1 1 1 1 1 1 1000000 1 1 1000000 1 1000000 1000000 1000000 1 1 1000000 1 1 1 1000000 1 1000000 1 1 1 1 1 1000000 1 1 1000000 1 1000000 1 1000000 1 1000000 1000000 1 1000000 1 1000000 1000000 1 1 1 1 1 1 1000000 1000000 1 1000000 1000000 1 1000000 1 1 1000000 1000000 1 1 1000000 1 1 1 1000000 1000000 1 1 1000000 1 1000000 1 1000000 1 1000000 1000000 1 1 1000000 1000000 1 1 1000000 1 1000000 1000000 1000000 1000000 1
1 1 1000000 1 1 1000000 1000000 1 1000000 1 1 1 1000000 1000000 1000000 1 1 1000000 1000000 1 1 1000000 1 1000000 1 1000000 1 1 1 1000000 1000000 1000000 1 1 1000000 1 1000000 1 1000000 1 1 1000000 1 1000000 1 1 1000000 1 1 1 1000000 1000000 1000000 1 1 1 1000000 1 1 1 1000000 1 1 1000000 1000000 1000000 1 1 1000000 1 1 1 1 1 1000000 1000000 1000000 1 1000000 1 1000000 1 1 1 1000000 1 1 1000000 1 1000000 1 1000000 1000000 1 1 1 1000000 1000000 1000000 1
1 1000000 1000000 1 1 1 1 1000000 1 1000000 1000000 1 1 1 1000000 1000000 1000000 1 1000000 1000000 1 1 1 1000000 1 1000000 1 1000000 1000000 1000000 1 1000000 1 1 1 1 1 1000000 1000000 1 1000000 1 1 1 1 1000000 1000000 1 1000000 1 1000000 1 1000000 1 1000000 1 1 1000000 1 1 1000000 1 1000000 1 1 1000000 1 1 1000000 1 1 1000000 1000000 1000000 1000000 1 1 1 1 1 1 1 1000000 1 1 1000000 1 1000000 1 1000000 1000000 1000000 1 1 1 1 1000000 1 1000000 1
1 1 1 1000000 1000000 1000000 1 1000000 1 1 1 1 1 1000000 1 1000000 1 1000000 1000000 1 1000000 1000000 1 1 1 1 1000000 1 1 1 1000000 1000000 1 1 1 1000000 1 1 1000000 1000000 1 1 1000000 1000000 1 1 1000000 1 1 1000000 1000000 1000000 1 1 1 1 1 1 1 1 1000000 1000000 1 1000000 1000000 1000000 1 1 1 1 1 1000000 1000000 1000000 1 1 1000000 1 1 1000000 1 1 1000000 1 1 1000000 1000000 1 1 1000000 1000000 1 1000000 1 1000000 1000000 1000000 1000000 1000000 1
1 1 1 1000000 1000000 1 1 1 1000000 1 1 1 1 1 1000000 1 1000000 1000000 1 1000000 1000000 1000000 1 1000000 1000000 1 1 1000000 1000000 1000000 1000000 1 1000000 1 1 1 1000000 1000000 1000000 1 1 1000000 1000000 1 1 1000000 1 1000000 1000000 1 1000000 1 1000000 1000000 1 1 1000000 1000000 1 1000000 1 1 1 1000000 1 1 1 1 1 1 1000000 1 1000000 1 1000000 1000000 1 1 1 1 1000000 1000000 1000000 1 1000000 1 1 1000000 1 1 1000000 1000000 1 1000000 1000000 1 1 1 1000000 1
1 1 1000000 1000000 1 1000000 1 1 1000000 1000000 1 1 1 1000000 1 1000000 1 1 1 1 1 1000000 1 1 1000000 1000000 1000000 1000000 1 1000000 1 1000000 1000000 1 1 1000000 1000000 1000000 1 1000000 1 1000000 1000000 1 1 1000000 1000000 1000000 1000000 1 1 1000000 1 1 1000000 1 1 1 1 1000000 1 1000000 1000000 1000000 1 1000000 1 1000000 1 1 1 1 1 1 1000000 1000000 1000000 1 1000000 1 1000000 1000000 1000000 1000000 1000000 1 1 1000000 1 1 1 1000000 1000000 1 1 1 1000000 1000000 1 1
1 1 1 1 1 1000000 1000000 1 1000000 1000000 1 1 1000000 1 1000000 1 1000000 1 1 1000000 1 1000000 1 1 1 1 1000000 1000000 1000000 1000000 1 1 1000000 1 1 1 1000000 1 1 1000000 1000000 1000000 1 1 1 1 1 1 1000000 1 1000000 1 1000000 1 1000000 1 1 1000000 1 1 1 1 1000000 1 1000000 1 1 1000000 1 1000000 1 1 1 1000000 1 1000000 1000000 1 1 1 1 1 1000000 1000000 1 1 1 1 1 1000000 1000000 1 1 1000000 1000000 1000000 1 1 1 1
1 1 1 1000000 1000000 1 1000000 1000000 1 1000000 1000000 1 1 1 1 1 1 1000000 1 1000000 1 1000000 1 1000000 1000000 1000000 1000000 1000000 1000000 1000000 1000000 1000000 1 1 1000000 1 1 1 1000000 1 1000000 1 1 1000000 1 1 1000000 1 1000000 1000000 1000000 1000000 1 1 1000000 1 1 1000000 1000000 1000000 1000000 1000000 1 1 1 1 1 1000000 1 1 1000000 1000000 1 1000000 1 1000000 1000000 1 1000000 1 1 1000000 1000000 1 1 1 1 1 1 1 1000000 1 1000000 1 1000000 1000000 1 1000000 1 1
1 1000000 1 1000000 1000000 1 1 1000000 1 1 1000000 1 1 1000000 1000000 1 1000000 1 1000000 1000000 1000000 1 1 1 1000000 1 1000000 1 1000000 1 1 1 1000000 1 1000000 1 1 1000000 1 1 1 1000000 1000000 1 1 1000000 1000000 1000000 1 1000000 1 1 1000000 1 1 1 1000000 1 1000000 1000000 1000000 1 1000000 1000000 1000000 1 1 1 1000000 1000000 1 1000000 1000000 1 1000000 1000000 1 1 1 1000000 1000000 1000000 1000000 1 1000000 1000000 1000000 1 1 1 1 1 1000000 1 1000000 1000000 1000000 1 1 1
1 1 1000000 1000000 1000000 1 1000000 1000000 1000000 1000000 1 1 1 1 1000000 1000000 1 1 1000000 1000000 1000000 1000000 1 1 1000000 1 1000000 1000000 1000000 1 1 1000000 1 1 1000000 1000000 1 1 1 1 1000000 1000000 1 1 1 1 1000000 1 1000000 1000000 1 1 1 1 1 1 1 1000000 1000000 1000000 1 1000000 1000000 1000000 1000000 1000000 1 1000000 1 1 1000000 1 1 1 1000000 1000000 1 1 1000000 1 1 1 1000000 1000000 1000000 1000000 1 1000000 1 1000000 1000000 1 1 1 1 1000000 1000000 1000000 1000000 1
1 1000000 1000000 1000000 1000000 1 1 1000000 1000000 1000000 1000000 1 1000000 1 1000000 1 1000000 1 1 1000000 1 1000000 1 1 1000000 1000000 1000000 1 1 1 1 1 1000000 1 1000000 1 1000000 1 1000000 1000000 1 1 1 1 1 1000000 1 1000000 1000000 1 1000000 1000000 1000000 1 1000000 1 1 1000000 1000000 1000000 1000000 1 1000000 1 1000000 1000000 1 1 1 1000000 1000000 1000000 1 1 1 1000000 1000000 1 1 1 1000000 1 1 1000000 1 1000000 1000000 1000000 1 1000000 1000000 1000000 1000000 1 1000000 1000000 1000000 1000000 1000000 1
1 1000000 1000000 1 1000000 1 1000000 1 1000000 1000000 1 1 1000000 1000000 1000000 1000000 1000000 1 1000000 1 1 1 1 1 1000000 1000000 1 1000000 1000000 1000000 1000000 1 1 1 1000000 1 1000000 1 1 1 1000000 1 1 1 1 1 1000000 1 1000000 1 1 1000000 1000000 1 1 1 1000000 1000000 1 1 1 1 1 1000000 1000000 1 1 1000000 1 1000000 1000000 1000000 1 1000000 1 1 1 1 1 1 1 1000000 1 1000000 1000000 1000000 1 1000000 1 1000000 1 1000000 1000000 1000000 1 1000000 1000000 1 1000000 1
1 1 1 1 1000000 1 1 1000000 1000000 1000000 1 1 1 1000000 1 1000000 1 1000000 1 1 1 1000000 1 1 1000000 1 1000000 1000000 1 1000000 1000000 1000000 1000000 1 1 1000000 1000000 1000000 1000000 1000000 1000000 1000000 1 1000000 1 1 1 1000000 1 1000000 1000000 1 1000000 1 1000000 1 1 1 1 1000000 1 1 1 1 1000000 1000000 1 1000000 1 1000000 1000000 1000000 1000000 1000000 1 1 1 1 1 1 1 1000000 1000000 1000000 1 1 1000000 1000000 1 1000000 1000000 1 1000000 1 1 1000000 1 1 1000000 1
1 1000000 1000000 1000000 1 1000000 1 1000000 1 1 1 1 1000000 1000000 1 1000000 1 1 1000000 1 1000000 1 1 1 1 1 1 1000000 1 1000000 1 1 1 1 1000000 1 1 1 1 1000000 1 1 1 1 1 1000000 1000000 1 1 1000000 1 1 1000000 1 1 1 1 1 1000000 1000000 1000000 1 1000000 1 1000000 1 1 1000000 1000000 1000000 1000000 1 1000000 1 1 1000000 1 1 1 1 1 1 1 1 1 1000000 1000000 1 1 1 1000000 1000000 1 1 1 1 1000000 1000000 1 1
1 1000000 1000000 1 1000000 1 1000000 1000000 1 1000000 1 1 1000000 1 1 1000000 1000000 1 1 1 1 1 1 1 1 1 1 1 1000000 1 1000000 1000000 1000000 1 1 1000000 1000000 1000000 1000000 1 1000000 1 1 1000000 1 1 1 1 1 1 1000000 1000000 1000000 1 1000000 1 1 1000000 1 1000000 1 1 1000000 1 1000000 1 1 1000000 1 1000000 1 1 1 1000000 1000000 1000000 1 1 1 1000000 1 1 1 1 1 1000000 1000000 1 1 1000000 1 1000000 1000000 1000000 1000000 1 1 1 1000000 1
1 1000000 1 1000000 1000000 1000000 1000000 1000000 1 1 1000000 1 1 1 1 1000000 1000000 1000000 1 1 1000000 1 1 1000000 1000000 1 1 1 1 1 1000000 1 1000000 1 1 1 1000000 1 1 1 1000000 1000000 1000000 1 1 1 1 1 1000000 1 1000000 1 1 1 1 1 1000000 1000000 1000000 1000000 1 1 1000000 1000000 1 1 1 1000000 1000000 1 1 1000000 1 1000000 1 1000000 1000000 1 1000000 1000000 1 1000000 1 1000000 1000000 1 1000000 1000000 1 1000000 1000000 1000000 1 1000000 1000000 1000000 1 1000000 1 1
1 1000000 1000000 1000000 1 1 1 1 1 1000000 1 1 1000000 1000000 1 1 1000000 1 1000000 1 1000000 1 1 1000000 1 1 1000000 1000000 1 1 1000000 1000000 1000000 1 1000000 1000000 1 1000000 1 1000000 1 1000000 1000000 1000000 1 1000000 1 1 1000000 1 1000000 1000000 1000000 1 1000000 1 1 1000000 1000000 1 1 1000000 1000000 1000000 1000000 1 1 1 1 1 1000000 1 1000000 1 1000000 1 1 1 1 1 1000000 1000000 1000000 1 1 1 1000000 1000000 1 1000000 1000000 1000000 1000000 1000000 1000000 1 1000000 1 1 1
1 1 1000000 1000000 1 1000000 1 1 1000000 1 1 1 1 1000000 1 1000000 1 1 1000000 1000000 1 1000000 1 1 1 1000000 1 1 1 1 1000000 1000000 1 1 1000000 1 1000000 1000000 1 1 1000000 1 1000000 1 1 1000000 1000000 1 1 1000000 1000000 1 1000000 1 1 1 1 1 1 1 1000000 1 1000000 1 1000000 1 1 1 1000000 1000000 1 1000000 1000000 1000000 1 1000000 1000000 1 1000000 1 1000000 1 1 1 1000000 1 1000000 1000000 1 1000000 1000000 1000000 1 1 1000000 1000000 1000000 1 1 1
1 1 1 1000000 1000000 1000000 1000000 1 1 1 1 1 1000000 1000000 1 1000000 1 1 1 1 1000000 1 1 1 1000000 1 1 1000000 1 1000000 1 1000000 1000000 1 1000000 1000000 1000000 1 1000000 1 1 1000000 1 1 1 1000000 1000000 1 1000000 1 1000000 1 1000000 1000000 1000000 1 1 1 1000000 1 1000000 1000000 1 1 1 1000000 1 1000000 1000000 1 1000000 1 1000000 1000000 1 1000000 1000000 1 1 1 1 1 1000000 1000000 1000000 1 1000000 1000000 1 1 1000000 1000000 1 1 1000000 1000000 1000000 1000000 1 1
1 1000000 1 1 1000000 1000000 1 1000000 1 1 1000000 1 1 1000000 1 1 1000000 1000000 1000000 1000000 1000000 1000000 1 1 1000000 1 1 1 1 1000000 1000000 1000000 1000000 1 1 1000000 1 1000000 1 1 1 1000000 1 1000000 1 1 1 1000000 1000000 1 1000000 1 1000000 1000000 1 1 1000000 1000000 1 1 1 1 1000000 1 1000000 1000000 1 1000000 1 1000000 1000000 1000000 1000000 1 1 1 1 1 1 1 1000000 1000000 1 1 1000000 1000000 1000000 1 1 1000000 1 1 1000000 1 1 1 1 1 1000000 1
1 1000000 1 1000000 1000000 1 1000000 1000000 1 1 1 1 1 1000000 1 1000000 1 1 1 1000000 1000000 1000000 1 1 1 1 1 1000000 1000000 1 1 1 1 1 1 1000000 1 1000000 1 1000000 1000000 1 1 1000000 1 1000000 1 1000000 1 1000000 1000000 1 1000000 1 1 1 1000000 1 1 1000000 1000000 1 1 1 1 1000000 1 1 1 1000000 1000000 1 1 1000000 1000000 1 1 1 1000000 1000000 1 1000000 1000000 1 1000000 1 1 1 1 1000000 1 1 1 1000000 1000000 1000000 1 1000000 1000000 1
1 1000000 1 1 1000000 1 1000000 1000000 1000000 1 1000000 1 1 1 1000000 1000000 1 1000000 1000000 1000000 1 1000000 1 1 1 1000000 1 1000000 1000000 1000000 1000000 1 1000000 1 1 1000000 1 1 1000000 1 1 1000000 1000000 1000000 1 1000000 1000000 1000000 1000000 1000000 1 1000000 1 1000000 1 1 1 1000000 1000000 1 1000000 1000000 1000000 1000000 1 1 1 1 1 1 1 1000000 1 1000000 1000000 1 1000000 1 1000000 1000000 1 1000000 1000000 1000000 1 1 1 1 1 1000000 1 1000000 1000000 1 1 1 1 1 1000000 1
1 1000000 1000000 1000000 1000000 1000000 1 1 1000000 1000000 1000000 1 1 1 1000000 1 1000000 1 1 1 1000000 1 1 1 1000000 1 1 1 1000000 1 1 1 1000000 1 1 1 1000000 1 1 1 1000000 1 1000000 1 1 1 1 1000000 1000000 1 1000000 1 1000000 1000000 1 1 1000000 1 1000000 1 1 1000000 1000000 1000000 1000000 1000000 1 1000000 1 1000000 1000000 1000000 1 1 1 1 1000000 1 1 1000000 1000000 1 1 1000000 1000000 1 1 1 1 1000000 1000000 1 1000000 1 1 1000000 1000000 1000000 1000000 1
1 1 1000000 1 1000000 1000000 1000000 1 1000000 1000000 1000000 1 1000000 1 1000000 1 1000000 1 1000000 1000000 1000000 1 1 1000000 1000000 1 1 1 1000000 1000000 1 1000000 1 1 1000000 1 1000000 1000000 1000000 1 1000000 1 1000000 1 1 1000000 1000000 1000000 1 1000000 1000000 1000000 1 1000000 1000000 1 1000000 1 1 1 1000000 1000000 1 1 1000000 1000000 1 1 1000000 1 1000000 1000000 1000000 1000000 1000000 1000000 1000000 1 1000000 1000000 1000000 1 1 1000000 1000000 1 1000000 1000000 1 1 1 1 1000000 1000000 1000000 1 1000000 1 1 1
1 1 1000000 1 1 1000000 1 1 1000000 1000000 1000000 1 1000000 1 1000000 1000000 1000000 1 1000000 1000000 1000000 1 1 1 1 1000000 1000000 1 1000000 1 1 1000000 1000000 1 1 1000000 1000000 1000000 1 1000000 1 1 1 1 1 1 1 1000000 1000000 1000000 1000000 1 1 1000000 1000000 1 1000000 1000000 1000000 1 1 1 1 1000000 1000000 1 1 1000000 1000000 1 1 1 1000000 1 1000000 1000000 1000000 1 1 1 1000000 1000000 1 1000000 1000000 1 1 1 1 1000000 1000000 1 1000000 1000000 1 1000000 1000000 1 1000000 1
1 1 1 1 1 1000000 1 1000000 1000000 1000000 1000000 1 1 1 1000000 1000000 1000000 1 1000000 1 1 1000000 1 1000000 1000000 1000000 1000000 1000000 1 1000000 1 1000000 1 1 1000000 1000000 1 1000000 1000000 1000000 1000000 1000000 1000000 1 1 1 1000000 1000000 1000000 1 1 1000000 1 1 1 1 1000000 1000000 1 1000000 1000000 1000000 1 1 1 1000000 1 1000000 1000000 1 1 1000000 1 1000000 1 1000000 1 1 1000000 1000000 1000000 1000000 1 1 1 1 1000000 1000000 1 1 1000000 1000000 1000000 1000000 1000000 1000000 1 1000000 1000000 1
1 1 1 1 1 1 1 1000000 1000000 1 1 1 1 1 1 1 1 1000000 1 1 1 1000000 1 1 1 1000000 1000000 1 1000000 1000000 1 1000000 1000000 1 1 1 1 1 1 1000000 1000000 1000000 1 1000000 1 1000000 1000000 1000000 1000000 1000000 1 1 1 1000000 1 1 1 1000000 1 1 1000000 1000000 1000000 1 1 1 1 1000000 1000000 1000000 1 1 1000000 1000000 1 1 1000000 1 1000000 1000000 1000000 1 1000000 1000000 1 1 1000000 1 1 1000000 1000000 1000000 1 1 1000000 1 1000000 1 1 1
1 1000000 1000000 1000000 1 1 1 1 1 1000000 1 1 1 1 1000000 1 1 1 1 1000000 1 1000000 1 1 1 1 1000000 1 1 1 1000000 1000000 1000000 1 1000000 1 1 1 1000000 1000000 1000000 1000000 1000000 1 1 1000000 1 1000000 1 1000000 1000000 1 1000000 1000000 1000000 1 1000000 1000000 1000000 1000000 1000000 1000000 1000000 1000000 1 1 1 1000000 1 1000000 1000000 1 1 1000000 1 1000000 1000000 1 1 1000000 1 1000000 1000000 1 1000000 1000000 1000000 1 1 1 1 1000000 1000000 1 1000000 1 1000000 1 1000000 1
1 1000000 1 1000000 1000000 1 1000000 1 1 1 1 1 1 1 1 1000000 1 1 1000000 1000000 1000000 1 1 1 1 1 1 1000000 1000000 1000000 1000000 1000000 1 1 1 1 1000000 1000000 1 1000000 1 1 1000000 1 1 1000000 1 1 1 1 1 1000000 1000000 1 1000000 1 1 1000000 1000000 1 1000000 1000000 1000000 1 1 1000000 1 1 1 1 1000000 1 1000000 1000000 1000000 1000000 1 1 1000000 1 1 1000000 1000000 1 1000000 1 1000000 1000000 1 1 1000000 1000000 1 1 1000000 1000000 1000000 1 1000000 1
1 1 1 1000000 1000000 1000000 1000000 1 1 1000000 1000000 1 1 1 1 1 1 1000000 1 1 1000000 1000000 1 1000000 1000000 1000000 1 1 1 1 1 1000000 1 1 1000000 1 1 1000000 1000000 1 1 1000000 1000000 1 1 1000000 1000000 1 1 1000000 1000000 1 1 1000000 1000000 1 1000000 1000000 1000000 1000000 1 1000000 1 1 1000000 1000000 1 1 1000000 1 1 1 1 1000000 1 1 1000000 1 1000000 1000000 1000000 1 1 1000000 1000000 1000000 1000000 1000000 1 1 1 1 1000000 1 1000000 1 1000000 1000000 1000000 1
1 1 1000000 1000000 1 1000000 1000000 1000000 1000000 1 1 1 1000000 1 1000000 1 1 1 1000000 1000000 1000000 1000000 1 1 1 1000000 1000000 1000000 1000000 1000000 1 1000000 1 1 1000000 1000000 1 1000000 1 1000000 1 1 1000000 1000000 1 1 1 1 1000000 1000000 1000000 1000000 1000000 1000000 1 1 1 1000000 1000000 1000000 1000000 1000000 1 1 1000000 1000000 1 1000000 1 1000000 1000000 1 1 1000000 1 1000000 1 1 1000000 1 1000000 1 1000000 1000000 1000000 1000000 1 1000000 1 1 1 1 1 1 1 1 1 1 1 1
1 1000000 1 1 1 1 1 1000000 1000000 1 1 1 1 1 1 1000000 1 1000000 1 1000000 1 1 1 1 1000000 1 1 1 1000000 1 1 1000000 1 1 1 1000000 1 1000000 1000000 1 1000000 1 1000000 1000000 1 1 1000000 1 1 1 1000000 1000000 1000000 1 1 1 1000000 1 1 1 1 1 1 1 1000000 1000000 1 1 1000000 1000000 1 1 1 1 1 1000000 1000000 1 1 1000000 1000000 1000000 1 1000000 1000000 1 1 1000000 1 1 1 1 1 1000000 1 1 1 1000000 1 1
1 1000000 1000000 1 1 1 1 1 1000000 1000000 1 1 1 1 1 1 1 1000000 1 1000000 1000000 1000000 1 1000000 1000000 1 1000000 1000000 1 1 1 1 1 1 1000000 1000000 1 1 1 1000000 1000000 1 1 1 1 1 1 1 1 1 1 1 1 1 1 1 1 1000000 1 1 1000000 1 1000000 1000000 1 1000000 1 1 1000000 1000000 1000000 1000000 1 1 1000000 1 1000000 1 1000000 1 1 1000000 1 1000000 1000000 1000000 1000000 1 1 1 1 1 1 1 1000000 1000000 1 1000000 1 1
1 1000000 1000000 1 1 1 1 1 1000000 1000000 1 1 1000000 1000000 1 1 1000000 1000000 1 1 1000000 1 1 1 1 1000000 1000000 1 1 1000000 1 1 1 1 1 1 1000000 1000000 1000000 1 1000000 1000000 1 1000000 1 1 1 1000000 1000000 1 1000000 1000000 1 1000000 1 1 1000000 1 1000000 1000000 1 1000000 1000000 1000000 1000000 1 1 1000000 1000000 1000000 1 1 1 1 1000000 1 1000000 1 1000000 1 1 1000000 1000000 1 1 1 1 1000000 1 1000000 1000000 1 1 1000000 1 1000000 1 1000000 1 1
1 1000000 1000000 1000000 1000000 1000000 1 1 1000000 1 1 1 1000000 1 1000000 1000000 1 1 1 1000000 1 1000000 1 1 1000000 1000000 1 1 1000000 1 1000000 1000000 1 1 1 1000000 1000000 1 1 1 1000000 1 1000000 1000000 1 1000000 1000000 1000000 1000000 1 1000000 1000000 1 1 1 1 1 1 1000000 1000000 1 1000000 1 1000000 1 1000000 1 1000000 1000000 1000000 1000000 1 1000000 1 1 1 1 1 1 1000000 1000000 1000000 1 1 1 1000000 1000000 1 1 1 1000000 1 1 1000000 1 1000000 1000000 1 1 1
1 1000000 1000000 1 1000000 1 1000000 1000000 1 1000000 1000000 1 1 1 1 1000000 1000000 1 1000000 1 1 1 1 1000000 1000000 1 1 1 1 1000000 1000000 1000000 1 1 1 1000000 1000000 1000000 1000000 1 1 1 1000000 1 1 1000000 1000000 1000000 1 1000000 1 1000000 1 1 1 1 1 1 1 1 1000000 1000000 1 1 1000000 1000000 1 1000000 1000000 1000000 1000000 1 1 1 1000000 1000000 1 1 1000000 1 1000000 1 1000000 1 1 1 1 1000000 1 1000000 1000000 1000000 1 1 1 1 1000000 1000000 1 1
1 1 1 1000000 1 1 1 1000000 1000000 1000000 1 1 1 1 1 1000000 1000000 1000000 1 1 1 1 1 1 1 1 1 1 1 1000000 1 1000000 1000000 1 1000000 1 1000000 1000000 1 1 1000000 1000000 1 1000000 1 1 1 1 1 1000000 1000000 1 1000000 1 1000000 1 1000000 1000000 1000000 1 1 1000000 1 1000000 1000000 1 1 1000000 1000000 1000000 1 1000000 1 1 1 1 1 1 1 1 1 1000000 1 1 1000000 1000000 1 1000000 1 1000000 1000000 1000000 1000000 1000000 1 1000000 1 1 1 1
1 1000000 1 1000000 1 1000000 1 1 1000000 1 1000000 1 1000000 1000000 1000000 1 1 1000000 1 1 1000000 1000000 1 1000000 1000000 1 1000000 1 1 1000000 1 1 1000000 1 1000000 1000000 1000000 1000000 1 1 1 1000000 1000000 1000000 1 1000000 1 1000000 1000000 1 1 1000000 1000000 1000000 1000000 1 1 1 1000000 1 1000000 1000000 1000000 1000000 1000000 1000000 1 1000000 1 1000000 1 1000000 1 1000000 1000000 1000000 1 1 1 1 1000000 1 1 1 1 1000000 1000000 1 1 1000000 1 1000000 1 1000000 1 1 1000000 1 1000000 1
1 1 1000000 1 1000000 1 1000000 1 1000000 1 1000000 1 1000000 1000000 1000000 1000000 1 1 1 1000000 1 1000000 1 1 1 1000000 1 1000000 1000000 1000000 1 1000000 1000000 1 1 1 1000000 1 1000000 1 1 1000000 1 1 1 1000000 1000000 1000000 1000000 1 1 1000000 1 1000000 1 1 1000000 1000000 1000000 1 1000000 1000000 1000000 1000000 1000000 1000000 1 1000000 1 1 1000000 1 1000000 1 1 1000000 1 1 1 1000000 1000000 1000000 1 1 1 1000000 1 1000000 1 1000000 1000000 1 1000000 1000000 1 1000000 1000000 1 1 1
1 1 1000000 1000000 1 1000000 1000000 1000000 1 1000000 1000000 1 1000000 1000000 1000000 1000000 1000000 1000000 1 1 1000000 1 1 1 1 1 1 1000000 1000000 1000000 1 1 1 1 1000000 1 1 1000000 1000000 1000000 1000000 1 1000000 1 1 1000000 1 1 1 1 1000000 1 1 1 1 1 1 1000000 1000000 1000000 1 1000000 1 1 1000000 1 1 1000000 1000000 1 1 1 1 1 1 1000000 1 1 1000000 1 1000000 1 1 1000000 1000000 1000000 1000000 1000000 1 1000000 1 1 1 1000000 1 1000000 1000000 1000000 1000000 1
1 1 1000000 1000000 1 1000000 1 1000000 1 1000000 1000000 1 1000000 1000000 1 1 1 1 1000000 1 1000000 1000000 1 1000000 1 1000000 1000000 1000000 1 1 1 1000000 1000000 1 1000000 1000000 1000000 1000000 1000000 1000000 1000000 1000000 1000000 1 1 1 1 1000000 1 1 1 1000000 1000000 1 1000000 1 1 1000000 1 1000000 1 1000000 1000000 1000000 1000000 1000000 1 1 1 1 1 1000000 1000000 1 1000000 1000000 1000000 1 1000000 1000000 1000000 1000000 1000000 1 1000000 1000000 1000000 1000000 1 1000000 1000000 1 1 1000000 1 1000000 1000000 1000000 1 1
1 1000000 1 1000000 1000000 1000000 1 1000000 1000000 1 1000000 1 1000000 1 1000000 1 1 1000000 1 1 1000000 1 1 1 1000000 1 1 1 1 1 1 1 1000000 1 1 1000000 1000000 1 1000000 1000000 1 1 1 1000000 1 1000000 1 1 1 1 1 1000000 1 1000000 1000000 1 1 1000000 1000000 1000000 1 1 1 1 1 1 1 1 1 1000000 1 1 1000000 1000000 1000000 1000000 1 1 1 1 1 1 1 1000000 1 1000000 1000000 1000000 1 1 1000000 1000000 1000000 1 1000000 1000000 1000000 1 1000000 1
1 1000000 1 1 1 1000000 1000000 1000000 1 1 1000000 1 1000000 1000000 1 1000000 1000000 1000000 1 1 1000000 1 1 1000000 1 1000000 1000000 1000000 1 1 1000000 1 1 1 1000000 1 1000000 1 1 1 1 1 1000000 1000000 1 1000000 1000000 1000000 1000000 1 1 1 1 1 1000000 1 1000000 1000000 1 1000000 1 1 1 1 1 1 1 1 1 1000000 1000000 1 1000000 1 1 1000000 1 1 1000000 1000000 1000000 1000000 1 1000000 1000000 1 1000000 1000000 1 1 1 1 1 1000000 1000000 1 1000000 1000000 1000000 1
1 1 1 1000000 1000000 1 1000000 1 1 1000000 1000000 1 1000000 1 1 1000000 1000000 1 1 1000000 1000000 1 1 1000000 1000000 1000000 1000000 1 1000000 1 1 1000000 1000000 1 1000000 1 1 1 1 1000000 1000000 1 1 1 1 1 1000000 1 1 1000000 1000000 1000000 1000000 1000000 1000000 1 1 1 1000000 1000000 1 1 1000000 1000000 1 1 1 1 1 1 1 1000000 1000000 1 1000000 1 1000000 1 1000000 1 1 1 1000000 1 1000000 1000000 1 1 1 1 1000000 1000000 1 1000000 1000000 1 1 1000000 1 1
1 1000000 1000000 1 1 1 1000000 1 1000000 1 1000000 1 1 1 1000000 1000000 1000000 1000000 1000000 1 1000000 1000000 1 1000000 1000000 1000000 1000000 1000000 1 1000000 1 1000000 1 1 1000000 1 1000000 1 1 1 1000000 1000000 1 1000000 1 1000000 1 1000000 1 1000000 1 1 1000000 1000000 1 1 1000000 1 1000000 1000000 1000000 1000000 1 1000000 1000000 1000000 1 1000000 1000000 1000000 1 1000000 1000000 1000000 1 1 1 1 1 1 1 1 1000000 1 1000000 1000000 1 1 1 1000000 1 1000000 1 1 1 1 1 1 1 1
1 1 1000000 1 1 1 1000000 1000000 1000000 1000000 1 1 1000000 1000000 1000000 1 1000000 1 1000000 1000000 1 1 1 1000000 1000000 1000000 1 1000000 1 1 1000000 1 1 1 1 1 1000000 1000000 1000000 1 1000000 1 1 1 1 1 1 1000000 1 1000000 1000000 1000000 1 1000000 1 1 1000000 1 1 1 1 1000000 1 1000000 1 1000000 1 1 1 1 1000000 1 1 1000000 1 1000000 1000000 1 1000000 1000000 1 1000000 1 1 1 1 1 1 1 1000000 1 1 1000000 1000000 1 1000000 1000000 1000000 1000000 1
1 1000000 1 1000000 1000000 1000000 1 1 1 1000000 1 1 1000000 1000000 1000000 1000000 1000000 1 1000000 1 1000000 1 1 1000000 1 1000000 1000000 1000000 1000000 1000000 1000000 1 1 1 1000000 1000000 1 1 1 1000000 1000000 1000000 1 1000000 1 1 1 1000000 1 1 1000000 1000000 1000000 1 1000000 1 1000000 1000000 1000000 1000000 1000000 1 1 1000000 1000000 1000000 1 1 1000000 1000000 1000000 1000000 1000000 1 1000000 1000000 1000000 1 1 1 1000000 1 1 1 1000000 1 1 1 1 1 1000000 1000000 1000000 1 1000000 1000000 1000000 1000000 1000000 1
1 1000000 1 1000000 1 1000000 1000000 1 1000000 1 1 1 1000000 1 1000000 1 1000000 1000000 1000000 1 1 1000000 1 1 1 1 1000000 1 1000000 1000000 1 1 1 1 1000000 1 1000000 1 1 1 1000000 1000000 1 1 1 1000000 1 1000000 1000000 1000000 1000000 1000000 1000000 1 1000000 1 1 1000000 1 1000000 1 1000000 1000000 1 1 1000000 1 1 1000000 1000000 1 1000000 1 1000000 1000000 1000000 1000000 1 1000000 1000000 1000000 1 1000000 1 1 1000000 1 1 1 1000000 1 1000000 1 1000000 1 1000000 1 1000000 1 1
1 1 1000000 1000000 1 1000000 1000000 1 1000000 1 1000000 1 1000000 1000000 1000000 1000000 1000000 1000000 1 1 1 1000000 1 1000000 1 1000000 1000000 1000000 1 1000000 1 1000000 1 1 1000000 1 1 1 1000000 1 1 1000000 1000000 1 1 1000000 1000000 1000000 1 1 1 1000000 1 1 1000000 1 1000000 1 1 1 1000000 1000000 1000000 1 1000000 1000000 1 1000000 1000000 1000000 1 1 1000000 1 1000000 1000000 1000000 1 1 1000000 1 1 1000000 1 1000000 1000000 1000000 1 1 1000000 1000000 1 1 1000000 1 1 1000000 1000000 1000000 1
1 1000000 1000000 1 1 1000000 1000000 1 1000000 1000000 1000000 1 1000000 1 1000000 1000000 1 1 1 1000000 1 1000000 1 1000000 1 1 1 1000000 1 1 1000000 1000000 1000000 1 1 1000000 1000000 1 1 1 1 1 1 1 1 1 1000000 1 1000000 1 1000000 1000000 1000000 1 1000000 1 1000000 1000000 1 1000000 1 1000000 1000000 1 1000000 1 1 1 1000000 1 1000000 1000000 1000000 1000000 1000000 1 1000000 1 1000000 1 1 1 1 1000000 1 1 1000000 1000000 1 1000000 1000000 1 1 1 1000000 1 1 1000000 1 1
1 1000000 1 1000000 1000000 1 1 1 1000000 1000000 1000000 1 1000000 1000000 1 1000000 1 1000000 1000000 1000000 1 1 1 1000000 1000000 1 1000000 1 1 1 1 1 1 1 1000000 1 1 1000000 1 1 1 1 1000000 1 1 1000000 1 1 1000000 1000000 1000000 1 1000000 1 1 1 1 1 1 1000000 1000000 1000000 1 1000000 1000000 1 1 1000000 1000000 1000000 1 1 1000000 1 1000000 1000000 1000000 1 1 1 1 1000000 1 1000000 1 1 1000000 1000000 1 1000000 1 1000000 1 1000000 1 1 1 1 1000000 1
1 1000000 1 1000000 1 1 1000000 1 1 1 1000000 1 1000000 1000000 1 1 1000000 1000000 1 1 1 1 1 1 1000000 1000000 1000000 1 1 1 1 1 1000000 1 1 1000000 1000000 1 1000000 1 1 1 1000000 1000000 1 1 1000000 1 1000000 1 1 1 1 1000000 1 1 1000000 1000000 1000000 1 1000000 1000000 1 1 1 1000000 1 1 1000000 1000000 1000000 1 1000000 1 1000000 1 1 1 1 1000000 1 1000000 1000000 1 1000000 1 1000000 1000000 1 1000000 1 1 1 1000000 1 1000000 1 1000000 1 1
1 1 1 1 1000000 1000000 1 1 1 1000000 1 1 1000000 1 1000000 1000000 1000000 1000000 1 1000000 1000000 1000000 1 1000000 1000000 1000000 1 1 1000000 1 1000000 1 1000000 1 1 1 1000000 1 1 1 1000000 1 1 1000000 1 1 1000000 1 1 1000000 1 1000000 1 1 1 1 1000000 1 1 1 1 1 1 1 1 1 1 1000000 1000000 1000000 1000000 1 1 1 1000000 1 1000000 1 1 1000000 1 1000000 1 1 1 1000000 1000000 1 1 1000000 1 1 1 1 1 1000000 1000000 1000000 1000000 1
1 1 1000000 1 1000000 1000000 1000000 1 1 1000000 1 1 1000000 1 1 1 1 1000000 1000000 1 1 1 1 1 1 1000000 1000000 1000000 1000000 1000000 1 1000000 1000000 1 1 1000000 1 1000000 1000000 1 1000000 1 1000000 1000000 1 1 1 1 1 1 1 1000000 1000000 1 1 1 1 1000000 1 1 1 1 1 1 1 1000000 1 1 1000000 1 1000000 1 1 1000000 1000000 1000000 1000000 1 1 1000000 1000000 1000000 1000000 1000000 1 1 1 1 1 1000000 1 1000000 1000000 1 1 1000000 1 1000000 1 1
1 1000000 1000000 1 1000000 1 1 1 1000000 1 1 1 1 1000000 1 1000000 1000000 1000000 1000000 1 1 1000000 1 1000000 1000000 1000000 1 1 1000000 1 1000000 1 1 1 1 1000000 1 1000000 1000000 1 1 1 1000000 1000000 1 1 1000000 1000000 1000000 1 1000000 1 1000000 1 1000000 1 1 1000000 1 1 1000000 1 1 1 1 1000000 1 1 1 1000000 1 1000000 1000000 1 1000000 1 1000000 1 1000000 1 1 1000000 1000000 1 1 1 1000000 1 1 1000000 1 1000000 1000000 1 1 1 1 1 1000000 1
1 1 1 1 1000000 1 1000000 1000000 1000000 1000000 1000000 1 1000000 1000000 1 1000000 1000000 1 1000000 1000000 1 1000000 1 1000000 1 1 1 1 1 1000000 1000000 1 1 1 1000000 1 1 1 1000000 1000000 1 1 1 1000000 1 1000000 1 1000000 1 1 1000000 1 1000000 1000000 1 1 1000000 1000000 1 1 1 1 1 1000000 1 1 1 1000000 1 1000000 1000000 1 1 1 1 1 1 1 1000000 1000000 1 1 1000000 1 1000000 1000000 1000000 1000000 1 1 1000000 1000000 1000000 1000000 1000000 1000000 1000000 1 1 1
1 1000000 1000000 1 1 1000000 1 1000000 1 1 1 1 1000000 1000000 1 1 1000000 1 1000000 1000000 1000000 1000000 1 1 1 1 1000000 1000000 1 1 1000000 1000000 1000000 1 1000000 1000000 1000000 1 1 1000000 1000000 1000000 1 1 1 1 1 1 1 1 1000000 1000000 1 1000000 1 1 1000000 1 1000000 1 1 1000000 1000000 1 1 1 1 1000000 1000000 1 1000000 1 1 1 1000000 1 1 1 1 1000000 1 1000000 1 1 1000000 1 1 1000000 1 1000000 1 1 1000000 1000000 1000000 1 1 1 1000000 1
1 1000000 1 1000000 1 1 1 1000000 1 1 1000000 1 1 1000000 1000000 1000000 1 1 1000000 1 1000000 1000000 1 1000000 1 1 1000000 1000000 1000000 1 1000000 1000000 1000000 1 1 1000000 1 1 1 1 1 1000000 1000000 1000000 1 1 1 1000000 1 1 1 1 1 1000000 1000000 1 1000000 1000000 1000000 1 1000000 1 1 1000000 1 1000000 1 1 1 1 1 1 1000000 1 1 1 1 1 1 1 1 1 1000000 1000000 1 1 1 1 1 1000000 1000000 1000000 1 1000000 1000000 1000000 1 1000000 1 1
1 1 1000000 1 1000000 1 1 1000000 1000000 1 1000000 1 1 1 1 1 1 1 1000000 1000000 1 1000000 1 1 1 1 1000000 1 1 1000000 1000000 1000000 1 1 1 1 1000000 1000000 1 1 1000000 1 1000000 1000000 1 1000000 1 1 1 1000000 1 1000000 1000000 1 1000000 1 1000000 1000000 1000000 1 1000000 1 1 1000000 1000000 1000000 1 1 1 1000000 1000000 1 1 1000000 1 1000000 1000000 1 1 1000000 1 1000000 1 1 1 1 1 1 1 1000000 1000000 1 1000000 1 1 1 1000000 1000000 1000000 1
1 1000000 1 1 1 1 1000000 1000000 1 1 1 1 1 1 1 1000000 1 1000000 1 1000000 1 1000000 1 1 1000000 1000000 1000000 1 1 1000000 1 1000000 1 1 1 1000000 1000000 1000000 1 1 1 1000000 1000000 1 1 1000000 1 1 1 1000000 1 1 1000000 1 1000000 1 1 1 1 1000000 1 1 1 1 1000000 1 1 1000000 1 1 1 1000000 1000000 1000000 1 1 1 1 1 1 1000000 1000000 1 1 1 1 1 1 1 1 1 1 1 1 1 1 1 1 1 1
1 1 1000000 1000000 1000000 1000000 1000000 1 1000000 1 1000000 1 1 1 1 1000000 1 1 1000000 1 1000000 1 1 1 1 1 1000000 1 1000000 1 1000000 1000000 1000000 1 1000000 1 1000000 1000000 1000000 1000000 1000000 1 1000000 1000000 1 1 1000000 1000000 1 1 1 1 1000000 1000000 1 1 1 1 1000000 1 1 1 1000000 1000000 1 1 1 1 1000000 1 1000000 1 1000000 1 1 1000000 1000000 1 1000000 1 1 1 1000000 1000000 1000000 1000000 1 1 1 1000000 1000000 1 1 1 1000000 1000000 1000000 1000000 1000000 1
1 1000000 1000000 1 1 1000000 1000000 1000000 1000000 1000000 1 1 1 1000000 1000000 1 1000000 1 1 1000000 1 1000000 1 1 1000000 1000000 1 1 1 1000000 1000000 1000000 1000000 1 1000000 1000000 1000000 1000000 1 1 1000000 1000000 1 1 1 1 1000000 1000000 1 1 1 1 1 1 1000000 1 1 1 1000000 1000000 1000000 1000000 1000000 1 1000000 1 1 1 1 1000000 1000000 1000000 1 1 1000000 1 1000000 1 1 1 1 1 1 1000000 1 1 1 1 1 1000000 1 1 1 1000000 1 1000000 1 1 1 1
1 1 1 1 1 1000000 1 1000000 1 1000000 1 1 1 1000000 1000000 1000000 1000000 1 1 1000000 1000000 1000000 1 1 1 1 1000000 1000000 1 1000000 1 1 1 1 1 1 1000000 1 1000000 1000000 1000000 1 1000000 1 1 1000000 1 1000000 1000000 1 1000000 1 1 1 1000000 1 1 1000000 1 1 1 1000000 1 1000000 1000000 1000000 1 1 1000000 1000000 1000000 1 1000000 1000000 1000000 1000000 1000000 1 1 1 1 1000000 1 1000000 1 1000000 1 1000000 1 1 1000000 1 1 1000000 1 1000000 1000000 1 1 1
1 1000000 1000000 1 1 1000000 1 1000000 1000000 1 1 1 1000000 1 1000000 1 1 1000000 1 1 1000000 1 1 1000000 1 1 1000000 1 1 1000000 1 1 1000000 1 1 1000000 1000000 1 1 1000000 1000000 1 1 1 1 1000000 1 1 1000000 1 1000000 1 1000000 1 1 1 1 1000000 1000000 1000000 1000000 1 1000000 1000000 1 1000000 1 1 1 1000000 1 1 1 1 1000000 1 1 1 1000000 1000000 1 1 1000000 1 1000000 1000000 1000000 1000000 1 1000000 1000000 1000000 1 1 1 1000000 1000000 1 1000000 1
1 1000000 1000000 1000000 1 1 1 1000000 1 1 1000000 1 1 1 1 1 1 1 1000000 1000000 1 1000000 1 1000000 1 1 1000000 1000000 1 1 1 1000000 1 1 1000000 1000000 1000000 1000000 1 1 1000000 1000000 1 1 1 1 1 1000000 1000000 1000000 1 1000000 1 1 1 1 1 1 1000000 1 1000000 1000000 1 1 1 1 1 1000000 1 1000000 1000000 1000000 1 1000000 1 1000000 1000000 1 1000000 1000000 1000000 1000000 1000000 1 1000000 1000000 1 1000000 1 1 1 1000000 1 1000000 1000000 1 1 1000000 1000000 1
1 1 1000000 1000000 1 1 1 1000000 1 1000000 1000000 1 1000000 1 1000000 1 1000000 1 1 1 1 1000000 1 1 1000000 1 1 1 1000000 1000000 1 1 1000000 1 1000000 1 1 1000000 1 1000000 1 1000000 1 1 1 1000000 1 1000000 1 1 1000000 1000000 1 1000000 1 1 1 1000000 1000000 1 1000000 1000000 1000000 1 1000000 1000000 1 1000000 1000000 1 1 1000000 1 1000000 1000000 1000000 1 1 1 1 1 1 1 1000000 1000000 1 1000000 1 1 1 1 1000000 1 1000000 1000000 1000000 1 1 1000000 1
1 1000000 1000000 1000000 1000000 1000000 1 1000000 1 1 1000000 1 1 1000000 1000000 1 1000000 1000000 1000000 1000000 1 1 1 1000000 1000000 1 1 1000000 1 1 1000000 1 1000000 1 1000000 1 1 1000000 1000000 1000000 1 1000000 1 1 1 1 1 1000000 1 1000000 1000000 1 1000000 1 1 1 1000000 1 1000000 1000000 1000000 1 1 1 1 1000000 1 1000000 1 1000000 1 1000000 1 1 1000000 1000000 1 1 1 1 1 1000000 1 1 1000000 1000000 1000000 1000000 1 1000000 1000000 1 1 1 1000000 1000000 1 1 1 1
1 1 1000000 1000000 1 1000000 1000000 1 1 1 1 1 1 1000000 1000000 1000000 1000000 1 1000000 1000000 1000000 1 1 1000000 1000000 1000000 1000000 1000000 1 1000000 1 1 1 1 1 1000000 1 1000000 1000000 1000000 1000000 1 1 1000000 1 1000000 1 1 1000000 1000000 1000000 1000000 1000000 1000000 1 1 1 1000000 1000000 1000000 1000000 1 1 1000000 1 1 1 1000000 1000000 1 1000000 1000000 1000000 1000000 1000000 1 1 1 1000000 1000000 1000000 1 1000000 1000000 1000000 1 1 1000000 1 1000000 1000000 1 1 1 1 1 1000000 1 1 1
1 1 1 1000000 1000000 1 1 1000000 1 1000000 1 1 1000000 1000000 1 1000000 1000000 1 1 1000000 1 1 1 1 1000000 1000000 1000000 1 1000000 1 1000000 1 1000000 1 1 1000000 1 1 1 1 1000000 1000000 1000000 1 1 1000000 1000000 1000000 1000000 1000000 1 1000000 1000000 1 1 1 1000000 1000000 1 1000000 1000000 1000000 1 1000000 1 1 1 1 1000000 1 1 1 1 1000000 1000000 1000000 1000000 1 1 1 1 1000000 1000000 1 1000000 1000000 1 1000000 1 1000000 1 1 1 1 1 1 1 1 1000000 1
1 1 1 1000000 1000000 1000000 1 1 1 1000000 1 1 1000000 1000000 1 1 1000000 1000000 1 1 1000000 1 1 1000000 1000000 1000000 1000000 1 1000000 1 1000000 1 1 1 1000000 1000000 1 1 1 1000000 1000000 1 1000000 1 1 1 1 1000000 1 1 1 1 1 1000000 1 1 1 1000000 1 1000000 1000000 1 1 1 1000000 1000000 1 1 1 1 1000000 1000000 1000000 1 1 1000000 1 1 1 1 1 1 1000000 1000000 1000000 1000000 1 1 1 1 1 1 1 1 1 1 1000000 1 1000000 1
1 1000000 1 1 1 1000000 1000000 1000000 1 1000000 1000000 1 1000000 1 1000000 1 1000000 1 1000000 1000000 1 1000000 1 1000000 1 1000000 1000000 1000000 1 1000000 1000000 1000000 1000000 1 1 1000000 1000000 1 1000000 1000000 1 1000000 1000000 1000000 1 1 1000000 1000000 1 1 1 1000000 1000000 1000000 1000000 1 1 1 1 1000000 1 1000000 1000000 1000000 1 1 1 1 1000000 1000000 1 1000000 1000000 1 1000000 1000000 1 1 1000000 1 1 1000000 1 1000000 1 1 1000000 1000000 1 1000000 1 1 1 1000000 1000000 1000000 1 1000000 1000000 1
1 1 1 1 1000000 1 1000000 1 1 1 1000000 1 1000000 1000000 1 1000000 1000000 1000000 1000000 1 1000000 1 1 1000000 1000000 1 1000000 1 1000000 1000000 1000000 1 1 1 1000000 1 1 1000000 1000000 1 1 1 1 1000000 1 1 1 1000000 1000000 1 1 1 1 1 1000000 1 1 1000000 1 1000000 1000000 1 1 1000000 1000000 1 1 1000000 1 1000000 1000000 1 1 1000000 1000000 1000000 1 1 1 1000000 1 1000000 1000000 1000000 1 1000000 1 1 1 1000000 1000000 1 1000000 1 1 1000000 1000000 1 1 1
1 1 1 1 1 1000000 1000000 1 1000000 1000000 1 1 1000000 1 1000000 1 1 1 1000000 1 1 1 1 1000000 1000000 1000000 1000000 1 1000000 1000000 1 1000000 1 1 1000000 1000000 1000000 1000000 1 1000000 1 1 1000000 1 1 1 1000000 1000000 1000000 1000000 1000000 1000000 1 1000000 1 1 1 1 1000000 1000000 1000000 1 1000000 1000000 1000000 1000000 1 1 1 1000000 1 1 1 1 1000000 1000000 1 1 1 1000000 1 1 1 1 1 1000000 1000000 1 1 1000000 1 1 1000000 1 1000000 1 1 1 1000000 1
1 1000000 1000000 1000000 1 1000000 1000000 1000000 1000000 1000000 1000000 1 1000000 1000000 1 1 1000000 1000000 1 1 1000000 1000000 1 1000000 1 1000000 1000000 1 1 1 1 1000000 1000000 1 1 1000000 1000000 1000000 1000000 1000000 1 1000000 1 1 1 1 1000000 1000000 1000000 1000000 1 1 1000000 1 1000000 1 1000000 1000000 1 1000000 1000000 1 1 1000000 1000000 1 1 1000000 1 1000000 1000000 1000000 1 1 1000000 1 1 1 1000000 1000000 1000000 1000000 1000000 1 1000000 1000000 1 1000000 1 1 1000000 1 1 1000000 1 1 1 1000000 1 1
1 1 1000000 1 1000000 1000000 1 1000000 1 1000000 1000000 1 1000000 1 1 1000000 1 1 1 1000000 1 1 1 1000000 1000000 1000000 1 1 1 1 1000000 1 1000000 1 1000000 1 1 1000000 1000000 1000000 1000000 1 1000000 1 1 1 1 1000000 1 1 1000000 1 1000000 1000000 1000000 1 1000000 1000000 1 1 1000000 1 1 1000000 1000000 1 1 1 1 1 1 1000000 1 1000000 1 1000000 1000000 1 1000000 1 1 1000000 1000000 1000000 1 1000000 1 1 1 1000000 1 1 1000000 1 1000000 1 1000000 1000000 1 1
1 1 1 1000000 1000000 1 1000000 1000000 1000000 1000000 1000000 1 1000000 1 1 1000000 1 1000000 1 1 1 1 1 1000000 1 1 1000000 1000000 1 1 1 1 1 1 1 1 1 1000000 1 1 1 1000000 1000000 1000000 1 1 1 1000000 1000000 1000000 1 1 1 1000000 1000000 1 1 1000000 1 1 1 1000000 1 1 1000000 1 1 1000000 1 1000000 1000000 1000000 1 1 1000000 1 1000000 1 1 1 1000000 1000000 1 1000000 1000000 1000000 1 1000000 1 1 1 1000000 1000000 1 1 1 1 1000000 1000000 1
1 1 1000000 1000000 1 1 1 1 1 1 1000000 1 1 1000000 1 1 1000000 1000000 1000000 1 1 1000000 1 1000000 1 1 1000000 1000000 1000000 1000000 1 1000000 1 1 1000000 1 1000000 1000000 1000000 1 1 1000000 1 1 1 1 1000000 1000000 1 1 1000000 1 1000000 1000000 1000000 1 1000000 1000000 1000000 1 1 1 1000000 1000000 1000000 1 1 1000000 1000000 1 1 1 1000000 1000000 1000000 1000000 1000000 1 1 1000000 1000000 1000000 1000000 1000000 1000000 1000000 1000000 1 1 1 1 1 1 1000000 1 1000000 1000000 1000000 1000000 1
1 1000000 1 1000000 1 1000000 1 1000000 1 1 1000000 1 1000000 1000000 1000000 1000000 1000000 1 1000000 1 1000000 1000000 1 1000000 1000000 1 1 1 1 1 1 1000000 1 1 1000000 1000000 1 1000000 1 1 1 1000000 1 1000000 1 1000000 1000000 1000000 1000000 1 1 1 1 1 1 1 1 1000000 1 1000000 1 1 1 1000000 1 1000000 1 1000000 1 1000000 1000000 1000000 1000000 1000000 1000000 1000000 1 1 1 1000000 1 1000000 1000000 1 1 1000000 1000000 1000000 1 1000000 1000000 1000000 1000000 1 1 1 1000000 1000000 1000000 1
1 1 1 1000000 1 1000000 1000000 1 1 1000000 1 1 1 1000000 1 1 1 1000000 1000000 1 1 1000000 1 1 1000000 1000000 1 1000000 1 1000000 1000000 1000000 1000000 1 1 1 1000000 1000000 1 1000000 1 1 1000000 1 1 1000000 1 1000000 1000000 1000000 1 1000000 1000000 1000000 1 1 1000000 1000000 1 1 1 1 1 1000000 1000000 1 1 1 1 1 1 1 1000000 1 1000000 1 1000000 1 1 1 1000000 1 1000000 1000000 1 1000000 1 1 1 1 1 1000000 1 1000000 1 1000000 1000000 1000000 1 1
1 1000000 1000000 1000000 1 1 1 1 1 1 1 1 1000000 1000000 1000000 1 1 1 1000000 1 1000000 1000000 1 1 1 1 1000000 1000000 1 1 1 1 1000000 1 1 1 1 1000000 1 1 1 1 1000000 1 1 1 1 1 1000000 1 1 1 1000000 1000000 1 1 1 1 1 1 1 1000000 1 1000000 1000000 1000000 1 1 1000000 1000000 1000000 1 1000000 1 1000000 1000000 1 1 1000000 1000000 1 1000000 1 1 1000000 1000000 1 1 1 1 1 1000000 1 1 1000000 1 1 1000000 1000000 1
1 1 1 1000000 1000000 1000000 1 1 1000000 1 1 1 1000000 1 1000000 1 1000000 1 1000000 1000000 1000000 1 1 1000000 1000000 1000000 1000000 1 1000000 1000000 1000000 1 1000000 1 1000000 1 1 1 1000000 1000000 1000000 1 1000000 1000000 1 1000000 1000000 1 1 1 1 1000000 1 1 1000000 1 1000000 1000000 1 1000000 1 1 1000000 1 1000000 1000000 1 1 1 1000000 1 1 1000000 1000000 1000000 1000000 1000000 1 1000000 1 1 1 1000000 1 1000000 1 1 1000000 1 1000000 1000000 1000000 1000000 1000000 1 1 1 1000000 1000000 1
1 1 1000000 1000000 1 1 1 1000000 1 1 1 1 1 1000000 1000000 1000000 1 1000000 1000000 1000000 1 1 1 1 1000000 1000000 1 1 1000000 1 1 1 1000000 1 1000000 1 1 1 1000000 1000000 1000000 1000000 1 1 1 1 1000000 1 1 1 1 1 1000000 1 1 1 1000000 1 1 1 1 1 1 1000000 1 1 1 1 1 1 1 1000000 1000000 1 1000000 1000000 1 1 1 1 1 1 1 1000000 1 1 1000000 1 1 1000000 1 1000000 1000000 1000000 1 1000000 1 1000000 1000000 1
1 1000000 1000000 1 1000000 1 1 1000000 1000000 1000000 1000000 1 1 1 1000000 1 1 1 1 1000000 1000000 1 1 1 1 1 1000000 1 1 1 1000000 1000000 1000000 1 1 1000000 1000000 1000000 1000000 1000000 1000000 1000000 1 1 1 1000000 1 1000000 1 1 1000000 1 1000000 1000000 1 1 1000000 1000000 1000000 1000000 1000000 1 1000000 1000000 1000000 1000000 1 1000000 1 1 1 1000000 1 1 1 1000000 1000000 1 1000000 1 1000000 1 1000000 1 1 1 1 1 1 1000000 1 1000000 1 1 1 1 1000000 1000000 1 1
1 1000000 1000000 1 1000000 1000000 1000000 1 1 1 1000000 1 1 1 1 1000000 1000000 1000000 1 1000000 1000000 1 1 1 1 1000000 1000000 1000000 1 1000000 1000000 1000000 1000000 1 1 1000000 1 1000000 1000000 1000000 1000000 1000000 1 1 1 1000000 1 1 1000000 1000000 1000000 1000000 1000000 1000000 1 1 1000000 1000000 1000000 1 1000000 1000000 1 1 1 1000000 1 1 1000000 1 1000000 1 1000000 1 1 1000000 1000000 1 1000000 1 1 1000000 1000000 1000000 1 1000000 1000000 1 1 1 1000000 1 1000000 1000000 1 1000000 1 1 1000000 1
1 1000000 1000000 1 1000000 1 1 1 1 1000000 1 1 1000000 1000000 1000000 1000000 1000000 1000000 1000000 1000000 1 1000000 1 1 1 1000000 1 1 1 1000000 1 1000000 1 1 1 1 1000000 1 1 1 1 1000000 1 1 1 1000000 1 1000000 1000000 1 1 1 1000000 1 1000000 1 1000000 1000000 1 1000000 1000000 1 1 1 1000000 1000000 1 1 1000000 1000000 1 1000000 1 1 1 1000000 1000000 1 1 1 1 1000000 1000000 1 1 1000000 1000000 1000000 1 1 1 1000000 1000000 1 1 1000000 1 1000000 1 1
1 1000000 1 1000000 1000000 1 1000000 1000000 1 1 1 1 1000000 1 1 1000000 1000000 1000000 1 1000000 1 1000000 1 1000000 1000000 1000000 1000000 1 1000000 1 1 1000000 1 1 1000000 1000000 1000000 1 1 1 1 1000000 1000000 1000000 1 1000000 1 1 1 1000000 1 1000000 1 1 1 1 1 1000000 1 1 1 1000000 1000000 1 1000000 1 1 1 1000000 1000000 1 1000000 1 1000000 1 1 1000000 1 1 1000000 1000000 1 1 1000000 1000000 1000000 1000000 1000000 1 1 1000000 1 1 1 1 1000000 1 1 1000000 1
1 1000000 1000000 1000000 1000000 1000000 1 1 1000000 1000000 1 1 1000000 1000000 1000000 1 1 1 1 1000000 1 1000000 1 1000000 1 1000000 1 1000000 1 1000000 1 1000000 1 1 1000000 1000000 1000000 1 1 1000000 1 1000000 1000000 1 1 1 1 1 1000000 1000000 1000000 1 1000000 1000000 1 1 1000000 1 1000000 1000000 1 1000000 1000000 1000000 1 1 1 1000000 1000000 1 1000000 1 1000000 1 1000000 1000000 1000000 1 1 1000000 1000000 1000000 1 1 1000000 1000000 1000000 1000000 1 1000000 1 1000000 1000000 1 1 1 1000000 1000000 1 1
1 1000000 1 1 1 1000000 1 1000000 1 1 1 1 1000000 1 1000000 1000000 1 1 1 1000000 1 1000000 1 1000000 1000000 1000000 1000000 1 1000000 1 1000000 1000000 1000000 1 1 1000000 1 1000000 1 1 1000000 1 1 1000000 1 1 1 1000000 1 1 1000000 1 1000000 1000000 1 1 1 1000000 1000000 1 1000000 1000000 1000000 1 1000000 1 1 1 1000000 1 1 1000000 1 1000000 1000000 1000000 1 1 1 1 1 1000000 1000000 1000000 1 1000000 1000000 1000000 1 1 1000000 1 1 1 1 1000000 1000000 1000000 1 1
1 1 1000000 1000000 1 1000000 1000000 1 1 1 1000000 1 1000000 1000000 1 1000000 1000000 1 1000000 1000000 1000000 1 1 1 1 1000000 1 1 1 1 1 1 1000000 1 1 1 1 1 1000000 1000000 1 1 1 1 1 1000000 1000000 1000000 1000000 1000000 1 1 1 1 1000000 1 1000000 1000000 1000000 1 1000000 1 1 1 1000000 1000000 1 1 1000000 1000000 1000000 1000000 1 1 1000000 1 1000000 1 1000000 1000000 1000000 1000000 1000000 1000000 1 1 1 1000000 1 1000000 1000000 1 1 1 1 1000000 1000000 1 1 1
1 1000000 1 1000000 1 1000000 1000000 1000000 1000000 1 1 1 1000000 1 1 1 1000000 1 1000000 1000000 1 1000000 1 1 1000000 1000000 1 1 1 1000000 1000000 1 1 1 1 1 1 1000000 1 1000000 1 1000000 1 1000000 1 1000000 1 1 1000000 1000000 1 1000000 1000000 1 1 1 1000000 1 1 1000000 1000000 1 1 1 1000000 1 1 1000000 1000000 1 1000000 1000000 1 1 1000000 1000000 1 1 1 1 1000000 1 1000000 1000000 1 1000000 1000000 1 1 1 1 1000000 1 1 1 1 1 1000000 1000000 1
1 1000000 1000000 1000000 1000000 1 1 1 1000000 1 1000000 1 1 1000000 1000000 1000000 1 1000000 1 1 1000000 1 1 1000000 1 1000000 1 1 1 1 1000000 1 1 1 1 1 1 1000000 1000000 1 1 1 1 1000000 1 1000000 1000000 1000000 1000000 1 1 1000000 1 1 1 1 1000000 1 1 1 1000000 1 1000000 1 1 1 1 1 1000000 1 1000000 1000000 1000000 1000000 1 1 1000000 1 1000000 1000000 1000000 1000000 1000000 1 1000000 1000000 1 1 1 1000000 1 1000000 1 1 1000000 1 1000000 1000000 1 1
1 1000000 1 1 1000000 1 1000000 1 1 1 1000000 1 1 1000000 1000000 1 1 1000000 1000000 1000000 1000000 1000000 1 1 1000000 1 1000000 1000000 1000000 1000000 1000000 1000000 1000000 1 1000000 1 1000000 1 1000000 1 1000000 1 1000000 1 1 1 1 1 1000000 1 1000000 1 1000000 1000000 1 1 1 1 1 1 1000000 1000000 1 1000000 1 1000000 1 1000000 1 1000000 1000000 1 1000000 1 1000000 1000000 1 1 1000000 1 1000000 1 1000000 1 1000000 1 1 1 1 1 1 1000000 1000000 1000000 1 1000000 1 1000000 1 1
1 1000000 1 1 1000000 1000000 1000000 1 1000000 1 1000000 1 1000000 1000000 1000000 1000000 1000000 1000000 1000000 1000000 1 1 1 1000000 1 1 1000000 1000000 1000000 1000000 1 1 1000000 1 1 1 1000000 1000000 1 1 1000000 1000000 1000000 1 1 1 1 1 1000000 1 1 1000000 1000000 1 1000000 1 1 1000000 1 1000000 1 1000000 1 1 1000000 1 1 1 1 1000000 1000000 1 1 1000000 1 1000000 1000000 1 1 1 1 1000000 1 1 1 1000000 1000000 1000000 1 1 1 1 1000000 1000000 1 1000000 1000000 1000000 1 1
1 1 1 1000000 1 1000000 1000000 1000000 1000000 1 1 1 1 1 1000000 1000000 1 1000000 1 1000000 1 1000000 1 1000000 1 1 1000000 1000000 1000000 1000000 1000000 1 1 1 1 1000000 1 1 1 1000000 1000000 1 1 1 1 1000000 1000000 1 1000000 1000000 1000000 1000000 1 1 1000000 1 1000000 1000000 1 1 1 1 1000000 1000000 1000000 1 1 1000000 1 1 1 1000000 1000000 1000000 1 1 1 1 1000000 1000000 1000000 1000000 1 1000000 1000000 1000000 1000000 1 1 1000000 1 1 1 1 1000000 1 1 1 1 1
1 1 1 1 1000000 1000000 1000000 1 1000000 1000000 1 1 1000000 1 1 1000000 1000000 1000000 1 1000000 1 1000000 1 1000000 1 1000000 1000000 1 1 1000000 1 1 1 1 1 1 1 1 1000000 1000000 1 1 1000000 1000000 1 1000000 1000000 1 1 1000000 1000000 1000000 1000000 1000000 1000000 1 1000000 1 1 1000000 1000000 1 1 1000000 1 1 1 1 1 1 1 1 1000000 1 1 1000000 1 1 1 1 1 1000000 1000000 1 1 1000000 1 1 1 1 1 1000000 1000000 1 1 1 1 1000000 1 1
1 1000000 1000000 1000000 1000000 1000000 1000000 1000000 1 1 1 1 1000000 1 1000000 1000000 1 1 1 1000000 1 1 1 1 1 1 1 1000000 1 1 1 1 1 1 1 1 1 1 1000000 1000000 1000000 1 1 1000000 1 1 1000000 1000000 1000000 1000000 1 1 1000000 1 1000000 1 1000000 1 1000000 1000000 1000000 1 1 1 1000000 1 1 1 1 1 1 1 1 1 1000000 1000000 1 1 1 1000000 1000000 1000000 1 1 1000000 1000000 1000000 1 1 1000000 1000000 1000000 1000000 1000000 1000000 1 1000000 1000000 1 1
1 1000000 1000000 1 1 1000000 1000000 1 1000000 1 1 1 1000000 1000000 1 1 1000000 1 1 1 1 1000000 1 1000000 1 1000000 1000000 1000000 1 1 1 1 1 1 1000000 1000000 1 1 1000000 1 1000000 1 1 1000000 1 1000000 1000000 1000000 1000000 1000000 1 1 1000000 1000000 1000000 1 1000000 1000000 1 1 1 1000000 1000000 1 1 1000000 1 1000000 1000000 1 1 1000000 1000000 1 1 1 1 1 1 1 1000000 1000000 1 1 1 1 1000000 1 1 1 1 1000000 1000000 1000000 1 1 1000000 1 1 1
1 1 1 1 1 1 1 1 1000000 1000000 1000000 1 1 1 1 1 1 1 1 1 1000000 1000000 1 1 1000000 1 1 1 1000000 1 1 1000000 1 1 1 1000000 1000000 1 1 1000000 1 1000000 1000000 1 1 1 1000000 1 1 1000000 1000000 1 1000000 1 1 1 1000000 1000000 1000000 1 1000000 1 1 1000000 1000000 1000000 1 1 1000000 1000000 1 1000000 1000000 1000000 1 1 1000000 1 1 1000000 1 1 1 1 1000000 1000000 1000000 1 1 1 1 1000000 1 1 1 1 1 1000000 1000000 1
1 1 1000000 1 1000000 1000000 1 1000000 1 1000000 1 1 1000000 1000000 1000000 1 1 1000000 1 1 1000000 1 1 1 1 1000000 1 1 1000000 1000000 1000000 1 1 1 1000000 1 1000000 1 1000000 1 1 1 1000000 1000000 1 1000000 1 1 1000000 1000000 1 1000000 1000000 1 1 1 1000000 1000000 1 1 1000000 1 1 1 1000000 1 1 1000000 1000000 1 1 1 1 1000000 1 1 1000000 1 1 1 1 1 1000000 1000000 1 1000000 1000000 1 1 1000000 1000000 1000000 1 1000000 1000000 1000000 1000000 1000000 1 1
1 1000000 1 1000000 1000000 1000000 1 1 1000000 1000000 1000000 1 1 1000000 1000000 1 1 1000000 1000000 1000000 1000000 1 1 1000000 1000000 1000000 1 1000000 1000000 1000000 1000000 1 1000000 1 1000000 1000000 1000000 1000000 1000000 1 1 1000000 1000000 1 1 1 1000000 1000000 1000000 1 1 1 1 1000000 1 1 1000000 1000000 1 1000000 1 1 1000000 1 1000000 1000000 1 1 1 1 1 1000000 1000000 1 1 1 1000000 1 1000000 1 1 1 1000000 1 1000000 1 1000000 1 1 1000000 1000000 1 1000000 1 1 1 1 1000000 1000000 1
1 1000000 1000000 1000000 1000000 1 1 1000000 1 1000000 1000000 1 1000000 1 1000000 1000000 1 1 1 1000000 1 1000000 1 1 1 1 1 1000000 1000000 1 1000000 1000000 1000000 1 1000000 1 1 1 1000000 1000000 1000000 1000000 1000000 1000000 1 1000000 1000000 1000000 1 1000000 1000000 1000000 1000000 1000000 1000000 1 1000000 1000000 1 1000000 1 1 1 1 1 1 1 1000000 1000000 1 1000000 1 1 1 1000000 1 1000000 1 1000000 1000000 1000000 1 1000000 1000000 1000000 1 1 1000000 1 1 1 1 1 1 1 1 1000000 1000000 1 1
1 1 1000000 1 1000000 1 1 1000000 1 1000000 1 1 1000000 1 1 1 1 1000000 1000000 1000000 1 1 1 1 1000000 1000000 1000000 1000000 1 1 1 1 1000000 1 1 1 1 1 1 1000000 1000000 1000000 1 1 1 1000000 1000000 1000000 1000000 1000000 1000000 1000000 1000000 1 1000000 1 1000000 1000000 1000000 1 1 1000000 1000000 1 1 1 1 1 1000000 1 1 1 1000000 1000000 1000000 1 1000000 1 1 1000000 1 1000000 1000000 1000000 1000000 1000000 1000000 1000000 1 1 1000000 1000000 1000000 1 1 1000000 1000000 1000000 1 1
1 1000000 1 1 1000000 1000000 1000000 1 1000000 1000000 1000000 1 1 1 1000000 1000000 1 1 1 1000000 1000000 1000000 1 1000000 1000000 1000000 1000000 1000000 1 1 1000000 1 1000000 1 1000000 1 1 1 1000000 1000000 1 1000000 1 1000000 1 1 1000000 1 1000000 1 1 1000000 1 1000000 1000000 1 1 1000000 1000000 1 1 1 1 1000000 1 1 1 1000000 1000000 1 1000000 1000000 1 1 1000000 1 1 1 1 1 1 1 1 1000000 1000000 1000000 1000000 1000000 1 1 1 1000000 1000000 1 1 1000000 1 1000000 1 1
1 1000000 1 1000000 1000000 1000000 1 1 1000000 1000000 1000000 1 1000000 1 1 1000000 1000000 1000000 1 1 1 1000000 1 1 1 1 1000000 1 1 1 1000000 1 1000000 1 1 1 1000000 1 1000000 1 1 1 1 1 1 1 1 1000000 1000000 1000000 1000000 1 1000000 1000000 1000000 1 1000000 1 1 1000000 1 1 1 1 1000000 1 1 1 1 1000000 1000000 1000000 1000000 1 1 1000000 1 1 1 1000000 1000000 1 1 1000000 1000000 1000000 1 1000000 1 1000000 1 1000000 1 1000000 1 1000000 1000000 1000000 1000000 1
1 1000000 1 1 1000000 1 1 1000000 1 1000000 1000000 1 1 1000000 1 1000000 1000000 1 1000000 1 1 1 1 1000000 1000000 1 1 1 1000000 1000000 1000000 1000000 1000000 1 1000000 1000000 1000000 1 1 1 1000000 1000000 1000000 1000000 1 1 1 1 1000000 1000000 1 1000000 1 1000000 1000000 1 1000000 1 1 1 1000000 1000000 1 1 1 1000000 1 1000000 1 1 1 1 1 1000000 1 1000000 1000000 1 1 1 1000000 1000000 1 1000000 1000000 1 1 1000000 1 1000000 1000000 1 1 1000000 1000000 1 1000000 1000000 1 1
1 1 1000000 1 1000000 1000000 1 1 1000000 1 1 1 1000000 1000000 1 1 1 1000000 1 1000000 1000000 1000000 1 1 1 1 1000000 1000000 1000000 1000000 1000000 1 1000000 1 1 1 1000000 1000000 1000000 1 1000000 1 1000000 1 1 1 1 1 1000000 1 1000000 1000000 1000000 1000000 1000000 1 1000000 1 1 1 1000000 1 1000000 1 1000000 1000000 1 1 1 1 1000000 1 1000000 1 1000000 1 1 1 1000000 1000000 1 1 1000000 1 1 1000000 1000000 1 1 1000000 1000000 1000000 1000000 1000000 1 1000000 1 1000000 1 1
1 1000000 1 1 1 1 1000000 1000000 1 1000000 1000000 1 1 1000000 1000000 1000000 1 1 1000000 1 1 1 1 1 1000000 1000000 1 1000000 1000000 1 1000000 1 1 1 1000000 1000000 1 1 1000000 1 1000000 1 1 1 1 1000000 1000000 1 1000000 1000000 1000000 1 1 1000000 1 1 1000000 1 1000000 1 1000000 1 1 1 1000000 1000000 1 1000000 1 1 1 1000000 1000000 1000000 1 1 1000000 1 1 1000000 1000000 1 1000000 1000000 1 1000000 1 1 1 1000000 1 1000000 1 1 1000000 1 1 1000000 1000000 1
1 1 1000000 1 1000000 1000000 1 1000000 1 1000000 1 1 1 1000000 1 1000000 1000000 1000000 1 1000000 1 1 1 1000000 1000000 1000000 1000000 1 1000000 1000000 1 1 1000000 1 1 1000000 1000000 1000000 1 1000000 1 1000000 1 1000000 1 1 1000000 1000000 1 1 1 1000000 1000000 1000000 1 1 1 1000000 1000000 1000000 1000000 1000000 1 1000000 1 1000000 1 1 1 1000000 1000000 1000000 1 1 1 1000000 1 1 1 1 1000000 1000000 1000000 1000000 1000000 1000000 1 1000000 1 1000000 1 1 1 1000000 1 1 1 1 1000000 1
1 1 1 1000000 1 1000000 1 1 1 1000000 1 1 1 1 1000000 1000000 1000000 1000000 1 1 1 1 1 1 1 1000000 1000000 1 1 1000000 1000000 1 1000000 1 1000000 1000000 1 1000000 1000000 1 1 1 1000000 1000000 1 1 1000000 1 1000000 1 1 1000000 1 1000000 1 1 1 1 1 1 1 1000000 1 1000000 1 1000000 1 1 1 1000000 1000000 1000000 1000000 1 1 1 1 1 1 1000000 1000000 1000000 1000000 1 1000000 1 1000000 1000000 1 1000000 1 1000000 1 1000000 1000000 1 1000000 1000000 1 1
1 1 1 1000000 1 1 1000000 1000000 1 1 1 1 1000000 1000000 1000000 1 1 1000000 1 1 1 1000000 1 1000000 1000000 1000000 1000000 1000000 1 1 1000000 1000000 1 1 1 1 1000000 1 1 1 1 1000000 1 1000000 1 1000000 1000000 1000000 1 1 1000000 1000000 1 1000000 1000000 1 1 1 1 1 1 1000000 1000000 1000000 1000000 1 1 1 1 1000000 1 1000000 1000000 1 1 1000000 1 1 1 1 1000000 1000000 1000000 1000000 1000000 1000000 1000000 1 1 1000000 1 1 1000000 1000000 1 1 1 1000000 1000000 1
1 1000000 1 1 1 1000000 1 1000000 1000000 1000000 1 1 1 1 1 1000000 1000000 1 1000000 1000000 1 1 1 1 1000000 1000000 1000000 1 1 1000000 1000000 1000000 1000000 1 1 1000000 1 1000000 1000000 1 1 1000000 1 1 1 1000000 1000000 1 1 1 1 1000000 1000000 1000000 1 1 1 1 1000000 1000000 1000000 1 1 1000000 1 1000000 1 1000000 1 1000000 1000000 1 1 1 1000000 1 1 1 1000000 1 1 1 1000000 1 1 1000000 1 1 1 1 1000000 1 1 1 1 1000000 1000000 1 1000000 1
1 1 1 1 1 1000000 1 1000000 1 1000000 1000000 1 1 1 1000000 1 1 1000000 1 1 1 1000000 1 1000000 1000000 1 1 1 1 1 1 1 1000000 1 1 1 1000000 1000000 1000000 1000000 1 1000000 1 1 1 1 1000000 1 1 1000000 1000000 1 1 1000000 1000000 1 1 1000000 1 1000000 1000000 1 1000000 1000000 1000000 1 1 1 1 1000000 1000000 1 1000000 1 1 1 1000000 1 1 1 1000000 1000000 1000000 1 1000000 1 1000000 1 1 1000000 1000000 1000000 1000000 1 1 1 1000000 1000000 1000000 1
1 1 1 1 1000000 1000000 1000000 1000000 1000000 1000000 1000000 1 1000000 1 1 1 1000000 1000000 1000000 1000000 1000000 1000000 1 1000000 1 1000000 1 1 1 1000000 1000000 1000000 1 1 1000000 1 1000000 1000000 1 1000000 1 1000000 1000000 1000000 1 1000000 1000000 1 1000000 1 1 1000000 1000000 1000000 1 1 1 1000000 1000000 1 1000000 1 1 1000000 1 1 1 1 1000000 1 1 1 1 1000000 1 1000000 1000000 1 1 1 1000000 1000000 1 1 1 1 1000000 1 1 1000000 1 1 1000000 1000000 1 1 1 1000000 1 1
1 1000000 1 1 1 1000000 1 1000000 1000000 1000000 1 1 1000000 1000000 1 1000000 1000000 1000000 1000000 1000000 1 1 1 1 1000000 1 1 1 1 1 1 1 1000000 1 1000000 1000000 1 1000000 1 1000000 1 1 1000000 1000000 1 1000000 1000000 1000000 1 1 1 1 1 1000000 1000000 1 1000000 1000000 1000000 1 1000000 1 1000000 1 1 1 1 1 1000000 1000000 1 1 1000000 1 1000000 1000000 1000000 1 1000000 1000000 1000000 1000000 1000000 1000000 1000000 1 1000000 1 1 1 1 1000000 1 1 1 1000000 1000000 1 1000000 1
1 1 1000000 1000000 1 1 1 1 1000000 1000000 1000000 1 1000000 1 1 1000000 1 1000000 1 1 1000000 1 1 1000000 1000000 1000000 1000000 1000000 1000000 1 1 1000000 1 1 1000000 1 1000000 1000000 1 1 1 1 1000000 1000000 1 1 1000000 1 1 1000000 1 1000000 1000000 1000000 1000000 1 1000000 1 1000000 1000000 1000000 1000000 1000000 1 1000000 1000000 1 1 1 1000000 1000000 1 1 1000000 1000000 1000000 1000000 1 1 1 1 1 1000000 1 1000000 1 1000000 1000000 1 1 1000000 1000000 1 1 1 1000000 1 1 1 1
1 1 1 1000000 1000000 1 1 1 1 1000000 1000000 1 1 1000000 1 1 1 1 1000000 1000000 1000000 1000000 1 1 1000000 1000000 1 1000000 1 1000000 1000000 1000000 1 1 1 1 1 1000000 1 1000000 1 1000000 1 1000000 1 1 1000000 1000000 1 1 1 1000000 1 1000000 1000000 1 1 1000000 1000000 1 1000000 1 1000000 1000000 1 1000000 1 1 1000000 1000000 1 1 1 1000000 1 1000000 1 1 1000000 1000000 1 1 1 1000000 1 1000000 1 1000000 1 1000000 1 1000000 1 1 1000000 1000000 1 1 1 1
1 1000000 1 1 1 1 1000000 1 1 1000000 1000000 1 1 1 1000000 1 1 1000000 1 1 1000000 1000000 1 1000000 1 1000000 1000000 1 1000000 1 1000000 1000000 1000000 1 1000000 1 1000000 1 1 1000000 1 1 1000000 1000000 1 1000000 1 1 1000000 1 1 1 1000000 1 1 1 1000000 1 1000000 1 1000000 1 1 1000000 1000000 1000000 1 1000000 1 1 1000000 1000000 1 1000000 1 1000000 1000000 1 1 1000000 1 1 1000000 1 1 1 1 1000000 1 1 1 1000000 1 1000000 1000000 1000000 1 1000000 1000000 1
1 1 1 1000000 1000000 1 1000000 1 1000000 1000000 1 1 1000000 1000000 1000000 1 1000000 1000000 1000000 1 1000000 1000000 1 1000000 1 1 1000000 1000000 1 1000000 1000000 1 1000000 1 1 1 1000000 1 1000000 1 1000000 1 1000000 1 1 1000000 1 1000000 1 1 1000000 1000000 1 1000000 1000000 1 1 1000000 1000000 1000000 1000000 1 1000000 1 1000000 1 1 1 1 1 1000000 1000000 1 1000000 1 1 1 1 1000000 1000000 1000000 1 1 1 1000000 1000000 1000000 1000000 1 1 1000000 1000000 1000000 1000000 1 1 1000000 1 1 1
1 1000000 1000000 1000000 1000000 1000000 1 1 1 1000000 1000000 1 1000000 1000000 1 1000000 1 1000000 1000000 1000000 1000000 1 1 1000000 1000000 1 1 1 1 1 1000000 1000000 1 1 1000000 1000000 1000000 1000000 1000000 1 1000000 1 1000000 1 1 1 1 1 1000000 1 1000000 1000000 1 1000000 1000000 1 1 1000000 1000000 1 1000000 1000000 1 1000000 1000000 1000000 1 1000000 1 1 1 1 1 1000000 1000000 1000000 1 1 1000000 1000000 1 1000000 1 1000000 1000000 1000000 1 1000000 1 1000000 1000000 1 1000000 1000000 1000000 1000000 1000000 1000000 1000000 1
1 1000000 1000000 1000000 1000000 1 1 1 1000000 1000000 1 1 1000000 1000000 1000000 1000000 1 1000000 1000000 1 1000000 1 1 1 1 1000000 1 1 1 1 1000000 1 1 1 1 1 1000000 1 1 1000000 1 1000000 1000000 1 1 1000000 1 1000000 1000000 1000000 1000000 1000000 1 1 1000000 1 1000000 1000000 1 1 1 1000000 1000000 1000000 1 1000000 1 1 1000000 1000000 1 1000000 1000000 1 1000000 1 1 1 1000000 1 1000000 1 1 1 1000000 1 1000000 1 1 1000000 1 1000000 1 1 1 1 1000000 1000000 1000000 1
1 1000000 1 1000000 1 1 1000000 1 1000000 1000000 1 1 1 1000000 1000000 1 1000000 1 1 1 1000000 1000000 1 1 1 1 1 1000000 1 1 1 1 1 1 1000000 1 1000000 1000000 1 1 1 1000000 1000000 1 1 1 1000000 1 1 1000000 1 1000000 1 1000000 1000000 1 1000000 1000000 1 1000000 1000000 1000000 1000000 1 1 1 1 1 1000000 1 1000000 1 1000000 1 1 1000000 1000000 1 1000000 1 1 1000000 1000000 1000000 1 1000000 1 1 1 1 1000000 1 1 1000000 1000000 1 1 1000000 1 1
1 1000000 1 1 1000000 1000000 1000000 1 1 1 1 1 1 1 1 1 1000000 1000000 1000000 1000000 1000000 1 1 1000000 1 1000000 1000000 1 1000000 1000000 1 1 1000000 1 1 1000000 1000000 1 1000000 1 1000000 1000000 1000000 1 1 1000000 1000000 1000000 1000000 1 1000000 1 1 1 1 1 1000000 1000000 1000000 1000000 1000000 1000000 1000000 1000000 1000000 1000000 1 1 1 1000000 1 1 1 1000000 1 1 1 1 1 1000000 1 1000000 1000000 1000000 1 1 1 1 1 1 1 1 1 1000000 1000000 1000000 1000000 1 1 1
1 1 1000000 1 1000000 1 1 1000000 1000000 1000000 1000000 1 1 1 1000000 1 1000000 1000000 1 1000000 1000000 1 1 1 1 1000000 1000000 1000000 1000000 1000000 1000000 1000000 1 1 1000000 1000000 1 1000000 1000000 1000000 1 1000000 1 1 1 1 1 1000000 1000000 1000000 1000000 1000000 1000000 1000000 1000000 1 1000000 1 1 1 1 1000000 1 1000000 1000000 1 1 1 1000000 1 1000000 1 1 1000000 1000000 1000000 1 1 1 1 1 1000000 1000000 1000000 1000000 1 1000000 1000000 1 1000000 1000000 1 1000000 1 1000000 1000000 1 1 1 1
1 1000000 1 1000000 1000000 1000000 1 1000000 1000000 1000000 1000000 1 1 1000000 1000000 1000000 1000000 1 1000000 1000000 1000000 1000000 1 1 1 1 1000000 1000000 1 1000000 1 1000000 1 1 1 1000000 1000000 1000000 1 1000000 1 1 1 1000000 1 1000000 1000000 1 1000000 1 1000000 1000000 1 1 1 1 1000000 1 1000000 1000000 1 1000000 1000000 1 1000000 1000000 1 1000000 1000000 1 1 1 1 1000000 1000000 1 1000000 1 1 1 1000000 1 1 1000000 1 1 1 1 1 1000000 1 1000000 1000000 1000000 1000000 1000000 1 1 1 1
1 1 1000000 1000000 1 1 1000000 1000000 1000000 1 1000000 1 1000000 1 1000000 1 1000000 1 1000000 1000000 1000000 1000000 1 1000000 1 1 1000000 1000000 1 1000000 1000000 1000000 1000000 1 1 1 1000000 1 1000000 1 1000000 1 1 1000000 1 1000000 1000000 1 1 1 1000000 1 1 1000000 1 1 1000000 1000000 1000000 1 1 1000000 1000000 1000000 1 1 1 1 1000000 1000000 1000000 1 1000000 1000000 1 1000000 1 1 1 1 1000000 1 1000000 1 1 1000000 1 1 1 1000000 1 1 1000000 1000000 1000000 1000000 1000000 1 1000000 1
1 1000000 1000000 1000000 1 1 1000000 1000000 1 1000000 1 1 1000000 1000000 1000000 1000000 1000000 1 1 1000000 1 1 1 1 1 1 1 1000000 1000000 1 1 1000000 1000000 1 1000000 1 1 1 1 1000000 1000000 1 1000000 1000000 1 1000000 1 1 1000000 1 1 1 1000000 1 1000000 1 1 1000000 1 1000000 1000000 1000000 1000000 1000000 1 1000000 1 1000000 1000000 1000000 1 1000000 1 1 1 1 1 1 1 1000000 1000000 1 1000000 1 1000000 1000000 1 1000000 1 1 1 1000000 1 1000000 1 1000000 1000000 1 1 1
1 1 1000000 1 1 1000000 1000000 1 1000000 1 1 1 1000000 1 1 1000000 1 1000000 1 1000000 1000000 1 1 1000000 1000000 1000000 1 1000000 1 1000000 1 1000000 1000000 1 1000000 1000000 1000000 1 1 1 1 1000000 1000000 1 1 1 1 1000000 1 1 1 1000000 1000000 1000000 1000000 1 1 1 1000000 1000000 1000000 1000000 1000000 1000000 1000000 1000000 1 1 1 1 1 1000000 1000000 1 1 1000000 1000000 1 1 1000000 1 1000000 1000000 1000000 1 1 1000000 1 1 1 1000000 1000000 1000000 1 1000000 1 1 1000000 1000000 1
1 1 1000000 1 1 1 1 1000000 1000000 1 1 1 1 1 1 1 1 1000000 1000000 1000000 1 1 1 1 1 1 1000000 1000000 1 1 1 1000000 1000000 1 1 1 1000000 1 1000000 1 1 1 1000000 1000000 1 1 1 1000000 1000000 1 1000000 1 1000000 1 1000000 1 1 1000000 1000000 1 1 1 1000000 1000000 1000000 1000000 1 1 1000000 1000000 1 1 1000000 1 1000000 1000000 1 1 1 1 1000000 1 1000000 1000000 1000000 1000000 1000000 1 1 1000000 1 1000000 1000000 1000000 1 1000000 1 1 1000000 1
1 1000000 1 1000000 1 1000000 1 1 1 1 1 1 1000000 1 1 1000000 1000000 1 1000000 1 1 1 1 1000000 1 1000000 1000000 1000000 1 1000000 1 1000000 1000000 1 1 1000000 1 1000000 1 1 1000000 1 1 1000000 1 1 1000000 1 1000000 1 1000000 1000000 1000000 1000000 1 1 1 1 1000000 1000000 1000000 1000000 1 1 1000000 1000000 1 1 1 1 1000000 1 1 1000000 1 1000000 1000000 1 1 1 1 1 1 1000000 1000000 1000000 1000000 1000000 1 1000000 1 1000000 1 1 1000000 1000000 1000000 1 1 1
1 1 1000000 1 1 1000000 1000000 1 1 1 1000000 1 1000000 1 1000000 1 1 1 1 1000000 1 1000000 1 1000000 1000000 1 1000000 1000000 1 1 1 1 1 1 1000000 1 1 1000000 1000000 1000000 1000000 1 1000000 1000000 1 1 1 1000000 1000000 1 1 1000000 1 1000000 1 1 1000000 1 1 1 1000000 1 1000000 1 1000000 1000000 1 1 1 1 1000000 1000000 1 1000000 1000000 1 1 1 1000000 1 1 1000000 1000000 1 1 1 1000000 1 1 1 1 1 1000000 1 1 1000000 1000000 1 1000000 1
1 1 1 1000000 1 1 1000000 1000000 1000000 1 1 1 1 1 1000000 1 1 1 1 1000000 1 1000000 1 1 1 1 1 1000000 1000000 1 1 1000000 1 1 1 1000000 1000000 1000000 1 1 1000000 1000000 1000000 1000000 1 1000000 1000000 1 1000000 1000000 1000000 1000000 1 1000000 1 1 1 1000000 1 1000000 1000000 1 1000000 1000000 1 1000000 1 1000000 1 1 1 1 1 1000000 1 1 1 1 1 1000000 1000000 1000000 1 1000000 1 1 1 1 1 1 1000000 1 1 1000000 1000000 1000000 1 1000000 1000000 1
1 1 1 1 1 1000000 1000000 1 1 1 1 1 1 1 1 1000000 1 1 1 1000000 1 1000000 1 1000000 1000000 1 1 1 1 1 1000000 1000000 1 1 1000000 1 1000000 1000000 1 1 1000000 1 1000000 1 1 1000000 1 1 1 1000000 1000000 1 1 1 1000000 1 1000000 1000000 1 1 1000000 1000000 1000000 1 1 1 1 1 1 1 1 1000000 1000000 1000000 1000000 1000000 1000000 1 1000000 1 1 1 1000000 1 1000000 1 1 1 1 1000000 1000000 1 1 1000000 1 1000000 1000000 1000000 1 1
1 1 1 1000000 1000000 1000000 1 1 1000000 1 1000000 1 1000000 1 1 1 1 1000000 1 1 1000000 1000000 1 1000000 1000000 1000000 1 1 1000000 1 1000000 1000000 1 1 1000000 1000000 1 1 1000000 1 1 1000000 1 1000000 1 1 1000000 1 1 1000000 1 1 1 1 1000000 1 1000000 1000000 1 1 1 1000000 1000000 1000000 1 1 1 1 1 1 1 1 1000000 1 1 1 1000000 1 1 1 1000000 1000000 1 1 1000000 1 1000000 1 1 1 1 1 1000000 1000000 1 1000000 1 1000000 1000000 1
1 1000000 1 1000000 1 1000000 1 1000000 1 1 1000000 1 1 1 1000000 1000000 1000000 1 1 1000000 1000000 1000000 1 1 1 1 1000000 1 1 1 1 1 1000000 1 1000000 1000000 1 1000000 1000000 1000000 1000000 1 1 1000000 1 1000000 1 1000000 1 1000000 1000000 1 1000000 1000000 1000000 1 1000000 1000000 1000000 1000000 1 1000000 1 1000000 1 1 1 1000000 1000000 1000000 1000000 1 1 1000000 1000000 1000000 1000000 1 1000000 1000000 1000000 1 1000000 1 1 1 1000000 1000000 1 1 1000000 1000000 1 1000000 1000000 1000000 1000000 1 1 1
1 1 1000000 1000000 1 1 1000000 1000000 1 1000000 1 1 1 1000000 1 1000000 1000000 1000000 1 1 1000000 1000000 1 1000000 1 1 1 1 1 1 1 1000000 1 1 1 1 1000000 1000000 1000000 1000000 1 1 1 1000000 1 1 1000000 1000000 1000000 1000000 1 1000000 1000000 1000000 1000000 1 1000000 1000000 1 1000000 1 1 1000000 1000000 1000000 1000000 1 1 1 1000000 1000000 1000000 1 1 1000000 1 1 1 1000000 1 1000000 1000000 1 1 1000000 1 1000000 1000000 1 1 1000000 1000000 1000000 1 1 1000000 1 1 1000000 1
1 1 1000000 1000000 1000000 1 1 1 1 1 1000000 1 1000000 1000000 1000000 1000000 1000000 1 1 1 1 1 1 1000000 1000000 1 1000000 1000000 1 1 1 1 1000000 1 1000000 1000000 1000000 1000000 1 1000000 1000000 1 1000000 1 1 1 1 1 1 1000000 1 1000000 1000000 1 1 1 1 1000000 1 1000000 1000000 1000000 1000000 1000000 1000000 1 1 1 1 1 1000000 1000000 1 1 1 1 1 1 1 1000000 1000000 1 1000000 1 1000000 1 1000000 1000000 1 1000000 1000000 1000000 1 1000000 1 1 1 1000000 1000000 1
1 1 1000000 1000000 1 1000000 1 1000000 1000000 1 1 1 1 1000000 1000000 1 1000000 1000000 1 1 1 1000000 1 1000000 1 1000000 1 1 1000000 1 1 1 1000000 1 1 1 1 1000000 1000000 1000000 1000000 1000000 1 1 1 1 1000000 1000000 1 1 1 1 1 1 1 1 1000000 1000000 1 1000000 1000000 1000000 1000000 1 1000000 1000000 1 1 1 1000000 1000000 1 1000000 1 1 1 1 1 1 1000000 1 1 1 1000000 1000000 1000000 1 1000000 1 1000000 1 1000000 1000000 1 1000000 1000000 1000000 1 1 1
1 1 1 1000000 1 1000000 1 1 1 1000000 1 1 1 1000000 1000000 1000000 1 1 1 1 1000000 1 1 1 1000000 1 1000000 1000000 1000000 1 1000000 1 1000000 1 1 1 1000000 1000000 1000000 1 1 1000000 1 1000000 1 1000000 1 1 1 1000000 1000000 1000000 1 1 1000000 1 1000000 1000000 1 1000000 1000000 1 1000000 1000000 1000000 1 1 1 1 1 1000000 1 1000000 1000000 1 1 1 1 1000000 1 1000000 1 1 1 1000000 1 1000000 1 1 1000000 1000000 1000000 1 1000000 1000000 1 1000000 1000000 1 1
1 1 1 1 1000000 1 1000000 1 1 1 1000000 1 1000000 1 1 1 1 1000000 1 1 1000000 1 1 1000000 1 1000000 1 1 1 1 1 1000000 1 1 1000000 1 1 1000000 1 1000000 1 1000000 1000000 1000000 1 1000000 1 1 1000000 1 1 1000000 1000000 1 1 1 1000000 1 1000000 1000000 1000000 1000000 1 1000000 1 1 1 1000000 1 1000000 1000000 1000000 1 1 1 1 1000000 1 1000000 1000000 1 1000000 1 1 1 1 1 1 1 1000000 1 1 1 1 1 1 1 1 1000000 1
1 1 1000000 1000000 1000000 1000000 1 1 1000000 1000000 1000000 1 1 1 1000000 1000000 1000000 1 1000000 1 1000000 1 1 1000000 1 1 1000000 1 1000000 1000000 1 1000000 1 1 1000000 1 1 1 1000000 1000000 1 1000000 1000000 1000000 1 1000000 1 1 1 1 1 1000000 1 1 1000000 1 1 1 1 1000000 1000000 1000000 1 1 1 1000000 1 1000000 1 1000000 1000000 1000000 1 1000000 1000000 1000000 1 1 1000000 1 1 1 1 1 1 1 1 1 1 1000000 1000000 1000000 1000000 1000000 1000000 1000000 1000000 1 1 1
1 1 1000000 1 1 1 1 1000000 1000000 1000000 1 1 1000000 1 1 1 1000000 1 1000000 1 1 1 1 1000000 1 1 1 1000000 1 1000000 1000000 1 1 1 1000000 1000000 1000000 1000000 1000000 1000000 1000000 1000000 1 1 1 1000000 1000000 1 1 1 1 1000000 1000000 1 1000000 1 1000000 1000000 1 1 1000000 1000000 1000000 1 1 1 1 1 1 1000000 1000000 1000000 1 1000000 1 1 1000000 1 1000000 1 1000000 1 1000000 1000000 1000000 1 1000000 1 1 1 1000000 1000000 1000000 1000000 1 1000000 1000000 1000000 1000000 1
1 1000000 1 1 1 1000000 1 1 1000000 1000000 1000000 1 1 1000000 1 1 1 1000000 1 1000000 1 1 1 1000000 1000000 1 1000000 1000000 1 1 1 1 1 1 1000000 1 1 1000000 1000000 1000000 1000000 1 1 1000000 1 1 1 1000000 1 1 1000000 1000000 1000000 1 1 1 1 1 1 1 1000000 1 1000000 1 1000000 1 1 1 1000000 1000000 1000000 1000000 1000000 1000000 1000000 1000000 1 1 1000000 1 1 1 1000000 1000000 1 1 1000000 1000000 1 1000000 1000000 1 1 1000000 1 1 1 1 1 1
1 1000000 1 1 1000000 1000000 1 1 1 1 1000000 1 1 1000000 1 1000000 1 1 1000000 1 1000000 1000000 1 1 1000000 1 1 1 1 1 1000000 1 1 1 1 1 1 1000000 1 1000000 1 1 1000000 1000000 1 1000000 1 1 1000000 1 1 1 1000000 1 1 1 1000000 1 1 1000000 1 1 1 1000000 1 1000000 1 1 1 1000000 1 1 1 1 1 1000000 1 1 1 1 1000000 1 1000000 1000000 1 1 1000000 1 1 1 1000000 1 1 1000000 1 1 1 1000000 1000000 1
1 1 1 1000000 1000000 1 1 1 1 1000000 1 1 1 1000000 1 1000000 1000000 1000000 1 1000000 1 1 1 1000000 1 1 1000000 1000000 1000000 1000000 1000000 1000000 1000000 1 1 1000000 1000000 1 1000000 1 1 1000000 1000000 1000000 1 1 1 1 1000000 1 1 1000000 1000000 1 1000000 1 1 1 1000000 1 1 1000000 1 1 1 1000000 1 1000000 1 1000000 1 1 1000000 1 1 1 1000000 1 1000000 1000000 1000000 1 1 1 1 1000000 1000000 1000000 1 1 1000000 1000000 1000000 1000000 1000000 1 1000000 1000000 1000000 1
1 1 1000000 1 1000000 1000000 1 1000000 1000000 1 1 1 1 1 1000000 1 1000000 1000000 1000000 1 1 1 1 1000000 1000000 1 1000000 1 1 1000000 1 1 1 1 1 1 1 1 1 1000000 1000000 1000000 1 1 1 1 1 1 1000000 1000000 1000000 1 1 1000000 1000000 1 1 1 1000000 1 1000000 1000000 1 1 1000000 1 1 1 1000000 1 1000000 1000000 1000000 1 1 1000000 1 1 1 1 1000000 1000000 1 1 1 1 1000000 1 1 1 1 1 1 1000000 1000000 1000000 1000000 1 1000000 1
1 1000000 1000000 1 1000000 1000000 1 1000000 1 1 1 1 1000000 1 1000000 1 1000000 1 1000000 1 1000000 1 1 1000000 1000000 1 1000000 1 1 1 1 1 1 1 1 1 1 1 1000000 1000000 1000000 1000000 1 1000000 1 1 1 1 1000000 1000000 1 1 1 1 1000000 1 1000000 1000000 1000000 1000000 1000000 1 1 1 1 1000000 1 1000000 1 1000000 1000000 1 1000000 1000000 1000000 1 1 1 1000000 1 1 1000000 1000000 1 1000000 1000000 1 1 1 1000000 1000000 1000000 1 1000000 1 1000000 1 1 1000000 1
1 1000000 1 1 1 1 1 1000000 1000000 1000000 1000000 1 1000000 1000000 1000000 1000000 1 1 1 1 1 1 1 1 1000000 1 1 1000000 1 1 1 1000000 1 1 1 1 1000000 1000000 1000000 1 1 1 1 1000000 1 1 1 1 1000000 1 1 1000000 1000000 1 1000000 1 1 1000000 1000000 1 1 1 1 1000000 1 1 1 1000000 1000000 1000000 1 1 1000000 1000000 1 1 1000000 1 1 1000000 1000000 1 1000000 1 1 1 1 1000000 1 1 1 1 1 1000000 1000000 1000000 1 1000000 1 1
1 1000000 1 1000000 1 1000000 1000000 1 1 1000000 1 1 1 1 1 1000000 1000000 1 1 1 1 1 1 1000000 1 1 1000000 1 1000000 1 1000000 1 1000000 1 1000000 1 1 1 1000000 1 1 1000000 1000000 1 1 1000000 1000000 1000000 1 1000000 1 1000000 1 1000000 1000000 1 1 1000000 1 1000000 1000000 1 1000000 1000000 1 1 1 1 1 1 1 1000000 1 1 1 1000000 1000000 1 1 1 1000000 1 1 1 1 1000000 1000000 1000000 1 1000000 1000000 1 1000000 1 1000000 1000000 1000000 1 1000000 1
1 1000000 1 1000000 1000000 1 1 1 1 1000000 1000000 1 1 1 1000000 1000000 1000000 1 1 1 1000000 1 1 1 1 1000000 1000000 1000000 1000000 1000000 1000000 1000000 1 1 1000000 1000000 1000000 1 1000000 1 1000000 1000000 1000000 1 1 1000000 1000000 1000000 1 1 1 1 1000000 1000000 1000000 1 1 1000000 1000000 1000000 1000000 1 1 1000000 1 1000000 1 1000000 1000000 1000000 1000000 1000000 1000000 1 1 1000000 1 1 1000000 1 1000000 1000000 1000000 1000000 1 1000000 1 1 1 1 1 1 1000000 1000000 1 1 1000000 1000000 1000000 1
1 1 1000000 1 1 1000000 1 1000000 1 1 1000000 1 1000000 1000000 1000000 1 1000000 1000000 1000000 1000000 1000000 1000000 1 1000000 1 1 1 1000000 1 1 1 1 1 1 1 1 1000000 1 1 1000000 1 1000000 1 1 1 1000000 1 1000000 1 1000000 1000000 1 1 1000000 1000000 1 1000000 1000000 1 1000000 1 1000000 1 1 1000000 1 1 1 1 1000000 1000000 1000000 1000000 1000000 1000000 1 1000000 1 1000000 1000000 1000000 1 1000000 1 1 1 1000000 1000000 1 1 1000000 1 1000000 1 1 1000000 1 1 1 1
1 1000000 1 1 1000000 1 1 1000000 1 1 1000000 1 1 1000000 1 1 1 1000000 1000000 1000000 1000000 1000000 1 1000000 1 1 1000000 1000000 1 1 1 1000000 1000000 1 1 1 1 1 1 1 1 1 1 1000000 1 1 1 1 1 1 1000000 1000000 1 1000000 1000000 1 1 1000000 1000000 1 1000000 1 1000000 1 1 1 1 1 1000000 1000000 1 1000000 1000000 1 1000000 1 1 1 1 1 1 1000000 1000000 1 1000000 1 1 1000000 1 1000000 1 1000000 1 1 1000000 1000000 1000000 1000000 1 1
1 1000000 1000000 1000000 1 1 1 1000000 1000000 1000000 1000000 1 1 1000000 1000000 1 1 1 1000000 1 1000000 1 1 1 1 1 1 1 1000000 1000000 1000000 1000000 1000000 1 1 1 1 1 1 1 1 1000000 1 1 1 1 1000000 1000000 1 1 1000000 1 1 1 1 1 1 1000000 1000000 1000000 1 1 1 1 1 1 1 1000000 1000000 1 1 1 1000000 1000000 1000000 1000000 1 1 1000000 1 1000000 1000000 1000000 1000000 1000000 1 1000000 1000000 1 1 1000000 1 1 1000000 1 1000000 1000000 1 1 1
1 1 1 1000000 1000000 1 1000000 1000000 1 1 1000000 1 1000000 1000000 1 1000000 1 1 1000000 1000000 1 1 1 1 1 1000000 1000000 1 1 1000000 1000000 1 1000000 1 1000000 1000000 1 1 1 1000000 1 1 1000000 1 1 1 1 1 1000000 1000000 1000000 1000000 1000000 1 1000000 1 1000000 1 1000000 1 1 1 1000000 1000000 1000000 1 1 1 1000000 1 1000000 1000000 1000000 1 1000000 1 1 1 1 1000000 1000000 1 1 1000000 1000000 1000000 1000000 1 1 1000000 1000000 1000000 1000000 1000000 1000000 1000000 1 1000000 1000000 1
1 1000000 1 1 1 1000000 1 1000000 1000000 1 1000000 1 1000000 1 1 1 1000000 1000000 1 1 1 1 1 1000000 1 1 1000000 1 1 1000000 1 1000000 1000000 1 1000000 1 1 1000000 1 1 1000000 1000000 1000000 1 1 1 1000000 1000000 1 1000000 1000000 1000000 1000000 1 1 1 1000000 1000000 1 1 1 1 1000000 1000000 1000000 1000000 1 1 1000000 1 1000000 1 1000000 1000000 1000000 1000000 1 1 1 1000000 1 1000000 1000000 1 1000000 1 1 1 1 1000000 1000000 1 1 1 1000000 1000000 1000000 1000000 1000000 1
1 1000000 1000000 1000000 1000000 1000000 1000000 1000000 1 1000000 1 1 1000000 1 1 1 1 1 1 1000000 1 1 1 1 1000000 1 1 1 1000000 1 1 1000000 1000000 1 1 1 1 1000000 1000000 1000000 1 1000000 1 1 1 1 1 1000000 1 1000000 1000000 1000000 1000000 1 1 1 1 1000000 1000000 1 1000000 1000000 1000000 1000000 1000000 1000000 1 1000000 1 1 1 1 1000000 1000000 1 1000000 1 1 1000000 1000000 1000000 1000000 1000000 1 1000000 1000000 1 1000000 1 1 1 1000000 1 1 1 1 1000000 1000000 1000000 1
1 1 1 1000000 1 1 1 1000000 1 1000000 1 1 1000000 1000000 1 1 1000000 1 1 1 1000000 1000000 1 1 1000000 1 1 1 1000000 1000000 1 1000000 1000000 1 1000000 1 1 1000000 1 1000000 1 1 1 1000000 1 1000000 1 1000000 1000000 1 1 1000000 1 1 1 1 1 1 1 1 1 1000000 1 1 1 1000000 1 1000000 1 1000000 1 1 1000000 1000000 1000000 1000000 1 1 1000000 1000000 1 1 1 1000000 1 1 1000000 1000000 1 1000000 1000000 1000000 1000000 1 1000000 1000000 1000000 1000000 1 1
1 1 1 1000000 1 1000000 1000000 1000000 1000000 1 1 1 1 1 1000000 1 1 1 1000000 1000000 1000000 1 1 1000000 1 1000000 1000000 1 1000000 1 1 1 1000000 1 1 1 1000000 1000000 1000000 1 1000000 1000000 1 1000000 1 1000000 1000000 1000000 1000000 1 1 1 1000000 1 1000000 1 1 1 1000000 1000000 1000000 1 1 1000000 1 1000000 1 1 1000000 1 1 1 1000000 1000000 1000000 1 1000000 1 1 1000000 1 1 1000000 1 1 1000000 1000000 1000000 1 1000000 1 1000000 1000000 1000000 1 1000000 1 1 1 1
1 1000000 1 1000000 1 1 1000000 1000000 1 1000000 1 1 1 1 1000000 1 1000000 1 1000000 1 1000000 1 1 1000000 1 1 1 1000000 1000000 1000000 1 1000000 1 1 1 1000000 1 1 1000000 1000000 1000000 1 1 1000000 1 1000000 1 1000000 1000000 1 1 1 1 1000000 1 1 1 1 1000000 1 1 1000000 1 1 1000000 1000000 1 1000000 1 1 1 1 1000000 1 1 1 1000000 1 1 1000000 1000000 1 1 1000000 1000000 1000000 1 1 1 1 1 1000000 1000000 1000000 1000000 1000000 1 1 1 1
1 1 1000000 1 1 1000000 1000000 1 1 1000000 1000000 1 1 1 1000000 1 1 1 1000000 1 1 1000000 1 1000000 1000000 1 1000000 1000000 1000000 1000000 1 1 1000000 1 1 1 1000000 1 1 1 1000000 1000000 1 1000000 1 1000000 1000000 1 1 1 1 1 1000000 1000000 1000000 1 1000000 1 1 1000000 1000000 1 1 1000000 1 1000000 1 1 1 1 1000000 1 1000000 1000000 1000000 1000000 1 1 1 1 1000000 1000000 1000000 1 1000000 1 1 1 1 1 1000000 1000000 1 1000000 1 1 1000000 1 1000000 1
1 1000000 1000000 1 1 1 1000000 1 1000000 1000000 1 1 1 1 1000000 1 1 1 1 1000000 1000000 1 1 1000000 1000000 1000000 1 1 1 1 1 1 1000000 1 1 1000000 1 1000000 1000000 1000000 1000000 1 1000000 1000000 1 1000000 1000000 1000000 1000000 1000000 1000000 1 1000000 1000000 1000000 1 1 1 1 1 1000000 1 1000000 1000000 1000000 1000000 1 1000000 1000000 1000000 1000000 1000000 1 1 1000000 1 1000000 1 1000000 1 1000000 1 1 1000000 1000000 1000000 1 1 1 1 1000000 1 1000000 1 1 1 1 1 1 1
1 1000000 1 1000000 1 1000000 1 1000000 1 1 1000000 1 1000000 1 1 1000000 1000000 1000000 1 1000000 1000000 1000000 1 1 1 1000000 1 1000000 1 1000000 1000000 1000000 1000000 1 1 1 1000000 1000000 1 1000000 1000000 1 1 1000000 1 1000000 1 1000000 1 1000000 1 1 1 1000000 1000000 1 1000000 1000000 1000000 1 1000000 1000000 1000000 1 1 1 1 1000000 1 1000000 1 1 1000000 1 1 1 1000000 1 1 1000000 1 1 1000000 1 1 1000000 1 1000000 1 1000000 1 1000000 1 1000000 1 1 1000000 1000000 1000000 1
1 1 1000000 1 1 1 1 1000000 1000000 1000000 1000000 1 1000000 1000000 1000000 1000000 1 1000000 1 1 1 1000000 1 1 1 1000000 1000000 1 1000000 1 1000000 1 1 1 1000000 1000000 1 1 1000000 1000000 1000000 1000000 1000000 1000000 1 1 1000000 1 1000000 1000000 1000000 1000000 1 1000000 1000000 1 1000000 1000000 1 1 1000000 1000000 1000000 1000000 1000000 1 1 1 1000000 1 1000000 1 1000000 1000000 1000000 1 1000000 1 1000000 1000000 1 1000000 1 1000000 1000000 1 1000000 1000000 1 1000000 1000000 1 1 1000000 1 1 1 1000000 1 1
1 1000000 1 1000000 1 1 1000000 1000000 1000000 1 1000000 1 1 1 1 1 1 1 1 1000000 1 1000000 1 1000000 1 1000000 1000000 1000000 1000000 1 1000000 1 1000000 1 1 1 1000000 1000000 1000000 1000000 1 1000000 1000000 1 1 1 1 1000000 1 1000000 1000000 1 1 1000000 1 1 1000000 1 1 1000000 1000000 1000000 1 1 1000000 1 1 1 1 1000000 1000000 1 1 1000000 1 1000000 1 1 1000000 1 1 1 1000000 1000000 1 1000000 1000000 1000000 1 1000000 1 1 1 1000000 1000000 1 1000000 1000000 1000000 1
1 1 1000000 1000000 1000000 1000000 1 1000000 1000000 1000000 1 1 1 1 1 1000000 1000000 1 1000000 1000000 1000000 1000000 1 1 1 1000000 1 1 1000000 1000000 1 1 1000000 1 1000000 1000000 1000000 1000000 1 1 1 1000000 1 1000000 1 1 1 1 1 1000000 1000000 1000000 1000000 1000000 1 1 1000000 1000000 1 1000000 1000000 1 1 1 1000000 1 1 1000000 1000000 1 1 1000000 1000000 1 1000000 1 1000000 1 1 1 1 1 1000000 1 1 1000000 1 1 1 1000000 1000000 1000000 1000000 1000000 1000000 1 1 1000000 1 1
1 1 1000000 1000000 1000000 1000000 1000000 1 1 1 1 1 1000000 1000000 1000000 1000000 1000000 1 1000000 1000000 1 1 1 1 1 1 1000000 1000000 1 1000000 1000000 1 1000000 1 1000000 1 1 1 1 1 1 1000000 1 1 1 1000000 1 1000000 1 1000000 1 1 1 1 1 1 1000000 1000000 1000000 1000000 1 1 1 1000000 1000000 1000000 1 1000000 1 1 1000000 1000000 1 1 1000000 1 1000000 1 1000000 1 1 1 1 1000000 1 1 1 1 1 1 1 1000000 1000000 1000000 1 1 1 1000000 1000000 1
1 1 1 1000000 1 1 1000000 1 1 1000000 1000000 1 1 1000000 1 1000000 1 1 1000000 1000000 1000000 1 1 1 1 1000000 1000000 1000000 1000000 1000000 1000000 1 1 1 1000000 1 1 1000000 1 1000000 1 1000000 1 1 1 1 1 1 1 1 1 1000000 1000000 1000000 1 1 1 1 1000000 1000000 1000000 1000000 1000000 1 1000000 1000000 1 1 1 1000000 1000000 1000000 1 1000000 1000000 1000000 1000000 1 1000000 1000000 1 1 1 1000000 1 1000000 1 1 1 1000000 1000000 1 1000000 1000000 1 1000000 1 1000000 1 1
1 1000000 1 1000000 1000000 1000000 1 1000000 1000000 1000000 1 1 1000000 1000000 1000000 1 1 1000000 1000000 1000000 1 1000000 1 1000000 1 1 1 1 1000000 1 1 1 1000000 1 1 1 1 1 1000000 1000000 1 1000000 1 1000000 1 1 1000000 1000000 1 1 1000000 1 1000000 1000000 1 1 1000000 1 1000000 1000000 1 1000000 1000000 1 1000000 1000000 1 1000000 1000000 1 1 1 1 1000000 1000000 1000000 1 1 1 1000000 1000000 1 1000000 1 1 1 1000000 1000000 1 1000000 1 1000000 1 1000000 1000000 1000000 1000000 1 1 1
1 1000000 1000000 1000000 1000000 1 1 1000000 1000000 1000000 1 1 1000000 1 1000000 1 1000000 1000000 1000000 1 1000000 1000000 1 1000000 1000000 1000000 1 1 1 1000000 1 1000000 1 1 1 1000000 1 1 1000000 1 1000000 1000000 1000000 1000000 1 1 1000000 1 1000000 1 1000000 1 1 1000000 1 1 1 1 1 1 1 1 1 1 1000000 1000000 1 1000000 1000000 1000000 1 1000000 1000000 1000000 1000000 1000000 1 1 1 1000000 1 1000000 1000000 1000000 1 1 1 1000000 1 1 1000000 1000000 1000000 1000000 1 1 1 1000000 1 1
1 1 1 1000000 1000000 1000000 1000000 1 1000000 1000000 1 1 1 1 1000000 1 1 1 1 1 1000000 1 1 1000000 1000000 1000000 1000000 1 1000000 1 1 1 1000000 1 1000000 1000000 1000000 1000000 1000000 1 1000000 1000000 1000000 1 1 1 1 1000000 1000000 1000000 1000000 1 1 1 1000000 1 1 1000000 1000000 1 1000000 1000000 1 1000000 1000000 1000000 1 1 1 1 1 1000000 1 1 1 1 1000000 1 1000000 1000000 1 1000000 1000000 1000000 1 1000000 1 1 1 1 1000000 1000000 1 1 1000000 1000000 1000000 1 1000000 1
1 1000000 1000000 1000000 1 1000000 1 1 1 1 1 1 1000000 1000000 1 1 1 1 1 1000000 1 1000000 1 1000000 1000000 1000000 1000000 1 1000000 1 1000000 1 1000000 1 1 1000000 1000000 1 1 1000000 1 1000000 1000000 1 1 1 1 1 1 1 1 1000000 1 1 1 1 1 1000000 1 1000000 1 1 1 1 1000000 1000000 1 1 1 1000000 1 1000000 1 1000000 1 1000000 1 1 1 1000000 1 1 1 1 1 1000000 1000000 1000000 1 1 1 1 1 1000000 1000000 1000000 1 1000000 1 1
1 1000000 1 1000000 1 1 1000000 1000000 1 1 1 1 1 1 1 1 1000000 1 1000000 1 1000000 1 1 1 1 1 1000000 1000000 1000000 1000000 1000000 1 1000000 1 1 1000000 1000000 1 1 1 1 1 1 1000000 1 1 1 1000000 1000000 1000000 1 1000000 1 1 1000000 1 1 1 1 1000000 1000000 1000000 1000000 1000000 1000000 1 1 1 1 1000000 1000000 1 1000000 1 1 1000000 1 1 1 1000000 1000000 1 1 1 1000000 1000000 1 1 1 1 1000000 1 1000000 1000000 1000000 1000000 1 1000000 1 1
1 1 1 1000000 1000000 1 1 1000000 1000000 1 1 1 1 1 1000000 1000000 1000000 1 1000000 1 1000000 1 1 1 1000000 1 1 1 1000000 1 1 1 1 1 1000000 1000000 1000000 1 1 1000000 1000000 1000000 1 1 1 1 1 1 1 1000000 1 1 1000000 1 1000000 1 1 1 1000000 1000000 1 1000000 1000000 1 1000000 1000000 1 1 1000000 1 1 1000000 1 1 1 1000000 1000000 1 1000000 1 1 1000000 1 1 1000000 1 1 1 1 1 1000000 1000000 1 1 1000000 1 1000000 1000000 1 1
1 1 1 1000000 1 1 1 1 1 1 1000000 1 1000000 1 1000000 1 1000000 1 1000000 1000000 1000000 1000000 1 1 1000000 1000000 1000000 1000000 1000000 1000000 1 1000000 1 1 1000000 1000000 1 1000000 1 1 1 1000000 1 1 1 1 1000000 1 1 1 1 1 1 1 1 1 1 1000000 1 1 1 1 1 1000000 1 1000000 1 1000000 1000000 1 1 1000000 1 1 1 1 1 1 1 1 1 1 1 1 1000000 1 1 1 1 1000000 1 1 1000000 1 1 1 1000000 1000000 1 1
1 1 1000000 1 1000000 1 1 1 1000000 1000000 1000000 1 1 1 1 1 1 1 1 1 1 1 1 1000000 1000000 1 1 1000000 1000000 1 1000000 1 1000000 1 1000000 1 1 1000000 1 1 1000000 1000000 1 1000000 1 1 1000000 1000000 1000000 1 1000000 1 1 1000000 1000000 1 1 1 1 1 1000000 1 1000000 1 1000000 1000000 1 1000000 1000000 1000000 1 1000000 1000000 1000000 1000000 1 1 1 1000000 1000000 1000000 1000000 1000000 1000000 1000000 1000000 1 1 1 1000000 1 1 1000000 1 1 1 1 1000000 1 1
1 1 1000000 1000000 1000000 1 1000000 1 1000000 1 1000000 1 1 1000000 1000000 1000000 1 1000000 1 1 1 1000000 1 1 1000000 1000000 1 1 1000000 1000000 1000000 1 1000000 1 1000000 1 1000000 1000000 1000000 1000000 1000000 1 1000000 1 1 1 1000000 1000000 1000000 1000000 1000000 1000000 1000000 1000000 1 1 1 1000000 1000000 1 1 1 1 1 1 1000000 1 1 1 1000000 1000000 1000000 1000000 1000000 1000000 1 1 1 1000000 1 1000000 1000000 1000000 1000000 1 1 1 1 1 1 1 1000000 1000000 1000000 1 1 1000000 1000000 1000000 1
1 1 1 1000000 1 1 1 1000000 1000000 1 1000000 1 1 1 1 1 1000000 1 1 1 1000000 1000000 1 1000000 1000000 1 1000000 1 1000000 1000000 1 1000000 1 1 1 1 1000000 1000000 1 1 1 1 1000000 1000000 1 1000000 1 1 1000000 1 1000000 1 1 1000000 1 1 1 1000000 1 1 1000000 1 1 1000000 1000000 1 1 1 1000000 1 1000000 1000000 1000000 1000000 1 1000000 1000000 1 1000000 1 1 1 1 1 1 1 1000000 1 1 1 1000000 1 1000000 1 1000000 1 1000000 1 1 1
1 1 1 1000000 1 1 1 1000000 1000000 1 1000000 1 1 1 1000000 1000000 1 1 1000000 1 1 1 1 1000000 1000000 1000000 1 1 1 1000000 1000000 1 1000000 1 1 1 1000000 1000000 1 1 1 1 1000000 1000000 1 1000000 1000000 1 1000000 1000000 1000000 1000000 1000000 1000000 1000000 1 1000000 1000000 1 1 1 1000000 1 1 1 1000000 1 1000000 1000000 1 1000000 1000000 1000000 1000000 1000000 1 1 1 1000000 1000000 1000000 1 1 1 1 1000000 1 1 1 1 1000000 1000000 1 1000000 1000000 1 1000000 1 1000000 1
1 1000000 1000000 1000000 1000000 1000000 1 1 1 1 1 1 1000000 1000000 1 1 1 1000000 1 1 1 1 1 1000000 1 1000000 1000000 1000000 1000000 1 1000000 1 1000000 1 1000000 1 1000000 1 1 1 1 1 1000000 1000000 1 1000000 1 1000000 1000000 1000000 1 1 1000000 1 1 1 1 1 1000000 1 1000000 1 1 1000000 1 1000000 1 1 1000000 1000000 1 1000000 1000000 1 1 1 1000000 1 1000000 1000000 1000000 1000000 1 1000000 1 1000000 1 1 1 1000000 1 1 1 1 1 1 1000000 1 1 1
1 1000000 1 1000000 1 1000000 1 1000000 1000000 1 1 1 1000000 1000000 1000000 1000000 1000000 1 1 1 1000000 1000000 1 1 1000000 1000000 1 1 1 1 1 1000000 1000000 1 1000000 1000000 1 1000000 1 1 1 1 1 1000000 1 1 1000000 1 1 1 1000000 1000000 1000000 1000000 1 1 1000000 1 1 1 1 1 1000000 1000000 1 1 1 1 1 1 1000000 1000000 1000000 1000000 1000000 1 1000000 1 1 1000000 1000000 1000000 1000000 1000000 1 1 1000000 1000000 1 1 1000000 1 1000000 1000000 1000000 1 1000000 1000000 1000000 1
1 1 1000000 1000000 1000000 1 1 1000000 1 1000000 1000000 1 1000000 1000000 1000000 1000000 1 1000000 1000000 1000000 1 1000000 1 1000000 1000000 1 1000000 1 1 1 1000000 1 1000000 1 1 1 1 1 1000000 1 1 1000000 1 1 1 1 1000000 1000000 1 1 1 1 1000000 1 1 1 1000000 1000000 1000000 1000000 1000000 1 1000000 1000000 1 1 1 1 1 1 1 1000000 1 1000000 1000000 1000000 1 1 1000000 1000000 1 1000000 1000000 1000000 1000000 1000000 1 1 1 1000000 1000000 1000000 1 1000000 1 1000000 1 1 1000000 1
1 1 1000000 1000000 1 1 1000000 1 1 1 1000000 1 1000000 1 1 1000000 1000000 1 1000000 1000000 1000000 1 1 1000000 1000000 1 1000000 1000000 1000000 1000000 1000000 1000000 1000000 1 1 1 1 1000000 1000000 1000000 1 1000000 1000000 1 1 1000000 1 1000000 1000000 1000000 1 1 1000000 1000000 1000000 1 1000000 1 1 1 1000000 1000000 1000000 1 1000000 1 1 1 1 1 1000000 1000000 1000000 1 1 1000000 1000000 1 1 1 1000000 1 1 1000000 1 1000000 1000000 1 1 1 1 1000000 1000000 1000000 1 1 1000000 1000000 1 1
