200 10
0 0 0 0 0 0 0 0 0 29
0 0 0 0 0 0 0 0 0 0
0 0 0 0 0 0 0 0 0 0
0 0 0 0 0 0 0 0 20 0
0 0 13 0 0 0 0 0 0 0
0 0 0 0 0 0 0 0 0 0
0 0 0 0 0 0 83 0 0 0
0 0 0 0 0 0 0 0 0 0
0 0 0 0 0 0 0 0 0 0
0 0 0 0 0 0 0 0 0 0
0 0 0 0 0 0 0 0 0 0
0 0 0 0 0 0 0 0 0 0
0 0 0 0 0 0 0 0 0 0
41 0 0 0 0 0 0 0 0 0
0 0 0 0 0 0 0 0 0 0
0 0 0 0 0 0 0 0 0 0
0 0 0 0 0 0 0 0 0 0
0 0 0 0 59 0 0 0 0 0
0 0 0 0 0 0 0 0 0 0
0 0 0 0 24 0 0 0 0 0
0 0 0 0 0 0 0 0 0 0
0 0 0 0 0 0 0 0 0 0
0 0 0 92 0 0 0 0 4 0
0 0 0 0 0 0 0 0 0 0
0 0 0 0 0 0 0 0 0 0
0 71 0 0 0 0 0 0 0 0
0 0 0 0 0 0 0 0 0 0
0 0 0 0 0 0 0 0 0 0
0 0 0 0 0 0 0 0 0 0
0 0 0 0 0 0 0 0 0 0
0 0 0 0 0 0 0 0 0 0
0 0 0 0 0 0 0 0 0 0
0 0 0 0 0 0 0 0 0 0
0 0 0 0 0 0 0 0 0 0
0 0 0 0 0 0 0 0 0 0
0 0 0 0 0 0 51 0 0 0
0 0 0 0 0 0 0 0 68 0
0 0 0 0 0 0 0 0 0 0
0 0 0 0 0 0 0 0 0 0
0 0 0 0 0 0 0 0 0 0
0 0 0 0 0 0 84 0 0 0
0 0 0 0 0 0 0 80 0 0
0 0 0 0 0 0 0 0 0 0
0 0 0 0 0 0 0 0 0 0
0 0 0 0 0 0 0 0 0 0
0 0 0 0 0 0 0 0 0 0
0 0 0 0 0 0 0 0 0 90
0 0 0 0 0 0 0 0 0 0
0 0 0 0 75 0 0 11 0 0
0 0 0 0 0 0 0 0 0 0
0 0 0 0 0 0 0 0 0 31
0 0 42 0 0 0 0 0 0 0
0 0 0 0 0 0 0 0 0 0
0 0 0 0 0 0 0 0 0 0
0 0 0 0 0 0 0 0 0 0
0 0 0 0 0 0 0 0 0 0
0 0 0 0 0 0 0 0 0 0
0 0 0 0 0 0 0 0 0 0
0 0 0 58 0 0 0 0 0 0
0 0 0 0 0 0 0 0 0 0
0 0 0 0 0 0 0 0 0 0
0 0 0 0 0 0 0 0 0 0
0 0 0 0 0 0 0 0 0 0
0 0 0 0 0 0 0 0 0 0
0 0 0 0 0 0 0 26 0 0
0 0 0 0 0 0 0 0 0 0
0 0 0 0 0 0 0 0 0 0
0 0 0 0 0 0 0 0 0 0
0 0 0 0 0 0 0 0 0 0
0 0 0 0 0 0 4 0 0 0
0 0 0 0 0 0 0 0 0 0
0 0 0 0 0 0 0 0 0 0
0 0 0 0 0 0 0 0 0 0
0 0 0 0 0 0 0 0 0 0
0 0 0 0 0 0 0 0 0 0
0 0 0 0 0 0 0 0 0 0
0 0 0 0 0 0 0 0 0 0
0 0 0 0 0 0 0 0 0 0
0 0 0 0 0 0 0 0 0 0
0 0 0 0 0 0 0 0 0 0
0 0 0 0 0 0 0 0 0 0
0 0 0 0 0 0 0 0 0 0
0 0 51 0 0 0 0 0 0 0
0 0 0 0 28 0 0 0 0 0
0 0 0 0 0 0 0 49 0 0
0 0 0 0 0 0 0 0 0 0
0 92 0 0 0 0 0 0 0 0
0 19 0 0 0 0 0 0 0 0
0 0 0 0 0 0 0 0 0 0
0 0 4 0 0 0 0 0 0 0
0 0 0 0 0 0 0 0 0 0
0 0 0 0 0 0 0 0 0 0
0 0 0 0 0 0 0 0 0 0
0 0 0 0 0 0 0 0 0 0
0 0 0 0 0 0 0 0 0 0
0 0 0 0 0 0 0 56 0 0
0 0 13 0 0 0 0 0 0 0
0 0 0 0 0 0 0 41 0 0
0 0 0 0 0 0 0 0 0 0
0 0 0 0 0 0 0 0 0 0
0 0 0 0 0 0 0 0 0 0
0 0 0 0 0 0 0 0 0 0
0 0 0 0 0 0 92 0 0 0
0 0 0 0 0 0 0 0 0 0
0 0 0 0 0 0 0 0 0 0
0 0 0 0 0 0 0 0 0 0
0 0 0 0 0 0 0 0 0 0
0 0 0 0 0 0 0 0 0 0
0 0 0 0 0 0 0 0 22 0
0 0 0 0 0 0 0 0 0 0
0 0 0 0 0 0 0 0 0 0
62 0 0 0 0 0 0 0 0 0
0 26 0 0 0 0 0 0 0 0
0 0 0 0 0 0 0 0 0 0
0 0 0 0 0 0 0 0 0 0
0 0 0 0 0 0 0 0 0 0
0 0 0 0 0 0 0 0 0 0
0 0 0 0 0 0 0 0 0 0
0 0 0 0 0 0 0 0 0 0
0 0 0 0 0 0 0 0 0 0
0 0 0 0 0 0 0 0 0 0
0 0 0 0 0 0 0 0 0 0
0 0 0 0 0 0 0 0 0 0
0 0 0 0 0 0 0 0 0 0
0 0 0 0 93 0 0 0 0 8
0 0 0 0 0 0 0 0 0 0
0 0 0 0 0 0 0 0 0 0
0 0 0 0 0 0 0 0 0 0
0 0 0 0 0 0 0 0 0 0
0 0 0 0 0 0 0 0 73 0
0 0 0 0 0 0 0 0 0 0
0 0 0 0 0 0 0 0 0 0
0 0 0 0 0 0 0 0 0 0
0 0 0 0 0 0 0 0 0 0
0 0 0 0 0 0 0 0 0 0
0 0 0 0 0 0 0 0 0 0
0 0 0 0 0 0 0 0 0 0
0 0 0 0 0 0 0 0 0 0
0 0 0 0 0 0 0 0 0 0
0 0 0 0 0 0 0 0 0 0
0 0 0 0 0 0 0 0 0 0
0 0 0 0 0 0 0 0 0 0
0 0 47 0 0 0 0 0 0 0
0 0 0 0 0 0 0 0 0 0
0 0 0 0 0 0 0 0 0 0
0 0 0 0 0 0 0 0 0 0
0 0 0 0 0 0 0 0 0 0
0 0 0 0 11 0 0 0 0 0
0 0 0 0 0 0 0 0 0 0
0 0 0 0 0 0 0 0 0 0
0 0 0 0 0 0 0 0 0 0
0 0 0 0 0 0 0 0 0 0
0 0 0 0 0 0 0 0 0 0
0 0 0 0 0 0 0 0 0 0
0 0 0 0 0 0 0 0 0 0
0 0 0 0 0 0 0 0 0 0
0 0 0 0 0 0 0 0 0 0
0 0 0 0 0 0 0 0 0 0
0 0 0 0 1 0 0 0 0 0
0 0 0 0 0 0 0 0 0 0
0 0 0 0 0 0 0 0 0 0
0 0 0 0 0 0 0 0 0 0
0 0 0 0 42 0 0 0 0 0
0 0 0 0 0 0 0 0 0 0
0 0 0 0 0 0 0 0 0 0
0 0 0 0 0 0 0 0 0 0
0 0 0 0 0 0 0 0 0 0
0 0 0 0 0 0 0 0 0 0
0 0 0 0 0 0 0 0 0 0
0 0 64 0 0 0 0 0 0 0
0 0 0 0 0 0 0 0 0 0
0 0 0 0 0 0 0 0 0 0
0 0 0 0 0 0 0 0 0 0
0 0 0 0 0 0 0 0 0 0
0 0 0 0 0 0 0 0 0 0
0 0 0 0 0 0 0 0 0 0
0 0 0 0 0 0 0 0 0 0
0 0 0 0 0 0 0 0 0 27
0 0 0 0 0 0 0 0 0 0
0 0 0 0 0 0 0 0 0 0
0 16 0 0 0 0 0 0 0 0
0 0 0 0 0 0 0 0 0 0
0 0 0 0 0 0 0 0 0 0
0 0 0 0 0 0 0 0 0 0
0 0 0 0 0 0 0 0 0 0
0 0 0 0 0 0 0 0 0 0
0 0 0 0 0 0 0 0 0 0
0 0 0 0 0 0 0 0 0 0
0 0 0 0 0 0 0 0 0 0
0 0 0 0 0 0 0 0 0 0
0 0 0 0 0 0 0 0 0 0
0 0 0 0 0 7 0 0 0 0
0 0 0 0 0 0 0 0 0 0
0 0 0 0 0 0 0 0 0 0
0 0 0 0 0 0 0 0 0 0
0 0 0 0 0 0 0 0 0 0
0 0 0 0 0 0 0 0 0 0
0 0 0 0 0 0 0 0 0 0
0 0 0 0 0 0 0 0 0 0
0 0 0 0 0 0 0 0 0 0
0 0 0 0 0 0 0 0 0 29
0 0 0 0 0 0 0 0 0 0
0 0 0 0 0 0 0 0 0 0
0 0 0 0 0 0 0 0 20 0
0 0 13 0 0 0 0 0 0 0
0 0 0 0 0 0 0 0 0 0
0 0 0 0 0 0 83 0 0 0
0 0 0 0 0 0 0 0 0 0
0 0 0 0 0 0 0 0 0 0
0 0 0 0 0 0 0 0 0 0
0 0 0 0 0 0 0 0 0 0
0 0 0 0 0 0 0 0 0 0
0 0 0 0 0 0 0 0 0 0
41 0 0 0 0 0 0 0 0 0
0 0 0 0 0 0 0 0 0 0
0 0 0 0 0 0 0 0 0 0
0 0 0 0 0 0 0 0 0 0
0 0 0 0 59 0 0 0 0 0
0 0 0 0 0 0 0 0 0 0
0 0 0 0 24 0 0 0 0 0
0 0 0 0 0 0 0 0 0 0
0 0 0 0 0 0 0 0 0 0
0 0 0 92 0 0 0 0 4 0
0 0 0 0 0 0 0 0 0 0
0 0 0 0 0 0 0 0 0 0
0 71 0 0 0 0 0 0 0 0
0 0 0 0 0 0 0 0 0 0
0 0 0 0 0 0 0 0 0 0
0 0 0 0 0 0 0 0 0 0
0 0 0 0 0 0 0 0 0 0
0 0 0 0 0 0 0 0 0 0
0 0 0 0 0 0 0 0 0 0
0 0 0 0 0 0 0 0 0 0
0 0 0 0 0 0 0 0 0 0
0 0 0 0 0 0 0 0 0 0
0 0 0 0 0 0 51 0 0 0
0 0 0 0 0 0 0 0 68 0
0 0 0 0 0 0 0 0 0 0
0 0 0 0 0 0 0 0 0 0
0 0 0 0 0 0 0 0 0 0
0 0 0 0 0 0 84 0 0 0
0 0 0 0 0 0 0 80 0 0
0 0 0 0 0 0 0 0 0 0
0 0 0 0 0 0 0 0 0 0
0 0 0 0 0 0 0 0 0 0
0 0 0 0 0 0 0 0 0 0
0 0 0 0 0 0 0 0 0 90
0 0 0 0 0 0 0 0 0 0
0 0 0 0 75 0 0 11 0 0
0 0 0 0 0 0 0 0 0 0
0 0 0 0 0 0 0 0 0 31
0 0 42 0 0 0 0 0 0 0
0 0 0 0 0 0 0 0 0 0
0 0 0 0 0 0 0 0 0 0
0 0 0 0 0 0 0 0 0 0
0 0 0 0 0 0 0 0 0 0
0 0 0 0 0 0 0 0 0 0
0 0 0 0 0 0 0 0 0 0
0 0 0 58 0 0 0 0 0 0
0 0 0 0 0 0 0 0 0 0
0 0 0 0 0 0 0 0 0 0
0 0 0 0 0 0 0 0 0 0
0 0 0 0 0 0 0 0 0 0
0 0 0 0 0 0 0 0 0 0
0 0 0 0 0 0 0 26 0 0
0 0 0 0 0 0 0 0 0 0
0 0 0 0 0 0 0 0 0 0
0 0 0 0 0 0 0 0 0 0
0 0 0 0 0 0 0 0 0 0
0 0 0 0 0 0 4 0 0 0
0 0 0 0 0 0 0 0 0 0
0 0 0 0 0 0 0 0 0 0
0 0 0 0 0 0 0 0 0 0
0 0 0 0 0 0 0 0 0 0
0 0 0 0 0 0 0 0 0 0
0 0 0 0 0 0 0 0 0 0
0 0 0 0 0 0 0 0 0 0
0 0 0 0 0 0 0 0 0 0
0 0 0 0 0 0 0 0 0 0
0 0 0 0 0 0 0 0 0 0
0 0 0 0 0 0 0 0 0 0
0 0 0 0 0 0 0 0 0 0
0 0 51 0 0 0 0 0 0 0
0 0 0 0 28 0 0 0 0 0
0 0 0 0 0 0 0 49 0 0
0 0 0 0 0 0 0 0 0 0
0 92 0 0 0 0 0 0 0 0
0 19 0 0 0 0 0 0 0 0
0 0 0 0 0 0 0 0 0 0
0 0 4 0 0 0 0 0 0 0
0 0 0 0 0 0 0 0 0 0
0 0 0 0 0 0 0 0 0 0
0 0 0 0 0 0 0 0 0 0
0 0 0 0 0 0 0 0 0 0
0 0 0 0 0 0 0 0 0 0
0 0 0 0 0 0 0 56 0 0
0 0 13 0 0 0 0 0 0 0
0 0 0 0 0 0 0 41 0 0
0 0 0 0 0 0 0 0 0 0
0 0 0 0 0 0 0 0 0 0
0 0 0 0 0 0 0 0 0 0
0 0 0 0 0 0 0 0 0 0
0 0 0 0 0 0 92 0 0 0
0 0 0 0 0 0 0 0 0 0
0 0 0 0 0 0 0 0 0 0
0 0 0 0 0 0 0 0 0 0
0 0 0 0 0 0 0 0 0 0
0 0 0 0 0 0 0 0 0 0
0 0 0 0 0 0 0 0 22 0
0 0 0 0 0 0 0 0 0 0
0 0 0 0 0 0 0 0 0 0
62 0 0 0 0 0 0 0 0 0
0 26 0 0 0 0 0 0 0 0
0 0 0 0 0 0 0 0 0 0
0 0 0 0 0 0 0 0 0 0
0 0 0 0 0 0 0 0 0 0
0 0 0 0 0 0 0 0 0 0
0 0 0 0 0 0 0 0 0 0
0 0 0 0 0 0 0 0 0 0
0 0 0 0 0 0 0 0 0 0
0 0 0 0 0 0 0 0 0 0
0 0 0 0 0 0 0 0 0 0
0 0 0 0 0 0 0 0 0 0
0 0 0 0 0 0 0 0 0 0
0 0 0 0 93 0 0 0 0 8
0 0 0 0 0 0 0 0 0 0
0 0 0 0 0 0 0 0 0 0
0 0 0 0 0 0 0 0 0 0
0 0 0 0 0 0 0 0 0 0
0 0 0 0 0 0 0 0 73 0
0 0 0 0 0 0 0 0 0 0
0 0 0 0 0 0 0 0 0 0
0 0 0 0 0 0 0 0 0 0
0 0 0 0 0 0 0 0 0 0
0 0 0 0 0 0 0 0 0 0
0 0 0 0 0 0 0 0 0 0
0 0 0 0 0 0 0 0 0 0
0 0 0 0 0 0 0 0 0 0
0 0 0 0 0 0 0 0 0 0
0 0 0 0 0 0 0 0 0 0
0 0 0 0 0 0 0 0 0 0
0 0 0 0 0 0 0 0 0 0
0 0 47 0 0 0 0 0 0 0
0 0 0 0 0 0 0 0 0 0
0 0 0 0 0 0 0 0 0 0
0 0 0 0 0 0 0 0 0 0
0 0 0 0 0 0 0 0 0 0
0 0 0 0 11 0 0 0 0 0
0 0 0 0 0 0 0 0 0 0
0 0 0 0 0 0 0 0 0 0
0 0 0 0 0 0 0 0 0 0
0 0 0 0 0 0 0 0 0 0
0 0 0 0 0 0 0 0 0 0
0 0 0 0 0 0 0 0 0 0
0 0 0 0 0 0 0 0 0 0
0 0 0 0 0 0 0 0 0 0
0 0 0 0 0 0 0 0 0 0
0 0 0 0 0 0 0 0 0 0
0 0 0 0 1 0 0 0 0 0
0 0 0 0 0 0 0 0 0 0
0 0 0 0 0 0 0 0 0 0
0 0 0 0 0 0 0 0 0 0
0 0 0 0 42 0 0 0 0 0
0 0 0 0 0 0 0 0 0 0
0 0 0 0 0 0 0 0 0 0
0 0 0 0 0 0 0 0 0 0
0 0 0 0 0 0 0 0 0 0
0 0 0 0 0 0 0 0 0 0
0 0 0 0 0 0 0 0 0 0
0 0 64 0 0 0 0 0 0 0
0 0 0 0 0 0 0 0 0 0
0 0 0 0 0 0 0 0 0 0
0 0 0 0 0 0 0 0 0 0
0 0 0 0 0 0 0 0 0 0
0 0 0 0 0 0 0 0 0 0
0 0 0 0 0 0 0 0 0 0
0 0 0 0 0 0 0 0 0 0
0 0 0 0 0 0 0 0 0 27
0 0 0 0 0 0 0 0 0 0
0 0 0 0 0 0 0 0 0 0
0 16 0 0 0 0 0 0 0 0
0 0 0 0 0 0 0 0 0 0
0 0 0 0 0 0 0 0 0 0
0 0 0 0 0 0 0 0 0 0
0 0 0 0 0 0 0 0 0 0
0 0 0 0 0 0 0 0 0 0
0 0 0 0 0 0 0 0 0 0
0 0 0 0 0 0 0 0 0 0
0 0 0 0 0 0 0 0 0 0
0 0 0 0 0 0 0 0 0 0
0 0 0 0 0 0 0 0 0 0
0 0 0 0 0 7 0 0 0 0
0 0 0 0 0 0 0 0 0 0
0 0 0 0 0 0 0 0 0 0
0 0 0 0 0 0 0 0 0 0
0 0 0 0 0 0 0 0 0 0
0 0 0 0 0 0 0 0 0 0
0 0 0 0 0 0 0 0 0 0
0 0 0 0 0 0 0 0 0 0
0 0 0 0 0 0 0 0 0 0
667932 359465 361900 403906 539193 545259 411206 38251 109665 935493
902214 625486 2519 900874 839710 358695 328229 850613 866145 259361
610933 527266 806708 708156 410076 875756 556621 745716 757858 39843
209383 237964 311406 930464 61946 616164 51605 742543 285072 20052
132976 636346 597575 42671 510500 518478 917809 911543 21397 101608
588298 876598 34478 109398 960584 890984 603613 43275 160978 784218
319697 42571 706608 837599 21808 546617 906945 193210 369834 165966
383842 966412 556270 367953 248911 700523 763608 24608 364840 195043
550582 870209 494707 534974 442348 674674 436716 11414 601022 607442
732535 277879 804221 807632 638011 66065 163121 989512 433307 182324
937068 784035 250643 320526 45344 658379 535690 164823 511670 854098
693647 827000 201044 601912 477265 562562 529578 626167 874828 724512
659722 153598 747868 669506 758 832919 403518 148023 180592 765780
755231 236582 375640 965514 901148 658779 970585 148755 196923 472856
130715 428631 796570 759351 807702 205701 445509 842098 668379 951193
183270 317502 646858 813656 624925 947072 642692 464622 412521 802350
238192 372056 281992 938508 827575 761159 351837 739802 980818 241722
959105 147179 325125 379786 150441 151835 703858 910161 30881 210735
706010 125460 884636 244810 612063 710582 240932 774364 43797 796202
786419 185640 339544 96100 675703 320042 189680 145032 487250 838070
203292 103799 668157 386553 368364 861524 61051 892534 294501 508265
835362 654302 675241 987999 614661 754248 971304 289580 33461 49916
760738 438934 343618 897763 205558 751004 614153 140967 142960 621810
216714 647370 600929 771014 702538 603538 488509 87784 581080 134081
553790 723852 811714 732919 597620 680111 38888 589411 419214 950429
449884 274786 21044 963697 935324 866844 462520 91378 969008 265702
620146 38796 37949 306927 928816 960477 336588 59798 873035 814511
284320 253963 10328 987361 201180 918223 796625 433023 410577 882176
292277 447174 426516 62397 302844 441861 241133 303783 725396 151338
287848 251311 151514 723989 357255 555789 474855 392900 469002 174958
322984 643071 517310 379056 161308 410609 40132 726721 300899 787317
801767 589249 27941 694122 926619 845896 907838 35193 306544 854308
116118 985517 4335 746242 211992 455659 234247 932689 905960 238957
682106 852116 470708 947388 488848 217637 476102 896458 883726 551324
221086 109123 920029 494438 775758 632370 403012 648979 42063 371219
925603 330619 745766 297641 351167 493431 225081 569216 956108 950992
429950 690677 374077 884452 824905 646459 369077 668931 831156 201739
863035 643656 586043 810993 473891 491777 987167 672090 316959 884797
800503 557851 578431 472633 360120 551709 134274 111610 440740 286895
925402 915184 759965 399082 833477 399413 297065 848153 782358 999299
346609 364489 352044 691714 835573 940061 773818 806828 930215 5130
404859 29036 704021 741580 69612 989120 11054 430744 714765 718005
898193 565912 235242 739237 727710 720874 97676 363963 274980 470315
238567 178981 698333 79668 399575 65493 811051 451179 59224 237117
774569 432375 646002 533598 907931 640483 243936 417539 239874 220567
974891 437247 854568 29832 461372 721887 456670 574166 122031 453363
577152 72521 439226 946790 301955 767590 901038 671331 567269 99097
121403 166891 484655 196828 216942 597688 519886 177757 449583 13215
655275 35170 599943 260433 565314 780931 170172 377175 561850 425744
746140 25553 769069 982674 865564 786193 863728 849612 364080 628267
65244 911394 848351 560911 766424 653789 590786 878445 632842 690205
747849 26525 658418 189972 983594 525381 456782 692831 413949 507374
808293 902742 882280 617432 66613 113288 305519 612262 393587 921201
48970 260211 124152 149736 857892 233800 135030 384754 689969 167696
775361 282877 785006 844836 50401 589682 3500 599482 243933 657663
770656 741865 658338 443487 699461 408336 183811 601267 229819 263519
791145 49856 813732 834713 650946 519007 87246 430413 548652 695652
460113 431106 139784 205442 955045 828999 982794 420582 273944 703758
795513 691154 548315 438018 700928 491969 154960 897614 430367 643405
419026 183624 412339 732959 631223 614310 292105 955543 569931 657491
340554 452747 61539 499579 488424 929782 66273 228678 242704 399655
315429 791685 329373 598961 940311 95605 560603 985005 609225 193386
623246 237070 172818 246740 857512 127489 627389 641046 165329 957656
369985 503668 910158 323909 737986 433669 267027 581865 328187 39829
259358 571775 597655 61040 505233 438296 172557 416652 337612 589471
939171 930117 413945 93853 818032 621411 515063 696466 717142 295735
358870 937209 549045 617577 404581 154966 314711 969521 570246 413687
535623 745619 409992 653571 225477 435820 966416 667269 645095 276102
796462 545256 112951 422949 288884 605714 97494 683251 436451 232361
867063 92109 96368 229591 91753 876620 636686 870103 394399 607480
527679 753378 182866 952433 451613 417978 823481 893435 179253 48335
251790 492931 408205 450118 128833 715036 438803 119003 98870 267811
555871 528351 962608 990135 553026 451873 627955 126761 619177 914379
382424 148171 54435 346450 520051 156399 443940 332290 856927 872713
959600 287190 203161 126368 754991 675134 837926 964518 535601 527580
967348 989322 13025 43437 986342 541139 170827 964002 669561 449098
510362 998052 9711 645745 1090 601330 834869 939893 941173 523382
824603 259921 823316 775456 278561 511884 186260 161823 581384 762207
442512 382417 662037 348083 514892 449895 949997 588438 702157 443989
424278 1248 844398 648682 521027 292305 809547 790534 867946 724559
235500 364393 410949 611724 490529 571596 654389 823794 985970 14800
524924 924116 797972 358130 899884 924440 288896 20929 260637 608142
205900 348218 79738 334454 24873 762262 857274 874308 601065 145511
413113 353900 154780 135003 616535 815812 820250 45633 717717 515579
814885 945507 809131 669901 478065 826171 410294 993974 699346 171947
659827 608521 641453 272773 651419 422766 300172 468383 856109 493864
926402 985108 672581 590325 207959 594535 544829 728250 509348 740409
604081 80868 721615 250461 330717 607513 421364 159329 42626 553670
37273 651287 703273 901370 242909 187735 136327 18102 852545 619338
835176 914484 757451 467659 572896 257476 699041 805021 954394 953174
385496 308574 443680 548263 11255 271765 740237 584425 850050 427782
617091 357210 997373 296779 227763 599819 809043 569540 616916 839625
787916 125583 236694 94869 991933 48757 554281 4397 911510 797895
567027 625220 136706 588991 541270 751177 670431 808962 279658 437085
294159 227321 3115 595065 677721 309252 614807 966408 279088 95955
722857 61324 445435 215425 928380 85097 507125 788537 485622 390194
531814 876188 988015 762589 899298 682362 887426 58539 722735 310289
804630 110569 768165 347088 849750 906803 266133 406014 258612 603547
725889 776131 253506 924709 786307 640005 746479 859020 510697 867585
750689 890195 507996 972204 366993 826856 342394 553315 334681 873340
395142 563019 212349 393428 322994 544660 385070 727924 531587 100258
404316 908124 196787 983070 912158 361640 353206 959669 943493 115591
432769 50694 570965 32110 272491 852590 690125 662878 890862 613102
727210 749203 747869 945218 595028 85048 894629 344469 569457 957416
349189 5418 143682 608387 823902 541643 784306 472671 285914 730795
798380 218279 893855 467215 741535 995496 258840 568837 294419 410795
648087 172445 386489 226218 110170 277360 818877 439021 367132 990885
607869 629246 234783 228173 384056 219147 277693 639060 430895 245728
467022 877217 513254 254538 968267 959547 340091 104423 60786 227290
904518 429999 425504 542804 577483 661297 874899 162225 550277 564796
496507 725962 237635 624532 632040 487751 879086 25123 59932 974739
642744 979392 775094 980941 896590 353176 267375 32914 967222 623643
852986 394951 807923 530070 633812 264040 962944 267269 109951 572703
747466 998300 581969 170207 37861 432903 872484 527657 149589 647605
629414 800042 156568 998283 551890 580562 338924 162000 615693 174543
965274 932489 664822 65442 796156 335871 260314 671490 504838 615932
713357 196057 814363 672136 64926 41421 685582 675359 109526 936575
894750 958696 989343 787162 459985 906028 743028 240158 44938 883355
225899 680818 366194 243626 478309 229947 578506 896767 946410 167223
896334 597271 51434 950027 53276 388348 714521 719978 628896 696393
899050 958637 257788 639589 190823 749484 51088 666562 320674 549894
312673 194668 372807 314392 983198 468251 261265 291927 822304 969585
669525 631914 454955 138143 477644 441202 628516 22807 87699 252625
906430 321797 245137 326081 619183 445099 432718 902409 388974 195336
842508 956898 505365 155235 338046 938787 109704 199126 143534 395069
363331 91653 905262 908123 184678 343996 394213 782053 164689 477394
384060 428371 875234 373603 968728 640977 207840 794815 805146 559464
743686 798792 961261 16488 553689 473460 839523 891699 437271 762127
179656 980302 57547 743498 474690 515997 278329 569455 340008 557720
539812 751883 921025 705739 213878 194169 131621 751156 756788 354289
359217 390833 689316 591731 185695 116292 347890 876122 392890 970179
753967 1036 845421 845553 657290 136310 373201 980332 613514 583211
273354 820553 609982 342027 5405 736250 319009 79771 464169 741801
824585 15889 592552 139365 268518 629797 546433 830029 372158 58077
381459 629400 943895 209870 768837 336558 900873 391418 944320 773256
727270 71221 919742 375574 907788 296102 558917 532604 59633 554064
116789 475622 627888 205490 382094 404821 836316 929935 188008 58522
169741 633880 508956 617934 467145 361820 135162 1541 550838 773437
277177 397657 412132 990765 405714 834700 742260 632837 866802 268964
443773 772692 789285 953739 818931 790880 213439 292924 839960 905125
949971 695096 974656 275289 987204 967408 351390 578949 49723 282677
124884 459696 661372 825282 603873 954417 881450 680865 525739 199218
912491 643041 701655 866316 854992 160754 317197 661558 104869 552504
86046 69551 947277 155555 898314 842561 147742 60788 289759 157922
341624 680608 449762 983031 365485 784173 685390 406256 279304 421715
497325 391257 756555 779878 420809 789629 22892 439317 382921 934517
492102 575316 977829 211003 387529 262433 547941 878712 845739 290203
296763 263347 241792 908516 546371 60978 206806 580582 34470 570965
748850 288924 308097 739092 121193 641786 95454 604101 343004 298390
683538 958004 552655 639721 877591 70689 436703 854895 726698 429394
750660 832061 782314 574448 106327 152907 84830 126111 441857 346689
87055 200362 603666 455596 989439 430830 805809 234104 643685 72671
507807 824336 913794 334434 957125 380944 629479 15115 841769 431531
197812 339542 203359 472870 942134 547054 905571 106119 664340 748255
939224 578108 821558 330205 188972 118269 58343 561827 569530 809684
34354 252243 359141 592040 902891 324095 368247 226300 36176 827762
344742 228520 467375 221577 639012 425174 174778 369938 237840 313190
513653 175494 425294 206361 903154 240393 247103 917946 880501 661107
828950 322991 610682 798454 632939 826204 413747 267111 840 975117
907327 8441 565271 788396 674303 549107 931203 555427 720866 235986
617115 867791 86793 199922 934003 442531 12526 73531 847925 821864
728875 889280 345868 820117 261401 221246 650048 843408 25830 955049
887497 502828 544564 602047 904290 663788 311256 988652 945651 840065
818821 851733 492138 659529 668594 794179 711601 195470 586652 463872
610275 897048 335692 375804 781282 991031 313283 971564 406263 958862
892563 167539 742585 291694 546060 500426 23612 28508 628643 727900
442176 339946 835905 69593 316002 852897 198024 819928 50432 242984
112051 754611 786373 225646 129548 854840 840187 302566 584273 623156
709410 661823 776021 107397 728332 949466 106149 745958 784389 76511
543195 885095 84628 282282 72592 477074 976143 143556 151806 801108
369329 141481 816503 331988 263242 717846 977209 480807 977069 838728
759309 654781 901972 603540 298899 88001 911206 931336 411747 270632
531901 775991 361964 67169 399408 334204 183581 579603 809096 485472
190480 320923 162308 856448 708642 342482 905139 576374 795777 702887
583477 850962 24664 692285 982191 673911 795346 712144 462820 557239
143114 960588 508255 97933 126375 752954 946095 232695 762013 802080
415659 51464 723902 277687 942655 209409 485058 431551 694772 951385
623549 96341 153179 242073 257232 978737 380250 681999 888510 272847
134052 582781 742937 88360 672921 850963 784125 344332 295311 120268
365309 519694 549184 428577 215363 970631 262862 32629 796563 920470
79036 607004 743354 114102 367764 415228 886255 765339 599276 536688
367818 478617 904332 982555 853650 397787 81440 418317 667164 18673
788950 807489 663809 231541 189751 898507 337368 345566 768572 406393
407659 63216 314094 985681 206347 443426 587196 898535 27855 206979
713884 428578 780822 430717 646808 379536 3949 937017 949345 571878
21195 914736 673065 615273 620712 482813 430022 675268 156295 194536
324987 248870 442575 628621 568416 163142 99307 720084 868964 661186
603479 300227 900779 324663 8548 955904 169757 517161 232304 769983
436845 224624 965085 323498 99303 454418 808659 217798 968120 634149
419717 275437 7731 721363 76727 860682 184925 88072 967192 757841
94456 861372 531239 638456 444025 144290 985360 831321 789256 97321
683676 902906 289953 689356 916536 246879 327453 18523 731806 821785
934128 729867 386394 398691 776564 731369 628265 776993 147003 179
598761 939789 621108 479335 917419 719528 935513 855306 742142 59562
801595 275908 662169 690498 780628 798302 802858 75143 139184 240756
803996 534224 63032 717869 451023 255901 745310 861103 143140 373228
208402 838715 336103 519849 311402 502837 30457 36834 647734 857365
445850 744184 541579 215190 156835 791849 516632 47398 92514 97439
48340 556935 601689 466734 181280 433901 837833 398672 144069 246454
1 114778 516132 413474 774626 277076 210659 149070 129062 407879 846792 1 923944 457324 585450 367326 182147 566240 742846 200445 22120 465587 1 605305 505688 695733 875530 388463 50354 849260 134233 525246 692459 1 571383 589146 364007 326703 837921 713282 851882 407813 178847 404065 1 135091 40445 77064 996393 459326 573128 260172 801676 161464 870814 1 266997 753192 891074 755196 8276 859358 130239 381630 170126 878327 1 886936 878274 673369 375974 827493 369167 272180 480152 662276 200183 1 902255 151099 525096 390072 612365 772730 711717 353814 467437 13997 1 614563 759035 389239 54436 799475 9022 429116 359058 767406 128032 1
1 719807 674785 938550 472436 993735 453903 189003 483418 612154 89479 1 908730 189613 824073 755649 583946 952804 847881 827110 108963 751241 1 34436 825436 38454 27627 341655 650293 828690 231681 45637 913441 1 398163 107468 749255 549343 771975 425518 834946 919890 334962 736510 1 816277 657509 850505 537762 219865 383269 265251 25549 880568 536944 1 771225 121061 222484 332213 455646 67263 805056 154530 731987 694769 1 163497 761000 236078 229047 996734 213447 958474 711229 279728 541860 1 839845 797978 5614 826401 22358 108966 198543 284303 996158 224163 1 923464 338985 500377 81844 684020 617617 705492 696697 461902 65120 1
1 722289 520627 43738 98299 134670 69509 262553 657080 906093 490497 1 647589 219203 412901 689012 920872 75273 675840 522010 306127 712456 1 129461 949993 194133 512250 855512 432172 455894 230954 165021 518674 1 67741 927410 570890 586546 386618 267924 723966 578983 791385 152131 1 91776 790558 763185 147732 50823 599507 411089 225020 46275 252667 1 786223 92383 313678 570911 380919 567375 488490 592451 627769 898478 1 136292 518110 328463 321026 878383 151202 716295 109450 152724 91578 1 233756 17854 393250 92574 844240 608300 896751 992956 440067 534453 1 216730 39724 237177 207807 756328 474945 888998 658815 813135 276510 1
1 76559 489546 640866 509901 409549 501182 937283 794010 484157 580567 1 584507 246774 618819 405264 849735 635522 658877 126423 504732 553630 1 876886 942772 105259 217964 370010 99759 861543 913107 758933 419240 1 53692 338981 871812 710349 12202 294512 798927 266 44897 100286 1 117498 311615 95014 142636 460302 76656 46956 402386 120641 93271 1 533747 626876 849735 570979 784781 967238 788508 875565 733832 471496 1 172924 607640 148057 930241 589026 655285 223196 673381 250364 869738 1 868104 885602 853411 320890 614803 365766 232273 320384 717156 180516 1 398801 723260 486199 341425 27289 142146 301343 471380 109675 661981 1
1 739762 377524 988187 399681 184790 868444 920375 397524 639892 900284 1 605340 832953 659040 875543 473079 694562 845390 254160 121233 859966 1 687821 964441 409480 971563 199431 277945 832218 61987 649844 913950 1 927963 896718 868948 508778 841553 67201 799536 876215 765022 303775 1 542370 9574 672909 243466 409510 945670 379567 90198 80739 628774 1 892965 631378 270321 722817 639308 342094 128648 914229 714922 836053 1 84580 232996 71132 462832 334927 674544 830431 513715 322235 914673 1 758697 780890 450465 963524 449869 329130 235802 454924 539966 533651 1 987851 561462 181823 794299 802316 710944 791135 905131 493680 67713 1
1 301047 989153 665676 119996 625636 158788 930267 859812 944264 719014 1 642653 550540 380499 294186 842493 356393 319205 97141 915979 380400 1 790384 567835 400370 264376 424688 197201 826740 720787 580905 795549 1 608178 931172 73946 942232 91364 185966 433235 588002 401073 512097 1 915122 373408 665576 104125 100568 344883 55948 359688 646224 376923 1 745177 654145 892785 949266 935394 802032 36116 4518 241832 153821 1 742192 23937 972977 589184 221203 900805 233752 721074 825566 351261 1 57400 451806 947456 556002 374896 118267 729386 196927 691338 281656 1 901527 62089 420576 897698 140178 991297 533553 56961 646690 543846 1
1 261802 863524 360505 943885 657591 776386 740090 305745 184081 364300 1 924419 227263 616045 610702 795391 572581 366375 632496 348088 59135 1 68944 56705 188296 328521 584529 641451 233144 763358 959022 463174 1 380474 296005 534110 787624 841899 139404 142437 505196 147749 345714 1 459251 408193 119511 518845 936441 123408 365525 648372 145781 912440 1 731394 60336 601569 462874 998003 166249 729706 196368 228974 232140 1 186993 834774 438681 206764 783685 652844 440033 158501 763996 525500 1 272478 72365 608742 548609 823583 315037 694108 924604 862977 557392 1 759671 833596 209683 24402 740537 618187 647390 143049 883416 343987 1
1 160113 706610 227183 343773 314178 991867 298839 170011 31241 953324 1 481989 144352 46367 262857 638021 267698 3908 135837 116609 271426 1 349462 28434 271997 753423 9764 631713 223749 269892 103404 28485 1 246365 555448 282126 782098 196250 932519 602022 764660 169534 386770 1 604324 226460 506105 283509 534358 107315 253976 773564 138403 715340 1 337042 388865 209907 847931 965906 849987 570412 478078 552517 366333 1 653410 27547 18628 327489 854282 449431 131371 26334 706944 212445 1 264758 877141 720324 536889 704857 515182 139175 60374 64578 686653 1 507509 837075 54454 179892 774449 882365 280834 141492 381899 780456 1
1 157375 266550 42996 349800 638238 393030 813865 219582 55844 129420 1 517627 434785 280126 332423 175539 465525 613059 476117 268475 190081 1 434377 599222 464159 950661 194459 14409 709984 593641 109569 657055 1 838657 132155 714926 800699 331524 427001 313088 346938 644903 634578 1 107841 548129 804090 442114 48411 625116 369534 59612 801414 156964 1 563767 342951 413393 921735 985318 470204 905521 614791 51913 999594 1 933591 644543 646661 995379 838398 16080 895377 620427 1743 380028 1 267508 759052 21072 725665 647701 294749 603751 537510 443160 418619 1 553878 198520 879686 310779 296066 241540 679659 642890 685579 978480 1
1 435615 110301 700936 498977 132538 871517 257209 39323 876717 167039 1 167524 136544 746634 663283 385415 257412 514671 355885 209488 669529 1 142502 215707 944669 29200 822970 405046 509650 683058 335665 535323 1 187615 556424 674795 702293 619411 932575 822116 398906 7608 266794 1 639411 38662 689230 86193 192777 942767 914224 556530 246031 671778 1 501858 570076 688128 900526 241451 195312 483251 672329 205557 323712 1 544800 974904 434430 158676 940802 455997 9142 505804 89584 295809 1 724479 604936 252909 923649 234485 844729 425580 370437 573867 928701 1 29142 3230 312030 268774 238277 284529 783017 862330 809336 583400 1
1 375805 948000 101791 381426 560780 685652 705414 812937 662048 699732 1 536192 609662 140283 530364 397527 755208 242871 746806 635951 899838 1 370086 659723 660717 386691 323459 377906 194779 941632 197901 177178 1 539694 742531 63790 9325 769961 978667 77462 647960 214648 745853 1 671967 637063 771686 913067 301957 207204 978667 563391 320767 952248 1 195239 944379 239238 936944 974889 45273 239530 95008 775357 542067 1 776193 304424 920727 333605 987610 745095 459738 614228 315275 199551 1 973291 648757 328094 881176 494372 404067 789004 783051 574167 856144 1 37899 367468 804806 680155 960075 155467 372596 899862 9016 682149 1
1 342189 289648 235835 814957 375102 570666 392806 142187 634854 313929 1 409601 115334 414691 496933 368179 596148 799447 258219 253404 683042 1 453825 301780 7094 706054 585144 365491 798261 563890 698718 387097 1 881669 69052 100104 39326 965224 667762 9000 978307 310750 48822 1 839773 419792 643254 7290 904074 675075 435750 79840 942084 918367 1 632218 138629 256759 698930 760870 323211 61953 999377 171325 69396 1 684169 116575 722645 651719 142132 292255 284757 767051 389537 529406 1 603531 1097 927966 695321 632788 620178 942471 210904 546310 862214 1 170166 765402 994985 605365 119824 421623 638972 955481 833257 379842 1
1 860393 450019 946322 624482 525245 978671 490501 489676 804918 924673 1 875770 204751 170461 614637 558224 173683 138122 718734 35410 755500 1 618965 459247 331223 343991 408733 756792 877814 97012 497267 981049 1 116800 297526 667678 82039 566183 593937 556905 681027 877984 882304 1 686326 864257 984717 511369 693988 539349 476013 319317 270361 634827 1 990694 62242 887875 897064 546486 707704 746279 352925 246336 672212 1 105162 561826 270753 854992 74673 327260 421192 640672 167314 711884 1 399016 488324 131163 951420 243472 565961 826011 502837 392723 579550 1 356340 946908 683225 355189 288252 283745 810153 382012 133200 672652 1
1 163751 149248 971174 537937 686041 332207 189897 68085 414503 986659 1 458150 653584 572606 69279 756399 422875 16417 789524 271563 685219 1 136485 409214 381784 3488 686771 253310 588215 289355 872356 41366 1 702193 125227 101807 766178 972164 406151 587483 146417 316640 753936 1 20322 198360 485764 641678 979292 790883 40811 515934 81710 478972 1 410401 572276 230262 33468 868953 364847 549009 242921 30559 261587 1 139836 928218 486540 83897 547412 812617 755420 59081 937115 699939 1 913563 27249 422684 261610 118517 521057 718956 279724 730408 142167 1 901285 857889 139257 976231 73996 301930 125001 892066 619722 409371 1
1 390981 808296 896583 962194 27059 716393 739092 28010 848200 888378 1 67155 974191 24680 381791 112673 685318 258291 761486 872110 174138 1 50729 639563 892623 141995 224805 793543 872966 621027 508141 252330 1 986965 739644 763483 949193 183634 382678 222841 582104 569469 494187 1 274011 727229 671387 810744 108746 318042 8425 11241 905830 952530 1 413136 648938 162364 424373 123821 58895 810903 343425 843869 677315 1 936647 311225 744478 195315 317553 649902 866623 61583 923039 581808 1 795586 47795 326477 828430 871238 34035 648261 652714 250064 907487 1 583627 787189 733407 422471 561623 626689 520802 750282 69337 498555 1
1 759576 507154 787440 140251 864631 322448 475286 295086 665731 164814 1 549974 473627 776977 609874 385435 409273 496979 170683 839319 211121 1 332751 552654 188911 623060 98919 785527 867499 342490 924005 841236 1 973333 718611 20770 744462 962309 160910 162175 877498 348442 684389 1 404365 753411 634928 276911 702935 902294 403034 819809 209347 324939 1 689190 834264 676656 889886 847062 222355 258869 275296 650754 93395 1 517202 582887 942304 431392 548185 744071 809678 142721 712914 829394 1 85872 171007 999716 534390 525748 850891 183523 766259 357207 584262 1 754029 301267 11338 384755 375195 616591 604786 570276 462516 665465 1
1 387522 954765 594794 165393 529846 476424 218238 23578 203011 735157 1 252513 819649 104230 436737 320305 278197 337742 762714 814692 605305 1 402427 470889 304869 577430 726070 163679 477359 809326 196601 496055 1 220446 656057 692699 639807 844052 915621 61390 199930 938518 838746 1 75217 573354 416586 182590 116639 783139 2926 543989 684487 694544 1 617172 686786 315990 349787 959745 482821 749757 5421 699259 612335 1 530128 721115 624065 758368 14816 130646 373896 495478 914122 339750 1 107670 783059 181874 169232 818825 498879 215036 586231 332494 42050 1 403215 960454 799602 854626 441703 299686 656307 914674 860172 242872 1
1 285923 482675 647053 137749 413773 522511 539867 33671 352871 512793 1 747460 56462 111403 133209 259138 341962 709605 308712 736378 895321 1 616074 365511 953714 557416 259462 343750 125619 741914 832683 859475 1 761545 774927 963392 903777 746630 126553 959717 952999 365702 639920 1 401783 644571 117292 786942 186414 426139 653922 951629 785065 46638 1 838297 561293 34106 400466 897820 871174 865245 121991 581586 393966 1 945738 227498 518535 120250 294221 862885 393096 586235 807986 366138 1 295200 359039 223429 788351 560056 886776 379344 603687 54995 224354 1 177816 225165 752480 678454 116988 520589 948142 106762 475252 280488 1
1 4137 61069 583729 935804 686551 99629 327216 298672 371347 365275 1 663947 235698 977876 532372 637711 945655 784 444570 540390 400595 1 599051 150331 242021 503707 801492 764132 24217 635218 138794 788314 1 470517 949537 262540 278296 311733 83868 958086 541728 167480 349009 1 132657 145958 337291 714980 947946 238532 100341 321954 669698 522353 1 954200 685474 209977 497396 338632 56077 690832 927527 249979 381056 1 92166 727872 632938 756525 849734 939141 75287 649704 48687 985933 1 251742 837950 662360 348719 167856 819375 420223 744568 943332 56759 1 159832 639369 873873 749148 68843 269178 691250 582709 807698 208289 1
1 740213 985462 167724 381830 399612 740226 412871 26379 398408 246692 1 280972 891276 482895 863018 152736 494337 669923 834787 252999 912873 1 270667 152403 934486 599761 905593 42394 873141 862452 396670 124796 1 795282 483665 687831 220020 484613 490527 334369 400583 132068 715744 1 28312 610318 143783 579779 802062 416191 983378 274582 256457 258398 1 877657 416062 891169 121571 138927 701155 343252 540349 84682 578218 1 743247 28484 868766 501160 842844 871990 506845 813484 771397 855119 1 204759 617379 952936 465067 448038 582938 662460 785987 502023 969383 1 318857 63024 824141 851008 376601 125514 510086 309258 474634 116498 1
1 655295 228777 318404 415886 879340 503320 76104 942448 271931 349675 1 583329 251205 781309 669677 711560 363035 30197 741231 589200 12127 1 537454 380705 961634 316932 612092 704442 306255 60920 430392 423848 1 288202 146103 794903 200979 449546 940379 222686 218230 246368 60761 1 623090 155681 556037 909396 539401 854740 314638 155351 250282 281496 1 103249 145562 741407 265547 288349 304550 591453 417031 411442 974428 1 116590 270774 857644 580447 832798 546289 322647 753454 716082 590126 1 166298 359594 68061 689876 493187 349424 854154 859516 584486 484693 1 502288 748514 838632 296760 838729 313290 903362 922625 520605 159062 1
1 88555 349147 236268 491670 109528 880509 5345 286946 505247 745237 1 536068 486453 225487 488851 282830 196183 108651 701281 382495 21538 1 341455 240819 220537 389983 98060 822912 741963 478704 843487 381753 1 228619 449505 119286 904964 72909 41068 652214 422601 608358 379475 1 671786 662203 444610 66974 381121 100706 68659 727093 54967 709176 1 398450 275244 895035 554660 864572 369753 638048 687254 407195 117588 1 824884 342333 890390 690163 789481 768713 378152 519910 454973 423026 1 117223 209137 197380 699773 879187 10450 702620 884986 263150 180390 1 245942 416769 911063 593973 640691 499928 646752 869092 593664 922485 1
1 640775 77504 806863 637910 916421 220440 181859 988331 427895 108063 1 6938 19261 942312 366061 228620 261545 503108 67348 835861 534789 1 909674 468342 226265 879269 173267 588912 831400 647053 876284 171773 1 347480 230777 560302 109611 486073 664213 942126 614625 688726 466422 1 917324 363750 290892 807586 814632 545160 753885 548417 862371 887066 1 901119 651831 436964 522708 118722 750233 228701 792085 728563 360154 1 349239 183033 453662 817890 533592 895648 264090 612780 202956 931350 1 981163 21093 707547 245409 183416 788590 845067 992226 830612 395900 1 67477 569888 945782 748555 901438 27200 10833 976841 513490 723753 1
1 442664 879799 518857 376058 329203 908713 152180 397636 707692 944546 1 657847 607555 435296 355914 504493 931006 273035 968355 66461 175727 1 295574 166976 407707 85018 547012 450002 285908 530661 469039 597875 1 178967 914174 49269 354597 406258 217969 813013 604882 308746 188686 1 432369 657139 124706 976272 552399 281915 193482 992898 919666 745544 1 655715 199349 327420 460059 752371 720717 584554 139189 283273 159275 1 958332 726754 337888 7495 688249 843147 647488 35671 546884 710410 1 657488 891916 289351 545797 669568 520727 607635 931678 533005 219617 1 850282 110341 703091 27307 456418 428148 304948 934713 603269 107816 1
1 522286 828946 696652 122135 306586 648372 903071 561272 378187 536260 1 158871 269997 557450 856377 702082 824706 373789 457030 224225 916613 1 305955 233226 381343 70211 576777 253045 824900 670902 932100 598002 1 679736 485998 996273 818557 216757 894432 464489 997823 162938 747218 1 608820 336882 621726 676200 393947 973399 313058 548471 412439 808929 1 944122 883276 241996 644754 226231 524002 941086 890123 418949 669393 1 820504 312284 958563 400759 424456 532109 900865 609952 661666 379629 1 984749 136099 602113 37230 247967 598178 717685 455274 40530 898391 1 227782 608437 957289 935389 344402 294616 944381 697742 150934 517304 1
1 883419 784375 22525 970782 114752 88025 776906 889829 401387 66922 1 334781 509880 45275 329533 616145 51121 414380 415682 873889 676880 1 862641 603073 182891 405278 348422 131465 582882 118088 329212 972729 1 622677 567023 815392 362043 791797 544418 602756 507537 412618 425697 1 37688 312733 398763 859245 263536 737492 780383 353329 667559 968809 1 518496 491509 870445 527221 513822 410793 789840 38539 700492 601097 1 452207 873308 781078 266033 267471 588770 684857 288411 304256 113031 1 532609 597918 965788 341859 534525 928810 527487 206711 595398 196030 1 438668 650329 552920 643599 161556 976401 475826 172019 362501 402867 1
1 418293 28370 246809 897546 305270 377134 540784 682463 18493 63381 1 56150 384114 826261 371851 653212 948550 427682 586893 26112 761026 1 730375 130776 181952 552473 404246 20827 838905 572139 211810 484372 1 259957 746919 451962 306083 16090 387739 734944 801298 527946 181788 1 330043 353911 958399 529491 976439 78613 635061 433719 80789 530168 1 474651 723969 57711 102976 561881 677464 678572 914142 952348 921310 1 355529 184990 790965 164618 470145 300729 687616 523412 349197 573924 1 860333 463759 499282 23320 818387 750006 207350 799674 364177 430207 1 399482 638461 994419 406727 566040 983397 157097 954571 761642 353756 1
1 782090 266165 200987 320822 216835 802003 305323 692013 209276 579656 1 598138 656788 585295 964504 747718 335840 327874 775141 61808 787487 1 369143 986011 631533 294811 92955 681075 701288 276026 512028 3503 1 920383 763713 605217 296642 663612 471154 87052 468141 596374 853098 1 771962 279307 744143 646683 207016 292895 814045 143527 349529 646476 1 825509 531242 929474 608358 485516 943033 997260 784636 369833 821181 1 20133 536587 552518 589020 941362 148095 226545 760738 764328 508904 1 579544 446141 335676 761979 848366 897589 107547 741690 637190 15959 1 251287 720487 369137 675998 629816 667879 174440 367682 589308 740640 1
1 668898 522904 112606 670137 623715 175372 404816 480347 58452 44547 1 327920 900877 221250 606655 852069 639872 592463 971127 564125 970686 1 666712 289881 649037 259300 712946 118475 106644 495692 975219 940227 1 49070 619873 997067 77194 320612 661303 75905 154365 732480 801473 1 82284 667563 743598 302294 592364 656355 686921 553186 188691 958069 1 529842 472696 657613 10195 101163 769162 635853 523976 945214 76901 1 11702 671333 469955 759005 635263 21957 488658 304384 825010 741451 1 432390 858479 973651 547438 886356 768363 384930 557663 667124 989056 1 595390 108220 170053 778910 922580 989748 956480 584857 684665 336748 1
1 171673 453379 901424 91220 494759 97446 465233 960022 363292 141080 1 221426 524655 573122 911100 393448 709810 999275 856374 968101 627437 1 412943 492360 51934 218709 358741 666729 94878 685973 508340 416492 1 493582 759857 80156 941522 948122 869 548119 887575 383307 889814 1 360551 961717 733093 141102 462316 565815 189086 336444 961793 389885 1 450749 212875 950487 709739 777436 34140 551999 594634 226879 636729 1 738345 562447 223629 788679 787647 902183 986445 43952 571918 976749 1 732695 4565 417724 574960 870267 184698 337677 499968 670773 343123 1 348466 345232 287662 415324 550259 677399 337393 768768 486673 407203 1
1 518845 722914 678281 525959 518700 148186 128418 419795 192780 737104 1 435229 627808 773154 425640 988873 151162 676298 859027 739895 741679 1 88378 519879 667427 105009 183635 611352 343464 535234 283186 105325 1 946476 415838 87269 409602 637007 206099 583949 707019 315322 10219 1 105532 691445 119197 77927 988587 361436 587176 354827 84436 747656 1 739963 470939 988908 711441 689187 856 450058 252174 801736 282895 1 222271 28513 475101 310058 774346 122841 691442 719602 376211 876787 1 340262 985515 678245 77168 730521 776089 320940 51400 608805 335285 1 346722 184423 295450 428931 928661 514136 709185 189920 134034 449217 1
1 486078 226631 952529 174614 124545 181801 771891 507340 537091 315822 1 739713 314888 822639 458974 862987 832756 276619 349614 464338 507367 1 677205 678738 236889 286755 766623 589837 500710 789726 494598 81954 1 295547 440665 306220 96931 834822 88723 832433 245082 20223 857771 1 303608 280865 841631 4602 782210 950989 744787 977120 152345 618907 1 182141 798411 925329 717984 684796 144352 290896 260575 754226 531836 1 45282 672800 372761 581378 218258 256312 831407 665113 354614 647731 1 14877 240645 539224 753579 36793 24388 953906 451279 397179 148140 1 299883 377083 39482 941629 858481 644818 481115 396118 222075 724923 1
1 948581 584716 258403 850759 373319 309049 704012 583827 274166 190273 1 901031 676129 873920 951703 846688 814808 426654 280318 459066 328331 1 865917 853189 979878 600895 54938 590469 422946 852109 940452 365541 1 892863 239944 963269 659271 634744 67004 816041 311908 47181 569705 1 713104 430711 746500 425968 742701 402654 164684 112285 129204 622079 1 323300 63165 310593 382950 784902 976338 720067 304616 318088 566271 1 31320 530452 468017 841942 345426 932930 80447 629957 895375 436850 1 395476 307596 689945 579948 93478 495520 730796 763715 454801 790957 1 628252 757751 309210 96608 282606 280838 663015 106393 159690 343518 1
1 35468 372975 766813 919406 544603 716130 893067 82653 307673 66830 1 864432 640 673428 404620 604 99809 757973 972904 543063 232968 1 620683 936136 780464 143639 113185 991904 636795 208078 86213 295390 1 129980 288936 457595 650428 559771 709688 781495 257258 150227 73521 1 192138 900541 742157 758587 576984 209533 130867 79811 97033 478993 1 900018 523924 246407 172260 778915 682289 151299 947929 679381 601369 1 684914 238619 766452 911103 529830 869346 250883 856001 475026 561221 1 421481 892929 711632 723415 24015 846975 759812 977234 940706 115675 1 521363 116890 604153 213638 239202 423485 314155 495721 285361 749019 1
1 221315 485177 36861 596802 994485 651475 268483 395497 112499 474551 1 742322 265145 982531 990774 506515 132081 530656 755126 998917 785505 1 508990 610105 391924 436849 844843 811307 963112 60813 123850 418137 1 685429 662966 204577 646503 335948 626737 462000 903980 862971 8085 1 916400 993017 597192 927703 892758 680567 244062 427515 910538 944133 1 581862 683267 644284 293527 740083 157221 820407 770608 505808 821927 1 653595 361376 460067 512413 898378 505545 569521 819265 792781 498036 1 984830 192216 286018 297014 895479 132102 436986 879307 165661 650621 1 594096 264562 636508 716000 685611 436151 20399 850230 455892 286648 1
1 640763 261162 466418 544445 838854 899822 568607 434580 69952 259166 1 154061 908573 774220 902669 307725 720291 895661 793638 504487 890158 1 781425 550062 978075 821662 577184 539721 741903 117935 109161 504981 1 536116 570405 673856 160969 925784 916257 74528 646903 917596 605547 1 424655 617619 645009 650513 647637 842863 115201 500046 92722 870307 1 46730 486423 974038 266260 493797 711739 755604 484520 185160 993827 1 282986 85841 75991 38282 47556 630197 694118 613869 666488 331823 1 715023 112989 255356 936965 553531 62749 282052 237916 689436 697928 1 270418 260196 841402 901355 654550 301560 123776 792984 706310 129974 1
1 723917 587337 321627 79228 305047 863438 600065 97586 701141 701919 1 186736 1586 237576 72819 133759 83792 307438 164718 447269 576371 1 830582 601017 631309 112038 13907 677913 605875 945228 402448 755631 1 61141 737949 33276 961862 530372 276382 546962 543862 295243 646981 1 555560 885327 859528 643524 880045 824696 373870 745305 499374 811013 1 786101 53278 222864 56595 568305 742684 142494 17137 323470 354977 1 997001 445679 870286 3234 473767 564240 542378 465398 811776 92435 1 923046 688441 884791 421295 308173 669352 643620 841692 484944 722440 1 735076 83940 309704 634124 100121 768234 316431 824296 337313 251988 1
1 948620 68262 964726 88065 503953 453573 717355 835101 172463 305103 1 184526 233985 699326 690956 541605 993830 889830 775884 619174 248714 1 564973 345432 356587 323341 379540 187673 784212 342237 887008 515700 1 26387 507549 913925 797757 553676 825558 457887 16777 476727 183248 1 87967 953495 55935 647690 597096 776626 864111 1459 239852 417696 1 975288 338510 158387 124895 352727 689046 802796 133742 257754 978242 1 859514 921575 130113 677554 700581 232354 736800 286129 976707 852761 1 4115 883718 641057 830108 600611 143126 191530 149843 642498 120574 1 57539 865543 541088 309954 80667 305048 206760 55882 982366 328787 1
1 633547 549235 886757 410910 51294 5237 501812 619837 764527 311379 1 885018 204237 203661 826162 915838 174492 237315 613034 953660 181500 1 581721 106224 10364 111189 800972 772065 101085 850723 672083 538250 1 550830 734427 522714 144346 106839 836674 929894 733775 244783 81909 1 505331 89040 869648 867340 936593 979278 528605 189719 616875 987934 1 276182 415888 522803 274526 9740 278350 524008 349774 142353 734202 1 68625 182093 627587 760620 464890 492453 464932 485832 284612 736532 1 957609 568747 305614 560869 124218 261931 19945 655446 643996 704284 1 462792 272386 232944 960360 889756 271291 95964 657481 61013 214536 1
1 867344 388340 792756 860809 179149 652328 46547 761460 955910 521872 1 384269 566378 491980 418277 432611 543517 854509 997905 392389 334369 1 917533 717985 165858 145208 134885 344405 896013 566034 143940 308645 1 733556 651539 306116 176189 108446 920318 557071 199800 146859 887717 1 483253 218266 859101 986354 501976 171192 733938 846384 588614 699339 1 410403 621845 432232 68545 661447 308076 321536 78812 86149 853184 1 375642 265050 825010 464245 175325 361205 956614 485901 624165 950827 1 339892 983257 375624 477624 665461 334129 544551 599765 18075 714922 1 197887 942754 302887 840082 994524 801875 300936 441549 960960 93444 1
1 840015 46752 176312 147925 578544 42025 702076 714723 519686 398533 1 980405 81272 599596 475722 941788 273780 329325 329021 920083 987422 1 646640 231547 838808 583939 984967 128894 523605 141873 301978 548896 1 680883 954109 489081 805131 986374 367360 977389 771534 356787 838072 1 780210 693107 565513 853880 323101 502423 644460 786020 950610 574631 1 141324 724684 95189 990719 987459 676372 968006 512954 289156 353977 1 828461 599527 119448 954767 787688 117663 566092 88670 175848 152828 1 916399 755432 280692 664285 888913 590641 847531 522455 547190 11826 1 895799 8313 146170 799704 1454 424174 958289 637740 994848 955958 1
1 591951 594164 5615 245037 953805 595896 167304 363463 229327 860431 1 430510 316490 19225 849007 451025 523590 163412 643308 553936 112385 1 766619 286339 758363 92830 868511 184416 294658 145572 129452 221399 1 30978 256294 689227 748567 66286 315720 138419 423399 273334 265195 1 182124 687534 444033 715758 856490 625991 764020 490333 261726 429890 1 184277 256367 631595 920386 554440 973169 508258 252596 698802 948116 1 542784 698869 903345 921843 906175 847045 931570 849759 331997 579066 1 36401 794 316009 138582 855099 290199 147673 803944 93934 816630 1 450482 39114 68180 292892 656234 102674 331350 783223 132070 538824 1
1 864487 195653 845648 917708 2826 631585 509782 979163 392308 238442 1 462077 488745 919837 36237 931177 60433 553304 874517 29441 446956 1 300899 241206 881394 393650 295262 65739 219066 799407 381091 538857 1 680991 912536 312083 885877 535845 637751 450562 358491 593042 142349 1 81376 323640 208855 55622 642558 846321 863993 777023 616710 68814 1 475015 394035 204667 760346 750578 559234 690296 989802 6247 858087 1 768848 693854 214085 742451 737855 410236 25736 524763 621004 878654 1 340962 88022 93488 669975 544799 960941 773783 484101 806180 617152 1 822247 734967 440891 656385 545493 809756 175093 206196 147878 572668 1
1 188917 901715 489294 470186 10385 417520 409480 975302 59 846639 1 481420 667042 450167 230759 371462 684943 28347 555402 102454 702896 1 958890 274362 576251 277496 105041 167044 774533 240692 374732 406643 1 400625 71943 566339 66726 148990 718794 802517 502327 25519 652594 1 456399 131913 368106 493907 945592 275397 118557 321490 484699 15749 1 827597 292628 401369 606658 671526 793657 319152 309160 600965 588273 1 469964 554896 560784 719458 216295 423407 905024 665370 531475 2848 1 230081 381921 421061 420115 534218 509418 274172 188066 685921 832591 1 765062 385228 927036 588895 170359 796557 672244 843088 196391 750487 1
1 996221 714266 672708 127017 896170 472010 403316 82994 468737 104816 1 531313 125659 520843 540903 901638 802901 364219 331799 355832 856137 1 666445 946113 601189 290811 838796 971425 395663 573692 717532 246229 1 663843 475984 87897 721335 456149 476262 74329 855867 563331 599770 1 713400 965716 518382 887621 162760 649191 871678 73010 382282 766640 1 293276 987583 565733 56668 326189 984601 638694 220414 209819 232624 1 235750 615699 682667 766987 811987 804611 740355 581222 673627 760256 1 679369 405336 49085 384724 734697 845456 766390 857280 59954 488533 1 421694 877475 826366 941063 494802 290055 684710 638318 114182 813113 1
1 157102 830059 965639 448124 929744 465663 508201 932594 550447 652018 1 780069 975445 733573 626814 466389 548324 838027 141098 144393 985077 1 210790 315076 367739 814367 420166 381920 827625 524835 449294 779581 1 971087 498575 304352 784123 92209 120717 823452 890216 381386 140520 1 657727 653165 983482 552857 56669 921332 827725 959225 159791 70581 1 102498 106099 737045 710735 291780 701390 750141 881464 276047 569231 1 660085 327042 166543 374580 275788 136359 83249 74238 397286 605438 1 733351 780070 874783 37721 995585 792585 807536 222763 398946 529628 1 745556 786657 126137 579108 930592 480377 502648 918590 384934 680020 1
1 203027 60236 370051 346525 484283 487863 421519 939471 469386 251486 1 178081 151225 745306 541819 465857 849391 780815 921844 198437 30451 1 570302 973881 138231 970243 977052 4607 126535 574152 708213 530614 1 79163 706353 409830 22151 627042 72254 418610 448803 452324 329892 1 82298 290289 332809 367452 916138 387424 901335 764406 736178 423141 1 31643 976658 969115 533560 781059 745497 801314 965454 910803 902599 1 843968 7583 936423 994021 731062 856220 417712 443131 545744 954470 1 253524 921169 329254 853726 64196 343389 556654 653542 213370 846039 1 356307 788779 563326 273449 57249 131506 967110 573473 257676 898819 1
1 287160 886175 611446 160826 713886 376528 584291 838326 768540 539696 1 31777 595741 499144 899538 804927 880379 846757 826958 695735 89645 1 466663 256712 932794 523718 644998 907475 668380 645512 233641 661162 1 765778 668748 830214 638245 552844 90985 16070 702459 377259 165919 1 422328 591164 389306 129761 265448 948394 849647 499083 164701 629248 1 779589 310669 144911 667270 344104 437016 452177 217210 284745 892677 1 398107 297242 644695 769080 85450 752553 982288 789079 347897 618778 1 76204 169502 967545 868092 244716 739553 654170 301210 467793 710958 1 477104 802137 135002 742211 314943 652229 306637 890790 494148 110210 1
1 172273 324481 791937 513177 790421 330452 627871 478162 944150 338454 1 711396 811656 186624 907170 684948 169531 724801 366259 664867 173431 1 735625 399504 14978 129793 822352 614289 940881 468529 205249 251539 1 62702 938149 546072 773439 803631 446630 340527 698071 686111 934061 1 289833 946956 642345 760007 444285 120205 544644 683969 271178 964333 1 838849 816526 465572 671556 581382 492942 755410 772595 595433 611065 1 770818 505946 737894 209276 277094 376518 703533 839003 451855 883962 1 804678 130901 203344 16455 562307 281819 928922 187 32430 177746 1 890022 732965 406043 788269 695197 889316 12238 821903 800167 976405 1
1 168213 967055 936729 360434 599916 44952 95233 506145 864097 809038 1 647606 123303 327711 166321 46680 352288 981617 710819 500658 347747 1 959011 34320 900545 488528 607157 612025 834566 550381 966829 532162 1 790666 415665 555709 610727 258968 554495 706845 524725 226408 119762 1 279228 979568 774093 704776 100310 832180 963589 532821 652504 20984 1 68728 277896 772771 220804 219024 956187 853004 955440 39522 730133 1 609309 529058 433812 881888 487562 309451 740424 392709 429543 24743 1 807955 329362 609401 466237 334791 315569 15184 577248 472963 657452 1 465771 668846 267040 786709 502496 565582 141547 549211 97451 172797 1
1 55223 187880 929047 657796 821773 687302 756633 293753 658547 380249 1 546089 218306 361426 560222 914195 727822 684045 438909 491509 649150 1 418785 879653 53813 799811 531492 567391 113368 866018 41666 24577 1 851599 375834 776987 471729 208172 33007 431846 356867 307879 683037 1 456145 178915 240860 431449 954984 684753 531242 422093 640728 954668 1 226883 441015 846915 401056 331812 881642 918253 476934 763826 873347 1 495090 225597 89020 107442 655418 519471 438796 389552 531032 916883 1 128433 789151 727817 32935 231702 653243 605029 680987 632330 780222 1 805173 387326 968488 848105 635502 631065 711758 451583 120136 63377 1
1 151459 666747 813985 927282 414660 424599 594321 28565 479210 544043 1 880796 907205 61740 516793 973608 817502 133943 944089 414511 383053 1 464732 234860 504023 580917 783462 494854 503617 231616 55042 969736 1 444186 36669 74421 115371 42878 790294 88006 162154 958537 346405 1 434795 662749 185899 971286 335703 592792 291986 286524 802429 109721 1 756029 461103 180873 897799 594085 993767 16725 511538 613869 38667 1 539797 301841 400377 140758 346494 685470 42258 658106 258579 951168 1 120739 712072 615239 188616 442371 181275 158395 984165 32613 669571 1 938351 324645 160550 866502 820957 779158 419468 296667 789124 779502 1
1 374552 922733 349051 74783 301711 557850 441567 664890 342956 576242 1 997179 514689 102707 370655 666857 642875 372914 40149 311505 512232 1 798732 962920 420768 597663 44815 791350 156197 307329 527574 715112 1 552640 328199 139739 789833 59406 679723 294338 583373 62583 892376 1 101739 591344 445277 414509 543137 592892 470357 189107 342089 783561 1 924677 583407 130245 619545 841490 298323 631196 447033 395999 18667 1 212681 775221 653244 61323 167112 79577 292848 460745 715454 368159 1 249210 456364 631796 366048 796312 256724 432158 70454 274316 284523 1 203404 500563 242598 829621 692668 963409 160072 413049 128030 646243 1
1 929005 960615 732800 348874 933684 829105 699409 601818 330737 861202 1 144342 231884 591364 337656 637815 702977 892719 85021 494479 596697 1 417350 2898 805628 648102 507759 381845 172445 65500 115906 544899 1 329622 854386 146285 316985 775656 890773 640088 754564 523807 218003 1 741297 747697 54233 913243 332513 735995 758534 293807 827322 689331 1 424365 196762 803700 128943 724206 180738 472997 464398 661512 912181 1 236959 447720 442634 69715 88758 590184 479103 126971 338901 534345 1 284832 37442 314460 733112 375883 70560 826753 970144 356920 76407 1 877091 235049 626141 407381 225988 518636 16252 520594 927571 84440 1
1 912959 327822 488578 812779 350416 829325 773109 287234 175288 352379 1 785112 403635 409850 185016 754603 740446 748845 487168 661829 821232 1 864553 603703 573837 380119 605762 878234 281878 618716 525269 701428 1 108782 295653 442372 237107 5698 752663 834787 363652 597686 93772 1 831834 206311 701514 85096 39966 457314 817234 540537 794453 909957 1 346795 891536 495598 835458 25526 863499 805365 35921 848681 689427 1 773232 180174 539318 599431 199949 170128 313039 810315 186464 461749 1 148603 976725 264366 472289 949116 257830 663219 375731 36563 504370 1 195605 455306 585797 580795 630277 268522 117761 370493 571279 701890 1
1 117179 388017 357242 295658 975571 429439 771548 265832 123485 362879 1 932428 119877 978187 563415 107807 544582 24132 907418 366573 459679 1 944598 570494 21819 482461 496668 45202 295245 616241 145465 739051 1 312670 986187 828985 151168 993196 627568 785706 213169 795882 200391 1 349016 776082 652013 865711 56697 683792 223011 114801 531664 368456 1 374702 854845 464799 101419 440548 912093 797743 2596 456216 327246 1 560699 61124 663819 458254 458092 311370 949468 307253 779673 997300 1 899642 58761 2551 781629 318853 315639 665498 727967 155429 328980 1 714905 945078 445844 972401 20824 950186 435104 485677 432500 4210 1
1 731093 30211 319677 520113 139240 21057 37411 808719 509838 387296 1 180606 722424 786690 50191 668631 967401 238162 940187 878187 286815 1 969629 463392 247882 363793 868754 738331 886893 898811 250684 721208 1 328695 70615 109586 38495 17137 411195 972105 675571 119119 127105 1 981138 903535 622644 774711 912780 456679 412938 311682 318452 16198 1 814991 975048 121447 485908 442229 639367 491366 388056 66928 423109 1 920446 998564 976522 693562 93714 597188 194615 552622 335777 225276 1 866768 960472 908718 471725 923763 298081 822665 587819 377495 878045 1 700900 789720 120034 901921 620704 129562 736876 986498 152903 326452 1
1 802913 479433 776598 335033 120054 73607 593514 925574 633814 204354 1 97888 711392 644251 175989 270415 650829 1670 979242 516009 227650 1 786119 883811 357465 661863 104501 673580 366971 114846 851829 297889 1 912047 452269 213448 599057 26017 66620 745444 423390 760653 553634 1 593258 958028 179817 518864 627001 159753 214748 829371 542732 147287 1 748840 544332 666857 798203 183711 822812 703223 792987 60652 958368 1 503651 577789 779953 11038 78574 282515 489128 819609 242349 239311 1 705279 240714 187552 134465 313620 670719 373339 445031 982276 105072 1 799413 695856 327308 238017 326373 423243 465114 27464 437528 173749 1
1 628023 199987 55451 818656 971340 827300 535003 147905 995246 663796 1 536325 870381 593327 669592 700972 807081 325948 273650 343717 146352 1 759206 350811 5792 74866 345852 569767 678560 522811 479118 596566 1 949921 333958 865999 34481 750927 179142 103839 189006 89287 270655 1 512824 322530 263012 463095 169478 47943 729522 754887 969886 283456 1 848434 596115 293853 113930 857899 700354 598336 277362 10923 814347 1 526403 434690 771743 785463 631753 950859 183206 334999 579510 23925 1 241752 973219 303889 178815 393612 256464 798397 20618 171595 284089 1 891062 391249 740953 892104 759453 539146 184377 63362 401916 759374 1
1 921101 81358 398073 217046 386691 5998 937374 6639 786614 819827 1 757702 855508 647535 677646 628864 971777 987753 585167 398598 469089 1 383921 303708 421966 238871 438285 941458 358366 545876 780032 326029 1 832316 377024 835996 366266 297207 277 950011 618420 30013 178999 1 160778 679189 782978 646509 72894 393153 18383 632603 907589 150364 1 515461 223861 485903 469333 453839 185194 60021 354587 339336 750146 1 702369 454762 668165 816118 434403 177150 268329 387054 684124 170925 1 890117 40671 418449 468939 421773 243094 122931 361083 552344 794529 1 452114 232097 179236 970125 204064 832061 193906 778468 436270 406967 1
1 969780 464023 379866 779768 464932 412697 967482 167771 844316 888011 1 475126 781375 157826 397120 210462 64825 662981 917993 781116 704320 1 928343 722863 655738 242848 811251 89519 34597 87302 469140 728279 1 383423 537464 751587 839873 627120 434880 746625 740067 992735 852478 1 678836 787535 844119 911651 740689 365337 405581 487782 148580 662204 1 832796 229268 558187 788172 791359 383263 694577 342203 860655 796586 1 921687 499577 983142 973282 290468 589043 379225 735252 489238 404063 1 177937 463034 223541 595324 874003 257649 28739 840995 356333 145021 1 596959 555575 616097 238445 430927 325882 610252 587019 79632 303022 1
1 74378 411220 764360 34078 106707 112917 255489 576146 512681 160444 1 923487 256637 914789 439722 443749 845845 112482 918166 747134 920319 1 257831 97443 96217 236213 917022 852590 167229 443257 481346 766557 1 393618 594822 932581 517925 171545 475044 957129 559180 314954 164689 1 507466 701426 431459 71972 95652 730110 810398 923318 935882 554022 1 543318 879797 149563 278964 311875 862790 775733 746310 426633 181793 1 714686 748583 434638 950031 766130 543142 345527 165069 244417 705642 1 547493 394848 320187 88882 398140 798303 909996 863927 900459 250143 1 767993 333170 330873 535880 936364 761047 796564 89207 307424 779034 1
1 878621 322723 866630 397940 368949 657679 663394 913357 344249 931433 1 506833 945375 636813 587845 273144 611645 66203 929990 57715 157896 1 294192 286960 229432 782796 60641 945518 343971 368473 519067 920717 1 785507 138708 509570 54421 176179 93390 552673 531006 146212 986998 1 992062 995659 794126 290671 554796 928042 217032 780818 335795 284186 1 988810 433067 70014 603251 545621 89534 874035 805944 195808 889679 1 763353 778428 964347 969299 507116 58127 226814 9172 146875 688888 1 660495 806387 28929 556524 389021 31074 586183 21256 506246 582561 1 30597 362344 864704 298946 184052 295958 620441 953211 306218 823161 1
1 493805 294579 551269 135182 441128 690114 476890 62203 348884 114732 1 188578 157042 184838 545410 678232 333780 684077 965378 645639 13306 1 831054 709918 479317 704338 937779 934273 887975 33203 966100 688629 1 169029 259568 882161 569548 408467 845708 388245 644763 596065 637440 1 833832 603199 530339 817631 671359 526070 250307 36036 246512 932386 1 630485 935973 617540 604389 94183 497710 256779 899654 581098 899888 1 519016 602055 540419 434602 667164 24329 230061 210675 105633 242588 1 161530 847578 154955 709416 204075 13576 415910 695232 321211 791761 1 825910 908039 536635 379396 288294 86230 719030 139094 547108 125120 1
1 203742 33472 262223 941844 696047 660637 256905 334555 631230 412981 1 11432 467013 549936 646866 541495 633611 920715 377066 32634 107499 1 31178 460374 228762 292841 370355 926332 633211 928890 58305 229384 1 8284 714044 559486 353381 845704 459606 661730 762731 652323 1631 1 487827 837519 738340 188844 810163 719011 17400 498631 296740 772600 1 859389 858125 499326 525969 814491 967628 618893 495872 786769 127459 1 471591 313683 405586 45237 543565 771196 679802 208231 720107 845527 1 234555 240227 639591 238498 923966 997573 308927 24188 86242 460409 1 580389 384577 630565 617484 800205 698783 602067 216601 440339 828089 1
1 98939 650306 31883 804196 708765 129404 766100 809170 36719 10115 1 531808 117751 67795 529028 884005 411005 349823 602690 964232 649073 1 688645 975586 155885 389770 616124 930769 486636 764815 676380 844625 1 503450 399020 551734 724137 236814 452230 321148 18841 611502 928133 1 902492 747179 844680 452028 875623 510909 571436 729688 834417 604458 1 940128 88116 270542 819065 753178 15647 342379 377447 284927 82581 1 517201 445390 887242 556192 217669 570702 31595 934597 40203 695722 1 215090 324008 317243 505108 971552 366610 741943 935419 526211 839401 1 578187 51859 402568 447030 47202 215810 824317 372032 228352 742236 1
1 946482 224736 215084 551538 678230 374571 951091 718367 737414 327925 1 518405 785094 925098 860142 486214 238596 917534 292761 33524 420769 1 22482 312541 189677 312923 750137 195487 209799 131020 956736 199600 1 35375 694880 938001 943164 412147 770014 80593 796623 728154 423640 1 713410 969250 250586 702929 436260 98576 417922 71992 866182 228853 1 422829 379671 30728 336078 781464 172843 426862 464060 922363 327772 1 149005 28223 421808 806602 585852 488949 458795 354392 918740 275557 1 616225 576485 391202 792554 693056 478214 459934 217275 321153 75063 1 64596 983094 807176 428486 24975 366980 313345 34973 940747 562467 1
1 669528 638321 659487 487266 676160 319120 284231 284384 74952 477696 1 637229 810567 423959 585387 398874 605087 353831 559970 758775 468561 1 732094 623519 189430 539044 817457 436741 503074 759068 13970 530874 1 651271 544034 594946 193376 895265 597830 140439 286252 583954 646244 1 319576 950287 856989 428224 200749 136019 150162 579032 888684 701738 1 550842 547868 979692 282129 125854 96269 650341 328966 407055 353004 1 694909 905075 351467 352249 814449 407009 637740 581225 426279 523661 1 574564 537672 830159 478812 425257 260381 171761 473234 506445 308107 1 877760 914197 168302 983339 470731 660781 495061 869075 260827 711518 1
1 136829 111772 841783 246154 636572 863086 575766 932340 639871 160150 1 749669 475922 56515 454875 56286 856291 175860 472035 126951 6624 1 380268 413917 487479 733423 938994 701693 137825 761574 686989 983349 1 640269 171103 272691 702931 812076 509786 486897 457661 453730 818732 1 934512 249094 989332 362969 734362 471423 861217 484000 458992 5092 1 744153 404161 494574 844046 113775 765492 446595 216987 489345 507772 1 970037 257238 507357 748957 98059 511974 839609 673854 642596 724439 1 158541 836003 410823 736952 771251 590173 250780 108591 881054 666475 1 391333 374236 508111 50242 164742 741777 795747 714453 230434 936957 1
1 830334 36019 634164 308846 172370 406691 744120 511800 70534 105032 1 422730 580045 903726 596883 866150 571116 695961 250092 359631 973224 1 963755 406782 96352 936074 874435 211274 46329 106057 22706 184173 1 239355 354526 165089 47945 225481 301823 977835 521825 353559 244453 1 679746 317989 508139 100163 436061 574907 145406 252542 160986 539636 1 970708 359760 474233 11334 1084 415521 462574 583797 427036 445683 1 755324 616016 574995 469504 390249 559204 429675 719090 259716 436458 1 13644 825583 821077 164002 390397 378449 40358 647451 939278 579617 1 826277 584801 321972 542257 792413 143145 545687 425383 435566 370454 1
1 886996 738709 195476 259199 198118 123945 294332 339347 14781 463776 1 56923 55444 740763 906138 980001 248980 452883 368035 127532 35160 1 760255 325897 833726 752308 559620 385019 716599 744787 473889 812279 1 117278 127043 2493 649278 986341 936025 163471 751570 458741 112366 1 455852 438821 993805 579192 843185 661255 514493 284941 48546 599616 1 861667 432787 306468 958486 434572 271002 986662 915648 593884 599189 1 362983 741602 324877 312838 966071 31235 816152 669807 976284 351947 1 293773 742150 840839 874219 72904 273075 438296 612306 403275 173291 1 92462 187028 629441 93094 579991 994264 582514 937309 168186 816660 1
1 213428 564883 766628 690598 133250 915977 452799 682106 467980 188169 1 512747 285456 66127 396303 193694 854014 693220 976904 588434 739907 1 694258 827724 828248 135602 632738 656019 685516 857637 171516 350742 1 733156 347359 124449 360325 435913 825639 77769 536731 163508 598529 1 908264 671465 900543 819843 308256 524719 785439 35460 546817 426532 1 178574 660063 685224 204759 909621 789869 49033 694549 348212 781106 1 93569 338652 133897 324597 705060 949558 403702 790529 361846 886126 1 174519 64720 416268 776502 14381 439700 795228 232636 898739 914934 1 381297 786149 903591 650812 49107 243760 685465 888373 410687 731257 1
1 240556 262389 75017 121243 729649 84853 883882 504213 284030 796306 1 430455 962413 204381 771692 162998 655443 382464 574445 285506 317232 1 722791 486374 788067 520860 676644 784816 390626 271283 596643 55834 1 442786 521921 317249 13710 342971 728467 321233 757672 676484 654394 1 807682 642149 304453 493393 298818 879728 659745 113156 544780 599291 1 923580 837124 783959 47266 861223 416472 963516 628496 24435 906951 1 920425 38008 987468 124333 588852 247289 664231 921640 58600 197082 1 637698 104432 555282 179041 872369 191000 532056 23314 356728 150627 1 833091 720949 96412 616964 681101 550402 629669 483482 921606 628238 1
1 129625 107446 274456 207623 34740 959288 312539 880779 565426 184154 1 804556 323885 745358 759073 240882 147140 628438 303354 404999 144249 1 22415 48577 538645 415046 369100 100700 698747 654842 2238 620332 1 341480 889963 426958 419703 773606 924516 590256 299714 78943 175474 1 114679 331764 248252 294270 79940 993424 891761 890303 124359 667346 1 813365 231848 271430 310057 305750 628192 905959 379585 972782 459313 1 510534 171968 319332 693806 110252 173870 36694 854334 792711 459508 1 942982 905284 448009 89064 365288 981538 755654 692649 40406 192609 1 558988 558763 21637 915845 342094 634510 87103 440479 879623 103801 1
1 803639 727288 958968 530858 973593 574483 688465 720608 813364 750336 1 756676 881549 341708 553240 487548 610974 994935 902367 506296 976326 1 201373 493029 740101 556145 16680 293664 367597 900543 617514 669149 1 527208 368355 653465 583454 452315 700876 604719 200525 484982 549389 1 296281 860852 945111 407014 717486 765345 93422 778103 822344 549136 1 272514 475580 751612 378173 353313 394043 637314 867957 151282 823551 1 141854 675983 73549 706902 555050 589973 906347 802059 389544 435212 1 748651 278166 844462 685359 497218 711926 128313 428556 294116 121345 1 288793 871436 231517 335743 340429 192116 518481 135195 747684 337899 1
1 334149 593055 359842 195521 893814 915693 392072 859280 146386 758727 1 845435 502999 399819 747204 658981 507699 649966 450558 262313 280520 1 856469 490023 971556 256213 27244 475623 970834 876463 573163 785975 1 527651 19433 80085 854425 747170 482065 26339 419590 1683 280409 1 148999 915357 309325 864604 882782 544013 741105 916700 935611 179748 1 399713 562953 293219 605224 287861 598440 59664 654368 415753 249727 1 866343 314773 757202 814433 44858 77042 340947 380029 461940 23104 1 982871 619306 184867 19243 861854 628233 869346 894176 296962 531460 1 448069 21203 992619 48864 837472 925113 233921 402560 762524 632779 1
1 408674 863929 894766 842445 145323 671589 573746 663522 354154 660508 1 366243 176967 240856 681738 398925 335588 376842 953025 598799 425856 1 442593 465429 12259 626347 257681 633443 302495 64614 642447 190208 1 369166 614406 88815 422777 869258 74038 509140 857975 660328 16000 1 851675 622065 768257 564620 558745 946593 57204 984510 746958 693533 1 541008 581531 625706 224750 283912 176103 984593 716752 339969 747400 1 752622 483884 149770 727345 573201 462447 186425 848931 533350 369281 1 642785 601758 696558 366722 596614 162453 436306 349548 861315 556447 1 226984 192587 389816 138036 129823 729588 648804 118337 865383 469517 1
1 283742 851065 661383 821491 10353 756916 824846 865881 693589 730828 1 821982 239048 6973 563803 67551 317390 998679 17946 749247 983230 1 444886 335549 444955 18006 757604 863478 669912 917558 401675 300381 1 4120 337424 895607 863606 885348 526427 300009 786857 472233 968372 1 37318 237298 206510 588560 896081 467265 267384 631126 688813 458610 1 528862 454538 389846 271500 778218 528974 381850 226841 252906 968384 1 575496 940917 152997 927223 17619 702624 438666 169857 899619 518919 1 562075 882692 435938 691444 864327 304676 28021 214598 111628 765925 1 449648 714668 668176 565166 687506 109436 333659 350215 306269 853326 1
1 142427 485004 195933 767624 281701 394704 934852 15369 57521 705910 1 657457 842331 226249 182259 526547 401672 5206 847010 949665 823837 1 219144 111102 864067 308690 524415 488758 738859 113138 859607 781974 1 651362 550669 787419 664277 36807 500779 655032 956072 634651 52657 1 657296 820700 26601 294598 485974 16035 458708 454427 238924 581124 1 754670 747579 161670 896605 479457 642601 348995 61094 706984 11163 1 989254 874330 417258 389984 255804 429632 375178 593346 420132 283901 1 811561 248779 284662 718709 947796 647266 452956 398424 462411 352878 1 751801 464276 329280 39428 443040 552239 880571 384708 625801 806394 1
1 292482 982669 938284 23339 994363 772986 97549 822444 484378 500561 1 661167 298228 63803 307731 400067 871617 311138 562073 517471 943574 1 513560 536584 955606 661589 93322 354486 648622 797130 671925 269853 1 352307 902384 642059 553044 293401 511958 46131 122741 96059 743103 1 94309 52888 147777 441433 239658 505827 3886 387275 570950 166417 1 696707 794327 83650 179419 331594 891874 189611 495798 96185 932695 1 973710 222011 624843 375096 285464 849456 443563 275984 180967 934832 1 28480 690984 787387 836691 229225 745952 561970 916893 858035 449696 1 898726 438242 987316 654261 933157 713505 853764 305170 87448 64653 1
1 397583 897612 239033 950086 8853 849494 268773 971886 767208 244035 1 401441 56168 114243 830377 337339 261539 13435 805209 572052 322399 1 616105 344009 638673 792529 947067 968432 635051 853944 773594 727974 1 660296 281275 550314 600397 584586 484464 19948 867244 427822 426345 1 205755 255313 658969 718269 330530 762706 790634 292258 231875 617679 1 14987 219191 816017 236770 552645 247524 917571 658637 353342 326315 1 531348 625346 122212 260725 143214 769320 894264 541382 259217 31722 1 858911 751947 353495 200778 984192 496652 939893 279507 22420 720393 1 50250 34115 489935 496361 215495 245390 972995 921101 934483 90412 1
1 460211 318553 196530 230679 337990 548046 471524 281855 583900 530562 1 743863 345150 896827 143901 609497 246651 618999 509166 543000 98166 1 909537 107485 218463 927935 818813 961714 894208 255602 971425 430801 1 984002 957925 666658 446729 812126 464426 857506 206627 214032 949921 1 423487 177751 999057 60962 834986 498235 758118 196075 857790 967259 1 208702 423992 980206 299741 729948 612104 71600 660693 147888 696667 1 741518 303181 384093 730187 895587 150509 829596 144194 43081 597735 1 825952 987940 677350 723960 851870 615260 216469 653066 645270 797898 1 339189 759548 424750 607352 278255 544194 37622 555703 273279 2049 1
1 323549 89369 310947 107835 556202 96067 133638 789637 367576 349636 1 723798 407132 204043 919235 787410 965332 325497 686284 489163 98223 1 842107 192911 912409 487090 160319 602798 967318 753727 739228 920151 1 661179 888255 109064 720417 963952 145204 619542 12327 593381 855099 1 979167 907041 468159 916888 423486 688226 857722 498476 856150 203720 1 224659 392878 656758 767008 686382 875644 121149 562124 544215 222251 1 336740 257660 85401 996888 680087 56161 62380 235515 649428 958783 1 96912 385773 147241 541604 133113 63981 1535 810855 994948 566619 1 768472 254303 555690 447521 703393 543265 585328 351087 679590 321907 1
1 636259 76823 584691 16079 991739 747228 387841 915663 667697 149406 1 864102 232065 779554 65242 460343 694269 595382 913609 715167 221238 1 313525 341581 1431 301241 185232 218531 200047 828935 670958 267839 1 851579 963507 925476 83859 627266 56931 988920 974790 300726 494306 1 669638 507334 706889 910393 81953 335102 480309 487672 46528 685290 1 975530 242929 615025 773025 870409 330793 874592 310623 459348 175795 1 970286 42495 33259 577195 63061 793560 776619 273163 263519 330438 1 622003 750224 348223 673501 664335 239614 266746 651823 503432 113591 1 939233 667047 29699 192666 2673 521602 862729 641161 61397 180021 1
1 506193 467584 746290 677153 369199 118395 833195 852813 483320 937890 1 481606 164086 250406 508953 689103 349844 139153 569249 32489 158295 1 319384 233723 1815 205343 316523 196426 182939 993232 79343 849108 1 615521 905472 142582 771183 705828 973525 813802 717430 550919 16252 1 508605 958483 481123 761603 568768 275722 561444 973899 544844 335470 1 200210 278972 398214 564830 803289 962453 682751 696810 56596 305383 1 974353 422024 182787 24182 9841 873364 603010 947617 603593 587054 1 845726 928795 800835 367178 936566 924173 658313 147375 366926 533969 1 555987 291518 990667 56477 9601 493114 751039 77762 844716 710427 1
1 66401 436622 380917 50109 103009 879813 886615 76759 172821 634204 1 496476 554726 453965 993926 407055 148258 437180 642790 160686 456714 1 96375 812602 277380 787290 424747 285968 833908 456182 595181 96947 1 86849 18837 862454 866034 417317 664720 171492 622515 8521 946724 1 207935 474499 629638 149601 670218 79761 110285 293283 897571 690187 1 290436 692209 985025 700289 237329 542822 134292 13677 743749 681063 1 37956 157662 681625 311790 833712 492765 63005 585780 489542 900220 1 944234 399868 487995 115254 81639 336735 598306 57897 847350 363629 1 198986 550991 55281 208436 713853 853289 629207 311403 582942 562655 1
1 313151 216429 396116 223451 882293 971046 539911 38777 686247 299041 1 358216 820095 451972 310449 904392 578239 754930 752135 842355 108945 1 107854 375820 55758 319658 388251 815304 49796 970413 291036 431604 1 371153 582526 821772 834931 973265 711055 63082 984813 791860 846296 1 684925 241530 223823 687010 731434 102661 29540 410694 19031 636186 1 656776 658897 87477 952975 553759 163222 771091 509273 444889 340700 1 645717 69753 751302 212150 696354 848530 530420 932239 317058 692869 1 201363 497999 809589 369185 575694 962217 39997 509599 182713 155209 1 281624 82595 628468 733777 772492 426864 937693 945945 723170 389546 1
1 394819 154693 847808 378391 306885 591828 987143 855382 366416 5840 1 740783 457474 656946 646314 348159 369767 25588 484105 478688 477211 1 974040 866220 969481 992217 207245 902960 54821 347855 498692 155012 1 241032 367134 661411 128330 760532 452874 219033 774926 521474 62484 1 528019 811776 123753 350280 602456 697359 4744 284825 748409 499691 1 445643 934029 233187 164348 632537 671245 535214 450439 114017 379185 1 781321 567062 767287 405994 563931 7717 217742 372219 17058 88715 1 801985 86004 650663 678761 283179 541602 726431 46454 272374 416596 1 215135 701096 112988 134325 691502 337714 941851 110195 761186 83601 1
1 430896 102620 926783 692522 177631 736838 414314 708573 181428 304105 1 94209 853210 424830 692044 418477 197599 73028 579815 621093 560193 1 628583 327808 944537 280039 490429 629082 922164 212325 286577 500912 1 714822 299978 375231 984589 222075 759301 432087 4149 658260 162720 1 715838 845323 590802 16661 974560 529816 740282 615441 280909 230878 1 762358 34350 701816 61224 857928 43593 320488 29316 823025 228771 1 537251 354918 762772 310769 986012 709370 918241 689592 856168 580402 1 494182 260082 674516 553033 607025 761451 620193 15026 759638 75227 1 146744 24912 965947 419550 58188 698435 421094 956647 139929 884608 1
1 447944 659753 503429 111541 371293 588257 19816 316166 266572 319432 1 171962 140949 142828 19529 58909 152527 292014 20027 563249 197857 1 913271 902475 79783 184156 986213 868200 15036 137683 922355 332062 1 953336 144437 675013 976989 676237 168637 288638 653415 518560 643806 1 579501 376400 691396 626346 746412 687795 206796 33328 745911 363967 1 296465 846802 122549 499994 638094 905554 217596 112218 490104 317569 1 360361 808715 174872 619514 48669 601726 277187 484520 679929 72896 1 801420 924111 535731 818006 731073 742322 189479 479200 934491 660028 1 427380 921008 529023 411286 382849 445848 263432 667311 209143 385910 1
1 119323 792995 74884 979346 70075 476558 190868 617959 605013 971125 1 114414 54185 121384 928614 359884 311276 174584 469778 839046 278046 1 117673 164278 36014 747275 378136 297827 375907 480273 566822 232995 1 463149 234901 102672 386959 271354 480552 695109 181874 601130 768299 1 900018 431429 515537 914684 721626 440556 397598 471542 236386 934847 1 727320 482125 625344 619265 113493 244053 62033 717661 98573 589242 1 867753 498136 586792 318531 661480 738804 254333 541367 406711 451932 1 318048 11587 417292 642934 82017 647437 327414 14988 11571 776302 1 817460 692589 926870 781764 845802 106580 625385 105926 264118 318667 1
1 675879 54572 151614 497170 856722 651928 181083 475173 435738 906982 1 989785 527020 688901 243472 108020 819856 225008 304995 666637 439538 1 978254 216294 527088 389858 91126 131666 890784 256138 827247 612384 1 58431 972602 178029 795543 348547 993408 997834 540606 71692 285517 1 235398 630772 668022 810803 8574 531193 958685 395914 177429 105975 1 378383 95347 238127 392563 96596 415696 356440 49027 945274 298993 1 58718 910697 546854 448501 246488 323871 515789 980158 993835 104465 1 855358 733522 597746 906260 833309 148950 109944 785145 598695 888266 1 820847 885944 171269 782507 876945 983995 606572 580690 117961 976042 1
1 161386 837126 472940 323380 792309 94595 243235 594310 130824 766699 1 65630 53007 275464 699226 69575 560326 650784 218244 868116 492352 1 970133 14162 632868 160237 992697 780171 732447 271737 256272 593418 1 51162 608652 757915 246363 700821 248745 604087 252496 533908 752050 1 288878 111786 565354 462765 914389 632440 388267 464243 329760 404708 1 691036 497598 994200 152043 992615 73248 690592 354420 360693 114864 1 631430 314948 419779 411932 452325 586809 841913 198620 219969 686434 1 11895 67356 564450 674742 145156 47369 456138 102291 749612 644807 1 875452 195594 993998 510783 210226 345507 320250 37853 704305 254256 1
1 433749 978914 46224 582684 816875 150959 398702 708444 634138 83218 1 498529 826033 316444 505190 922402 325607 933768 642913 679356 485189 1 730952 97844 385457 761514 61292 137045 97506 487357 797454 667195 1 542717 877472 391616 159737 215011 298380 649927 186205 758296 666323 1 356139 950040 69091 85162 458876 892470 11186 272565 242667 505985 1 705870 321327 689848 838256 44278 361610 937703 265822 835298 612942 1 863497 802713 455628 96053 545062 769386 835293 721156 330268 300469 1 753616 212861 471824 468947 64215 189087 443904 957866 602645 994443 1 752752 595841 118792 939398 905195 31546 218788 767890 345326 85335 1
1 87547 920773 558544 893149 152551 367102 242573 552932 538050 168563 1 51026 665679 603622 580833 74084 600160 747299 717771 155376 600973 1 143235 583797 653757 899786 617659 342457 467913 808674 933394 631570 1 966035 519647 32149 601732 438286 774347 238688 545009 284046 684298 1 414286 817239 887351 537443 870524 225453 711185 739666 642826 893599 1 385750 108491 30431 427776 875016 934560 295598 742727 231639 357784 1 95057 681780 232881 330473 112926 991023 962486 499012 242713 191380 1 707010 624638 959991 766082 709431 244360 218630 821563 367525 187255 1 583891 752364 837842 417033 187865 567224 572943 149256 669071 601280 1
1 956870 391931 954387 916644 723711 769003 684105 384750 980149 803047 1 42789 172533 803416 489744 237060 131235 941632 317207 95501 230877 1 781405 472167 883926 663375 66911 723322 729023 84051 596328 730509 1 880059 512323 559826 453702 765819 610290 477963 145476 876628 493492 1 169208 932199 299006 121867 976890 347586 801030 119073 897246 875324 1 315557 245993 844525 904790 977005 147442 748093 685245 169398 528092 1 794696 970779 880999 633957 980374 875897 249557 148193 249898 895938 1 451730 101284 44225 392098 468735 962806 637265 336806 259036 205886 1 670940 795018 360882 253277 815386 650536 343389 386338 969630 906610 1
1 384690 452589 479722 791242 501008 362682 133688 540739 211678 300304 1 444871 721341 356232 643846 476059 876374 142131 470201 401206 795342 1 191972 420565 115624 768675 396242 986517 400426 229708 190705 277466 1 558415 278187 574964 550155 907092 708496 230758 604011 301924 861327 1 135541 243666 686401 297125 414671 90726 418778 739361 951039 21940 1 326015 208285 742281 152860 514489 241604 10316 115423 846024 550908 1 495773 59222 79110 526130 444177 381931 942615 423554 353438 193036 1 64068 498644 888446 214083 477587 192971 861810 68304 664565 673887 1 339931 445855 461547 144196 392973 924121 310585 600257 974677 523626 1
1 838068 901944 430224 403035 35986 589282 334160 594969 815238 231352 1 998550 743510 371903 711602 266968 212691 762412 801072 425919 725750 1 316891 37327 496143 950089 925731 704478 202785 919910 366596 592978 1 350887 758028 512059 144271 547352 616357 435841 707809 333125 936093 1 503507 491530 912373 778514 226038 98079 331420 975943 791630 183118 1 713482 68121 317836 989525 288494 898231 495413 654338 383157 266740 1 801651 565711 23308 591553 689824 489024 748537 679221 145277 467928 1 99997 333414 841516 952117 316148 632282 459373 331749 669271 59551 1 19519 129044 547564 11814 646570 170243 168012 136182 807671 417312 1
1 691951 923632 850695 579588 144747 832701 99049 109617 495678 851152 1 107215 238462 321853 211022 496174 569349 714041 341926 133505 277000 1 294097 474932 801194 661604 781009 650800 331644 885815 63750 946530 1 805817 872595 26926 256031 523195 213682 331110 419385 803103 308978 1 644287 964902 315634 381254 103545 570339 72936 983271 16934 3158 1 170896 632830 683811 536067 148125 138749 59055 334866 19748 157308 1 417021 508819 206437 774635 341679 994430 406924 756795 133711 854998 1 995591 577154 466402 346436 158444 968467 515207 335993 743071 641753 1 684543 216324 120405 998698 215335 657124 996522 866490 55354 657692 1
1 484155 630904 340037 792228 709679 57796 899527 39067 351863 965035 1 660667 336471 686160 775426 511933 203173 36373 753680 842129 282633 1 728069 801883 820656 599462 725665 951560 61312 385088 563008 378723 1 337324 236543 739709 194056 1792 377452 206008 703751 204517 409450 1 251722 794863 317278 304937 569176 836701 657842 849723 914878 375965 1 322944 545102 220701 308865 764461 265836 806110 782468 500074 886120 1 56569 265251 658738 941680 546441 395735 686250 971195 636198 730363 1 723189 633129 934612 423657 742533 367531 893677 450172 551268 182551 1 704666 205135 761496 820037 143954 537725 247339 273280 581687 617227 1
1 225168 956537 351358 968761 920233 719994 824816 789953 121751 862618 1 202132 969728 915072 433175 694593 398555 274600 137791 859822 511578 1 671387 767419 23722 693926 735450 762356 797952 183987 184767 682588 1 521635 648339 819264 389716 141046 499469 864623 419522 922544 17801 1 160429 532868 899688 923383 10655 399826 361525 49890 392187 239718 1 46951 692221 689100 826130 602906 705374 37112 393655 698126 585280 1 430186 988089 512172 113693 186223 732504 557530 971511 962181 59156 1 544581 522112 5064 437894 63412 832718 176039 680928 294443 81815 1 732850 167970 447506 638387 177914 565107 169119 431622 733232 448568 1
1 542968 775742 760174 397815 749922 15520 815764 232986 740939 610497 1 442500 307393 267422 914454 791468 734893 517549 446163 257575 806829 1 296870 677458 124971 637929 435373 48712 677547 443124 74584 5868 1 683547 125463 525725 135374 236602 663743 686860 98595 462443 45138 1 224900 444014 176115 304589 471750 271785 480241 173019 924846 465717 1 621084 393707 543257 877193 778981 920429 723976 960551 815085 812572 1 24007 877814 706533 7835 669958 605191 52026 761462 431613 842820 1 317069 908352 569105 575504 71128 962340 275527 477627 129508 742030 1 92205 323478 261847 556791 195323 640778 291062 363579 981059 569785 1
1 795632 185268 584062 508866 921625 577876 429707 549034 168045 342602 1 184783 110788 259541 9433 697426 253348 919931 86565 712306 533849 1 815147 475602 48405 41540 486283 537339 71734 293042 701730 833329 1 181929 146794 517246 111931 617637 208997 323755 332138 802849 629366 1 901276 566397 42775 364778 752837 765257 424419 140545 494805 883164 1 905702 159464 229035 62524 815999 862106 839682 825724 621919 249890 1 676488 898484 779776 558422 633601 229282 140298 391894 795757 712144 1 614321 963805 950146 436019 167765 407985 18955 108998 183595 196706 1 624828 957520 197914 135272 229916 801096 790736 389295 158708 191695 1
1 872018 83423 948570 962197 718791 87958 425409 723338 174885 933883 1 983246 831089 464144 266635 967405 767655 316107 894624 257492 212888 1 675914 583547 487544 833271 911632 888898 839264 336581 138264 84229 1 128545 37416 223869 965170 943426 371919 521175 660978 111680 74697 1 609066 117077 141004 525208 882962 513664 87497 219476 27286 409089 1 27774 581939 439180 190800 990675 622697 7103 489117 470856 500187 1 87190 682811 234214 933717 422589 558076 909287 684646 254419 918982 1 799310 417471 845268 88634 231648 34593 592892 961541 867611 354858 1 20735 105528 554158 404194 473657 954129 848373 166785 319513 189906 1
1 804130 511797 617095 189908 655791 130897 91197 479656 754409 738802 1 721435 197858 929900 324824 513390 600156 693575 480692 513401 384817 1 954282 597550 386365 228720 743713 971038 827723 659579 723156 810583 1 325788 865650 625329 170659 913362 544632 203192 510915 445368 136871 1 988824 306173 947407 524838 909273 289443 992763 64381 932578 836217 1 806205 879176 116625 136168 116365 818225 914697 350128 306236 570165 1 367307 566171 244075 389971 483520 86043 811440 5197 572580 947887 1 877863 827886 427464 623910 349122 595069 172929 809808 11358 147058 1 361202 180805 715713 878370 850376 435708 633813 176326 407354 926226 1
1 699299 604007 80470 790029 788484 561669 693645 820107 991679 426952 1 476016 849503 596313 77424 70447 501827 425878 68783 917951 902173 1 846848 70899 656779 677388 383415 24463 199188 955704 581290 787537 1 33322 40286 467116 541941 244321 888329 954756 466495 688451 304336 1 15737 11886 947677 483760 742297 534697 630503 487439 516018 371646 1 115837 350436 562078 374058 863427 763579 967970 487421 678525 736218 1 242979 833693 53038 244570 943941 298933 148808 253987 299749 406010 1 691544 552910 131873 27241 821740 178238 166465 99139 154953 411523 1 557626 712689 93125 631685 185900 480521 212683 391107 385472 825565 1
1 500379 965023 268708 454667 613542 332589 916322 488167 845131 641216 1 424736 66410 738460 437900 938419 842163 775861 582058 331622 762029 1 214418 113725 630145 807116 91439 373492 469106 657619 231584 235528 1 828250 379556 521787 441920 381805 296722 129075 600374 437244 356460 1 375154 481180 298364 471105 271744 429175 633762 237875 984612 905138 1 248031 749982 222431 775748 699547 537598 292154 531901 61731 967309 1 380105 319602 116352 418043 239823 357715 5332 698052 979773 324022 1 65611 382576 605387 232117 299904 107613 921549 600229 541414 398241 1 999868 192382 789379 879385 195606 804427 987768 624853 767801 535557 1
1 387192 772685 160063 649630 648178 317142 580999 179431 976667 968421 1 654282 213838 773896 326537 320052 267133 467278 721866 970842 214811 1 781879 16834 455484 301698 821884 431868 517180 540324 358733 191349 1 811738 75736 593628 761588 714659 330440 347572 985401 865063 786528 1 735480 863160 883376 960687 463601 867945 636699 221966 722095 732989 1 852924 100089 658899 665620 226940 59990 816540 529462 831339 355801 1 896893 99236 969220 46112 52031 529108 774123 727780 791666 14136 1 43629 311335 949508 255290 829103 27367 765574 48623 488995 140697 1 967850 669015 347317 46440 210446 449896 121794 368888 880007 853856 1
1 583673 726286 141052 411183 267725 522160 630365 779011 530794 425174 1 624353 990934 79591 159018 749080 792516 343315 567556 876600 464321 1 505393 585025 819754 566266 616419 821082 241226 392277 236370 193307 1 912404 268358 560622 738672 934946 765070 408874 677653 855504 676585 1 567942 24960 962020 520938 947568 780023 107251 288243 270040 151095 1 872329 540170 495273 190772 24228 324064 834119 252826 540988 253685 1 690679 598107 330352 432645 211612 992204 134266 552274 218560 679986 1 31141 651045 228690 259490 541612 969240 908831 530477 359816 2763 1 162225 779251 628852 85475 455744 473667 898090 445233 689565 816994 1
1 655551 983681 44771 697802 943533 519834 689735 569789 779986 477875 1 357972 823590 911956 658612 115533 910385 271210 257563 219185 653992 1 110194 373637 926176 449884 200729 982362 466938 78002 954418 614207 1 989745 415787 44221 698199 931871 728198 10228 838345 46443 881671 1 853952 46212 866953 776116 614098 731052 264 222918 441608 52466 1 347921 943146 351716 301813 496332 488008 460501 423474 84827 403101 1 454299 51073 723417 252840 58034 988644 494347 628177 336435 191452 1 987020 134247 171490 817341 996874 723444 47442 653680 922273 808706 1 746880 635747 138451 428126 810879 62290 637182 875164 804228 970289 1
1 274008 975149 535355 876574 188127 92986 438553 552467 135433 610356 1 674727 997378 261048 398083 146304 282830 226985 411009 48068 116170 1 369821 578897 535707 195386 765958 414181 525970 428625 501933 703228 1 480980 300915 288815 366533 529162 413081 165042 876113 298421 8535 1 932947 386121 257911 229684 575985 763253 427319 211800 515464 857471 1 997406 753431 650352 592945 646864 951661 447940 291988 318399 154445 1 954899 522194 238834 987591 781283 306843 384861 671423 171788 626243 1 119981 225516 295231 385699 794935 312533 443494 122960 340510 541744 1 965709 259741 519136 828467 260268 323642 990300 85006 672759 951019 1
1 411980 362399 209765 509365 929752 109156 462596 63348 4199 92692 1 536630 762245 819082 941044 232192 16488 991293 509625 277023 491319 1 503345 211271 73377 290054 200568 661894 476632 733019 340186 558841 1 401147 551373 428070 16081 146567 146314 245664 241631 487963 988890 1 318883 602249 928762 297076 204833 757553 274601 624773 28727 602417 1 376564 818721 503055 311897 781877 47885 487476 607923 449692 366206 1 558312 298194 14187 915902 4557 596928 168362 173978 403486 627685 1 640047 62513 460314 418096 673767 291176 512970 676984 955834 347805 1 943093 387157 127532 933188 707426 871229 507367 388637 851890 149249 1
1 863628 476237 110946 234613 566820 759281 466079 562487 12825 453289 1 623342 921064 649125 534872 818476 976807 342803 195127 628665 765551 1 189743 714500 756004 905610 635466 657146 166423 953566 736384 661459 1 706304 51198 417450 499464 886621 439495 949399 296259 679790 210635 1 666987 582737 771986 185602 914015 578613 580612 366962 586181 370155 1 331141 430880 46886 729328 920319 669669 961502 923729 721769 686576 1 631945 41860 718651 484847 937908 938775 789834 454587 574831 96613 1 662162 510774 426929 498440 936820 782107 847753 606689 219406 78415 1 268435 304926 492583 580775 870107 441296 3268 769118 579549 561979 1
1 364849 903653 820596 149233 595467 792016 480048 811615 184788 165412 1 793475 424619 248774 503985 961281 763492 277125 858672 458291 507870 1 345430 48365 291791 658785 381506 577903 129334 113220 67100 633656 1 55118 968180 718551 929945 899451 524438 504689 707798 436975 291181 1 144702 359972 415938 252583 633863 815363 1470 689683 330756 568669 1 683831 331320 21858 206196 569853 340791 239762 77423 255008 105991 1 483807 856569 539377 542521 338451 622038 807340 809959 994608 963319 1 494165 92020 234940 920925 840243 264061 78207 120752 263336 758921 1 426024 978325 875383 204858 412624 907100 335813 697654 428539 217222 1
1 660047 400069 113565 120967 240063 397349 191444 511345 447164 495513 1 435956 561719 956400 718612 806607 48634 445573 741594 221873 335141 1 540323 965076 687565 201781 211360 776398 974242 13860 282888 92024 1 101165 81241 212599 89622 65917 333455 65070 333876 130083 607631 1 927752 38822 106052 208143 519244 381325 543357 212108 246842 103567 1 34900 33157 815442 979762 425185 7619 582310 936591 215417 964144 1 372614 540308 987580 166122 422044 803133 757406 49552 184966 697819 1 806664 137716 766444 933094 988800 89980 354242 259252 916246 684027 1 718785 372275 490198 696930 433723 623163 301631 190920 60111 689404 1
1 645200 923451 335077 806195 773621 38861 234194 746683 177627 726001 1 796803 350492 623050 909500 399202 59253 261477 330753 809651 640780 1 849151 156356 30903 234057 915155 665522 696096 402505 939592 155826 1 181160 973007 361354 846388 701106 801614 748454 406978 184174 862892 1 826434 194673 840411 489234 728208 195256 67404 293724 677145 157624 1 566405 921969 681254 404626 643925 829033 342429 846890 641383 739090 1 360102 477056 271364 966611 518651 122266 252153 790502 889186 27323 1 850552 661089 741772 13052 637056 662259 255005 115781 523687 114471 1 311417 206100 495173 145838 227257 813974 824026 480571 12108 162709 1
1 762765 68093 813491 70546 35214 624267 348465 986032 819516 926775 1 83141 402111 641391 13369 863322 881428 726356 3428 463556 889478 1 938866 450918 120672 82930 888904 172501 845052 431018 720796 316067 1 699285 234572 231875 228925 893250 733666 874229 896309 101213 86092 1 804532 150053 609992 254784 587743 791081 981462 252135 801716 760267 1 796405 282656 391034 376717 682704 37652 729222 148674 417067 597572 1 717636 975207 891139 355429 672004 8576 267816 268132 278915 94408 1 569091 625553 421538 607488 240679 142922 97376 657084 555188 477765 1 360777 57547 554285 929741 230935 911519 832115 768916 536230 635516 1
1 10110 958689 561964 229959 191836 704131 83773 98330 733749 120852 1 670114 693433 664352 2171 415784 915312 366101 596052 643458 1616 1 918429 642379 750794 19857 13074 602674 502496 646052 505228 306757 1 501992 82412 943736 508894 868067 663352 142396 467411 685143 883487 1 995985 453709 67776 306493 884894 333935 949123 590802 184715 393171 1 319963 878722 891994 460690 428152 48413 560320 133550 707146 753716 1 4215 394662 364919 267649 77572 940957 548286 222942 186027 49558 1 38314 864215 487102 967985 310289 843798 53246 649056 108059 497437 1 775099 772006 825580 74403 423763 287722 913557 829034 631367 897876 1
1 213207 421333 128241 343998 758399 734821 811786 163880 306051 109194 1 231423 830663 830266 501027 326673 347668 482894 723750 620526 114562 1 37055 201416 393767 293374 280747 641965 907910 421567 526403 894797 1 75323 548258 165741 497041 706388 659615 930414 96833 258832 252216 1 847450 829154 149600 221208 383165 992695 868574 795278 954254 155383 1 820152 142366 695775 327027 219617 416807 504267 370332 928892 107124 1 115008 668350 703105 525292 585172 207915 674724 858651 699193 666674 1 987607 771980 642326 762913 255314 168442 86478 600660 108853 934708 1 936590 640387 389968 154119 49734 115402 514116 617913 158652 940818 1
1 243728 54169 340162 368042 908738 520416 745218 740985 795226 26900 1 705541 873900 243919 253558 249642 201635 938509 487693 170237 8963 1 522193 519002 621656 572060 628577 286427 723706 570268 590990 301847 1 448592 673972 388534 835262 431869 943332 731288 772154 998565 729248 1 119935 414857 118701 493389 524303 75667 192721 46103 41465 413461 1 766121 231176 339066 859061 763872 365406 614451 681647 5107 870144 1 267012 758792 895751 904624 192304 436377 865625 937221 254987 660548 1 579261 37976 716155 930284 730751 319043 939242 951225 330173 783437 1 753629 470203 63124 21642 841032 26211 71108 133097 180670 585537 1
1 794597 831001 210618 164751 431233 376224 320158 906915 696346 453916 1 352864 607806 336554 116174 11319 276815 226994 735984 252935 324313 1 753582 565797 352274 242616 951234 326723 660652 147989 844384 714028 1 668866 184255 132516 803143 953120 335956 962231 91110 887059 147975 1 297873 594440 558602 96063 238851 346272 949300 799475 483880 115311 1 500927 789170 913471 272205 676356 374646 647565 938281 846092 860002 1 315777 736567 896639 113372 239761 685685 415991 433346 43218 470319 1 799359 853464 269722 703026 755896 519539 951958 904345 756463 986741 1 487620 561294 47760 888231 404225 383530 87613 386017 465903 192617 1
1 816141 264279 721832 389175 257218 32942 971132 233657 910299 803786 1 226125 205565 448876 358791 848624 840779 434350 127084 395612 279005 1 382638 881690 614454 864336 756551 44341 3988 255536 72210 287706 1 711340 854985 518531 169943 333105 508606 604023 425303 187348 486407 1 552561 254777 933277 415937 123984 317852 84624 546507 621326 376054 1 706757 37507 471096 858963 247111 826373 641837 925773 543883 199294 1 393543 379781 496604 181625 1924 580682 337599 377375 479648 213766 1 955997 548216 840024 94945 732087 526132 997764 300151 798198 641844 1 288681 187027 417587 242456 747523 843218 365121 410083 805740 102986 1
1 610290 928185 857789 577530 27422 145186 685782 954093 326712 456167 1 611711 130067 388793 867269 753077 95149 440880 628160 486913 89457 1 873550 82072 612268 479071 594612 708413 810071 492950 731494 304277 1 762111 825496 923201 927215 300562 129904 244262 951602 991330 551350 1 573674 141416 753313 457556 875101 283171 915276 317757 427535 669456 1 135183 66245 73080 686810 187642 758717 460292 842019 291269 134012 1 118875 777073 664753 773267 388203 695082 880554 904118 440769 572105 1 795064 46593 471102 56424 857799 137010 605803 462089 63187 959735 1 817495 301600 433729 747187 427436 286450 962813 149560 963116 250115 1
1 49331 765145 590127 356504 323434 650593 910323 235942 185890 941810 1 816214 133619 574777 180333 970547 964254 700641 486497 241265 803909 1 488359 297484 221962 70785 207796 536177 690563 336386 512101 763942 1 560724 892292 295276 858100 864390 808914 850096 550185 181916 857232 1 6061 652221 278198 460969 215172 659300 486938 535187 543418 925550 1 197807 531168 783710 313150 359974 743362 140165 480906 77383 429303 1 131381 639592 976473 381543 700108 981604 124311 593085 671498 344060 1 807462 751114 120290 188617 78408 408653 293158 20922 203283 137604 1 778466 215319 939879 184787 230987 542489 4284 996251 703781 787081 1
1 775692 353649 623093 163513 971520 102157 543498 882679 330595 305053 1 298385 884089 719032 531484 837850 108224 348500 646795 119905 544007 1 129202 502899 704555 775667 576858 23557 740070 597287 34916 932588 1 104284 726419 161252 943915 519303 634309 837560 858114 857416 665243 1 1317 5730 231139 643608 543760 384642 767144 425629 565397 279313 1 590916 733402 250349 785137 407097 873994 646627 784563 407464 566912 1 916778 460706 288899 517657 554985 632996 459976 766370 837279 244870 1 983525 502303 197178 770170 876519 560685 35029 308619 816246 906754 1 717439 814127 128710 566850 486696 143632 728924 124213 889066 353163 1
1 264090 518033 733209 34628 819909 78851 631097 344236 149307 100181 1 344423 893891 150764 964580 516975 967728 44364 855282 193660 546554 1 908966 923064 839420 569167 511683 176516 562696 817954 558399 952012 1 961565 642516 467433 694790 102294 984882 806067 348809 807752 149400 1 371505 267266 81233 423116 600465 250944 735993 589414 429325 900226 1 603359 642639 172787 700880 740041 341706 112747 226566 957609 319459 1 912469 771504 869042 329577 903541 116247 68475 917264 553565 713939 1 647433 299214 472759 135562 705690 958237 44216 575197 16725 706509 1 602301 2188 794354 469109 910628 291739 437187 130244 160867 444626 1
1 944809 750282 641457 434347 259132 225729 302801 236457 843618 522193 1 266652 199196 655632 518027 869864 1 740890 150012 14900 930213 1 530140 739921 698231 930268 616277 25790 785736 444948 807925 872789 1 474949 818627 76776 9788 238135 682165 625366 568707 849184 668116 1 20713 209239 100579 333045 724128 536104 796257 201210 41443 227455 1 857306 298356 881470 934635 244749 166970 774500 628157 714335 428138 1 343959 96346 339656 369628 301083 794559 885761 545406 512962 790217 1 49860 332698 600211 748522 606166 849671 783463 802397 43188 390198 1 561147 900844 893690 185062 582499 114350 129772 943903 431189 236328 1
1 518877 421872 37323 169095 524115 805515 536130 919696 892758 916371 1 198438 320687 362693 898821 629790 14847 912141 64214 844793 956903 1 889458 70214 972999 243779 495429 351797 525615 402091 270452 109821 1 870020 727475 686618 118686 636066 259365 721046 474742 229243 256492 1 687061 400054 510948 811364 960057 526557 15879 139958 341210 576424 1 250874 785167 213870 353067 710356 483624 126161 29026 978643 298039 1 722700 726602 153316 228193 317334 643426 96088 88183 503071 475704 1 618873 337440 133261 947651 435406 596432 495196 283052 422103 510697 1 512084 916664 72108 107175 187468 146460 635170 998972 96118 753338 1
1 644322 263770 91562 232470 267951 174117 984930 775761 973003 978080 1 83012 845614 472173 234576 556887 416834 846345 77658 877077 39290 1 771445 491721 149153 950926 382692 757992 472271 929377 147987 817927 1 691529 107396 643482 534613 582635 578277 569084 458669 313153 262163 1 240742 500129 398947 325670 158975 869182 253242 585293 845349 39309 1 343513 768355 999165 968315 931806 292486 210127 462159 644643 316956 1 683919 658376 221341 792809 354752 817607 279255 101584 592652 917758 1 198757 885789 999003 877446 93233 687996 195005 555678 334552 692639 1 556136 49727 653074 397425 825268 356330 75069 977543 881776 303586 1
1 628527 297305 18497 245630 336015 474052 22680 413374 275133 448848 1 230523 892901 956165 793694 977446 273468 438632 660392 269872 700473 1 935960 912358 548325 758060 551294 59697 131806 323577 473322 528255 1 21150 973788 258455 787560 615235 834980 915806 615733 869066 558814 1 31780 437066 668243 217007 116206 568436 686570 969977 925827 763595 1 457695 649554 421468 161080 99242 778388 482830 954979 362815 790488 1 677570 187808 208790 964540 387612 879107 265547 442829 836474 114426 1 868048 385452 699941 557526 931319 801263 12353 461539 231415 949456 1 779080 58811 843577 140861 762948 616625 200442 483330 730324 283283 1
1 662377 850591 435710 943923 763365 99769 462977 846551 324051 95336 1 847862 655176 730477 595224 37708 650974 943134 730084 328303 17599 1 726733 682441 35761 794123 724072 930115 822180 546704 253157 406564 1 406271 212124 791093 259971 649821 39613 63849 206618 740522 571684 1 590564 163623 921262 707076 985421 236809 540686 203246 235370 981812 1 448409 545778 992459 740186 747701 222904 108318 881605 914504 37185 1 550023 715017 992334 614414 513612 564026 481564 845677 303578 33780 1 707825 566384 643913 72675 134654 806318 532133 234488 321332 954537 1 523032 382717 677603 47350 325041 717374 629181 269566 537554 846717 1
1 819235 246722 415979 871527 769597 685229 612171 652746 244896 593001 1 737365 155281 659533 863007 847637 378149 37358 893893 887889 959319 1 664969 846035 55999 173299 427080 588571 37430 302389 267222 43193 1 831558 945865 442736 566988 722322 695346 367103 14846 867037 498799 1 678522 773602 937032 150690 265549 179794 325157 652683 588705 881507 1 850141 630856 102477 849101 491038 844695 818890 357126 911839 75669 1 111806 753041 240395 136415 677583 464409 758226 220931 926188 463496 1 888092 868831 811469 478848 726263 400045 440431 148316 277215 590413 1 503525 291354 677496 107254 225706 778589 734629 472291 493194 411189 1
1 829699 938993 778710 540815 30613 195777 926821 28911 29721 590351 1 985398 603040 691105 579385 637264 709264 973703 562158 139755 167759 1 897559 643142 395946 897476 728640 626449 195292 965234 439542 110092 1 597029 901453 565180 373302 799855 972747 921252 304455 453247 228914 1 964236 452859 496349 6742 268909 470536 608914 793058 566940 606152 1 531810 66133 53366 37369 919752 48203 387524 351990 498941 639952 1 823820 537717 673408 942309 571593 176928 768767 588713 148083 587252 1 398749 121058 638406 280702 733485 296139 601978 269968 386199 73372 1 965398 847704 617832 120013 301964 43307 368638 123789 644795 620791 1
1 438179 795899 722321 294837 564125 728413 383970 784695 976853 85611 1 528125 436868 395586 308376 613556 948221 699790 585818 5617 933878 1 392086 464030 538778 968491 751115 262413 236988 200037 506174 621738 1 424815 604732 919629 336756 239446 236502 924114 287206 942501 279094 1 917437 684071 79434 500153 485343 874659 946037 348875 852660 724597 1 901085 30154 397386 651873 859494 878436 985831 538248 578905 875219 1 275908 104386 555927 241964 681138 545609 117188 787899 222098 535522 1 296875 592105 459486 473061 625801 354360 987697 420701 454872 290844 1 578205 683899 636806 144005 878788 252596 248388 667283 412117 302543 1
1 507197 311851 504420 156902 396171 66424 933469 3215 786512 225075 1 306530 294102 528840 346417 850915 393461 780822 593498 361995 125968 1 840277 652851 855568 572250 470532 194002 406088 731453 157104 215888 1 732581 115459 481764 992055 887453 426937 918024 875231 512946 580118 1 363741 103032 174414 630057 993523 852789 298962 75227 509895 198798 1 877964 19929 215328 485476 297796 508100 687159 309142 443475 115076 1 936456 883763 779677 518788 818939 125858 774448 623013 334478 352714 1 8690 613610 342193 319433 703318 981301 873944 917932 154209 636136 1 741259 539039 96812 102488 686696 602438 879373 837895 443909 559534 1
1 31240 829218 591149 123041 315614 201550 816415 971613 168758 870862 1 93411 178916 294348 484835 670293 246806 426581 641433 378626 785343 1 597606 819456 224726 221678 404021 958627 350688 646917 724930 419882 1 268431 990710 736743 605608 103307 831388 90259 948339 342100 160059 1 357235 572361 910194 660203 493127 36885 497306 857531 554005 903222 1 610577 743480 993616 451523 92267 469536 33712 505196 205425 179238 1 371342 120359 931802 36523 773477 307824 703354 1724 89967 403445 1 282833 169009 531777 677884 696172 607041 176467 5644 743602 959858 1 15541 479191 342556 293269 152086 865611 820317 697586 957173 757507 1
1 219510 323699 331592 818685 280994 971868 433846 873565 728049 410393 1 970609 996072 615754 454110 282499 662933 529871 517037 23600 796215 1 273643 772235 441651 960305 761846 450971 441263 905830 44885 794280 1 479673 146053 5444 209994 205381 146042 557296 476994 586926 879770 1 861299 785503 175497 456814 762447 620615 836904 788978 88006 797808 1 889195 583897 917506 170551 581213 633313 950777 446431 580062 909914 1 588796 953965 206154 374818 137499 208595 905224 527434 805661 457477 1 666276 410781 174549 783210 444362 57514 876896 787291 169988 969195 1 1454 379874 994651 344539 499546 835924 309600 939205 263615 299655 1
1 601407 617634 911791 146941 105801 915122 607566 527724 833014 501180 1 483180 363893 969208 111142 544481 484358 667652 606065 425482 615246 1 282262 732429 243372 874058 142615 304335 262823 941948 698418 185103 1 752946 938280 576571 145176 726050 303562 910284 285132 39011 204744 1 257269 913253 882662 231154 856025 662499 504161 412631 29197 741815 1 301914 517563 38824 588071 432949 933188 383532 149368 925242 463742 1 516264 57363 341116 165835 549019 471099 219634 97876 542867 783358 1 375880 838291 37040 178768 276379 769460 134851 607823 318822 672254 1 29182 655548 704587 384267 370038 737 178519 814532 560297 263617 1
1 311411 609099 498172 218443 778017 120117 6124 826970 436806 141534 1 943972 246932 727341 480350 189451 7223 111816 492880 633428 139034 1 441439 104468 521538 871223 210485 978008 3396 798796 629423 610616 1 65798 536280 715278 691958 558387 721095 638185 896973 816775 74071 1 538835 755747 377260 851153 844279 756359 224768 787313 463682 340367 1 329699 651574 438539 866210 213331 532966 266588 390261 185017 26783 1 439501 795162 922210 422477 135805 59625 915681 644070 490065 372649 1 718464 720406 844616 390084 870566 162383 552097 630002 471714 107100 1 651654 955348 995941 652633 695477 304417 492471 430131 93776 805250 1
1 724428 739920 272866 232207 952068 314648 567715 776016 292773 242012 1 717190 271091 135222 785760 129309 622103 503078 58563 879408 609887 1 543380 958781 112255 477768 975456 482217 553319 829402 740940 23487 1 247291 111889 934977 968505 469375 523836 363352 637450 551938 491835 1 591229 130699 254758 471967 401210 615250 513607 982055 622822 717118 1 603942 142474 735186 639525 547314 30867 619885 577922 146331 606816 1 430774 224474 213466 67656 432029 868985 896037 826053 381453 530333 1 546665 68758 575033 986574 132577 999359 513859 511047 456474 9202 1 329035 721593 433551 378246 114586 174249 423798 976487 732356 247731 1
1 662581 5692 489701 86107 898666 620212 922825 706597 782899 12983 1 972713 894800 896932 235663 113951 855221 956115 977325 114396 449504 1 663376 743703 706658 163367 457093 509831 962031 757981 552659 167685 1 473900 529158 974692 39272 132079 158219 547062 513786 117268 67038 1 748824 707738 112197 246893 360193 721607 250930 683039 550562 358249 1 138028 462719 477844 750225 354313 673129 299467 462645 332732 100734 1 657946 42694 857042 671632 688588 366818 432929 520270 786974 252954 1 132455 683441 336690 728863 499601 463723 383328 795402 780526 738356 1 673149 679252 538104 768524 945812 779339 491657 23520 415395 406445 1
1 663539 441330 15459 656450 351512 307710 479666 319203 77836 355357 1 434961 445531 979842 510857 115652 350645 421943 551893 633621 2481 1 978394 109389 74111 107004 455057 430933 601546 254677 491514 906721 1 125017 485771 802290 108450 296027 937275 102954 933488 693610 92535 1 891239 698114 936044 152703 543339 467292 744886 717336 407788 567282 1 54495 662678 689961 354765 352019 42337 788965 23961 947126 222284 1 66761 228102 287068 642020 982512 81218 4755 162096 438657 655514 1 538791 70434 45155 223080 630775 797054 224707 22489 529982 421307 1 393942 427318 742393 841070 836812 470438 402628 639726 249907 641104 1
1 40582 438532 195245 317373 713487 568688 915512 250383 743252 192162 1 585680 831638 478435 657383 714228 22384 40647 956222 531620 778557 1 657840 712425 561311 848205 623016 293625 53090 863470 762994 212426 1 641401 86134 572087 861394 132917 641275 631497 909410 964274 432097 1 542977 296498 37840 470777 499987 747261 792612 936359 9893 739946 1 389669 688103 496785 770989 899749 958877 61547 345904 701196 248763 1 807770 828733 911325 527290 478633 587851 637135 491986 16427 83748 1 885458 281280 283296 242700 440757 578050 260166 407090 369401 123697 1 713772 159911 377178 829077 676700 456056 760097 92805 446239 548249 1
1 984537 932557 596346 800705 84192 848956 524249 286541 429131 348070 1 653241 173930 635790 180786 335359 579904 851273 52621 442576 551931 1 880082 468048 195882 806979 106757 862389 226162 292812 499238 414859 1 599071 230592 777619 554777 298797 984168 469552 776617 831036 864775 1 662130 714524 749640 55795 380406 420571 17020 40412 990628 364989 1 458150 458116 556604 770846 945108 967327 154208 271254 174566 109136 1 259428 153261 788045 665831 393923 513913 308360 289754 633857 652507 1 197591 445925 176430 668203 788660 387208 31083 435242 220165 347995 1 78434 840550 516409 396553 865168 227517 779172 818074 626576 567069 1
1 319220 99224 955652 570064 630443 503614 552715 194796 951116 148523 1 934695 670161 907694 629088 456568 720504 537539 702861 91685 605018 1 469224 566148 553803 460085 898565 862627 285603 413523 54948 280067 1 967949 234966 694312 54912 432156 781840 911374 817087 769679 992765 1 107542 288764 612720 447121 927089 98386 392098 444579 284435 447572 1 155576 905772 559476 278015 694610 11165 675288 304679 18793 704161 1 62539 392815 733401 468930 853750 726245 103118 243771 632456 351478 1 154171 895447 16980 217147 2035 290902 897351 107548 285077 245558 1 937230 66204 212663 572912 529313 633854 786699 841846 951438 806433 1
1 775051 612492 645447 577864 94079 702731 637333 787342 760365 404171 1 264069 790896 723257 934368 181998 313495 601598 287333 153246 433579 1 990287 39508 82661 635674 539616 202531 948520 206737 573742 485865 1 765008 934257 688608 204139 100009 600980 422127 273044 691660 346141 1 275077 902894 154492 635576 198135 303793 916694 337283 162392 487970 1 859590 771250 39221 195953 718843 88620 114970 49543 942862 561229 1 455176 365525 609714 74462 686527 900453 439732 237893 162624 939374 1 324406 983336 878767 367684 988899 310894 166999 311035 930128 785195 1 863779 737804 647351 51547 378000 415094 555535 993793 312850 781509 1
1 877016 557943 619683 135302 388908 623730 29939 680942 79362 139390 1 614957 253527 976853 359586 832360 269101 922259 913552 648571 664478 1 890361 45959 952616 673920 280991 254866 693511 172096 321539 905248 1 62493 13054 625491 25455 244244 397057 836678 945333 689537 388179 1 847031 935589 385615 41228 729696 249866 798028 702892 896239 618726 1 7337 325706 706526 78319 833227 717005 60277 185244 93135 115996 1 941830 22061 177321 240963 93544 345812 519159 316286 612342 893830 1 811414 652289 912657 343679 770295 426945 416149 256469 204659 909992 1 640431 279355 259353 680778 614460 387172 10922 593603 47028 251417 1
1 11090 44511 485586 615068 635878 182449 165928 596077 179135 531687 1 128107 102758 256184 29585 275816 631070 818615 975274 258962 26019 1 6868 229392 777238 977744 48771 981781 37480 546686 26525 95712 1 957564 107490 463518 404960 151789 220835 337306 182661 630123 199192 1 971772 924295 684091 333075 330289 896078 414818 996638 934979 289325 1 761970 881723 784507 183124 25409 917787 694735 721188 867082 545984 1 449656 351893 209861 414396 37598 176134 834780 197879 561185 740004 1 963184 656743 279638 605950 721872 18979 608908 139198 737252 243446 1 165775 154956 496428 956280 761993 280645 111279 751073 899787 978955 1
1 40629 93186 555239 903480 842963 857959 137893 1402 440901 18114 1 308398 291295 615032 678629 555861 847704 832943 448578 597725 173031 1 219643 252248 286604 736374 550947 470670 26044 345912 602893 677087 1 456541 570508 922189 857098 550587 296646 373528 44690 683912 343330 1 755938 701366 888430 225982 791588 436918 669671 155284 697045 852692 1 615320 709956 540880 632015 85627 516807 533048 698926 151948 90874 1 849524 401576 219940 470201 73426 449311 560305 526219 184013 211439 1 322453 942608 606916 962223 636537 977853 517401 533912 472599 14357 1 216418 850557 740139 771500 482778 512071 890040 708293 424485 692854 1
1 226434 954946 808208 435775 787376 736216 874306 77240 377871 861422 1 309328 427086 307110 221950 382698 26667 656205 470846 383536 915534 1 987939 428731 981364 304068 490658 497580 236322 245387 241897 723983 1 730455 704980 189176 366667 387133 128106 801895 40806 799985 473169 1 33330 158596 949823 388926 799415 193217 868836 242190 943673 508201 1 773173 874259 280511 598124 464496 810990 187356 131809 494390 470649 1 615810 156151 604604 74571 759023 72666 754807 325404 408322 589779 1 212157 577627 19317 682445 153924 182081 778068 327638 520439 186426 1 965437 670806 806126 336080 781282 866330 815060 852012 690845 263518 1
1 513120 967417 262872 684613 310263 491827 777154 303470 844910 554861 1 258023 451724 866194 85425 804304 49575 629912 469806 361864 775149 1 399187 90685 374241 222235 193472 103563 887972 390393 668455 314585 1 363882 553188 477118 145759 899861 799876 752469 840257 996769 795644 1 476918 419513 293042 808135 58402 889790 252512 17217 528228 360716 1 914638 461805 232418 696299 986267 365316 905766 593056 890091 890428 1 771530 212071 513510 577534 712719 281746 81317 450405 614117 284788 1 311237 557776 766657 152153 225699 180428 805061 206793 840163 3457 1 923160 246828 153989 434113 982687 413285 323646 33632 791364 221591 1
1 232411 314482 919513 221089 67328 279434 607911 743907 162022 385162 1 181370 238208 637549 895199 587580 919407 665673 452694 735241 515806 1 541958 199014 752623 23993 903288 795861 993829 655427 1822 32893 1 588350 683603 684655 714601 788826 397431 728234 957578 405041 362168 1 204844 835172 667541 781234 649540 199118 649703 290710 571657 78171 1 755171 251160 338974 353680 446109 553595 752310 702184 114195 549992 1 400049 855750 826068 429292 533931 644315 760377 276390 38749 702252 1 13625 37939 893066 779945 343976 828530 257943 733478 394778 91270 1 643130 499481 30626 677767 604182 717869 959298 954304 171764 796597 1
1 534081 576532 761460 411628 728890 39160 191073 95498 613452 959981 1 159472 827906 38698 548015 403029 52584 54891 809725 436261 36874 1 252599 454348 7374 88927 510164 751749 580295 309349 281545 939831 1 361698 570307 699760 104661 46659 830120 771815 433771 976482 238094 1 732174 777424 127359 400370 664099 310222 728586 518717 420668 193829 1 8358 24779 262553 449716 545203 738056 688340 261516 110558 481556 1 93196 3112 683615 67377 95888 930572 372998 824760 430091 304514 1 958161 337780 858905 786746 710112 457537 83734 138760 627907 500888 1 358362 422768 55451 56241 145350 377657 403757 445151 514041 903048 1
1 459615 902396 22374 410710 83811 826264 679078 641569 991535 373955 1 3900 18882 153177 972334 585438 771158 605857 955530 578816 393479 1 107360 183312 586777 298679 159679 33392 116937 908998 225057 990361 1 563821 127983 193996 744435 393002 255671 237112 789701 949591 362771 1 485487 548681 818196 349819 884802 598145 21301 912178 560598 159939 1 84092 268009 793558 875181 652002 33996 945665 604355 548491 213410 1 6454 390561 536455 40610 790665 344463 364349 68810 879847 880819 1 690618 70072 875984 747447 888812 810964 716247 354860 974646 686817 1 500954 6401 850978 822684 551940 876624 772999 468759 667657 431295 1
1 203170 986819 105888 50706 111115 869235 401376 609016 425272 209034 1 763810 997408 205322 996314 60486 516917 587915 189339 229933 162028 1 661381 18336 139700 82243 589288 810108 414050 533854 38592 670825 1 240539 682663 191660 646016 672012 781889 231534 213249 250740 465157 1 57501 696860 455130 726760 219841 976749 678550 666134 732107 837685 1 153011 261827 206704 673887 171824 381784 633702 199826 796999 445363 1 396610 66649 76904 316681 890842 188967 293814 459299 646783 167140 1 998823 431229 997329 896599 879790 984453 404240 424781 785061 183013 1 623028 939037 350330 83207 514871 806396 219547 615565 483843 85560 1
1 988824 892777 800634 263869 321892 204153 790648 437691 265879 283792 1 706259 866149 877460 213472 689753 539566 223505 737784 385048 653330 1 590926 85734 75781 635248 6435 892380 596097 693436 932317 603229 1 614232 915980 609861 824181 896000 295363 249633 899811 443791 122769 1 877679 170097 91761 150812 187263 637616 593276 23222 780519 205699 1 347367 526143 270205 742614 451419 601475 434275 28980 100222 550347 1 803028 593398 729916 341151 386600 464786 515385 92294 394312 972496 1 73857 206283 801704 332854 221192 507461 47902 302595 285802 322250 1 668648 572688 220969 848609 675165 931090 131298 740229 557232 681636 1
1 987074 620915 485923 705053 725323 908217 468174 893676 900419 186657 1 840756 925835 549331 688011 762212 965486 199870 811927 239954 736616 1 781063 255031 422491 629531 627273 40835 554840 615679 962777 877078 1 229504 202592 779077 24422 120909 880177 816258 371237 665383 975036 1 113553 488972 755634 966846 871746 646156 726057 659312 432529 888187 1 138785 339005 703165 457522 114804 271813 388226 825662 733735 620298 1 691034 304998 934907 458246 666554 151027 249036 473248 512895 476342 1 322589 344639 689331 335618 736948 227178 705175 290936 770484 69030 1 388490 188649 10402 989028 712495 24021 293338 625008 998618 213329 1
1 750153 664886 156664 140986 20389 629335 701433 156259 731309 987885 1 469170 857602 288493 668947 791454 190256 870844 886157 399221 460794 1 833167 996907 309543 449264 600360 335350 836761 416401 44750 666884 1 54114 608625 193049 900454 350509 454805 88559 913462 571326 353662 1 323127 106440 990135 543758 853260 236521 631217 898976 910807 600513 1 776122 361920 439881 536188 62359 918302 130257 854920 736695 525757 1 784470 179515 666956 970524 672676 475647 508862 515493 425615 976275 1 780950 292754 193731 106376 799254 522193 992091 211932 510855 526965 1 499763 469257 891257 197329 667282 343435 82540 964067 223510 453242 1
1 717412 532504 94527 181487 541584 164021 556446 566151 937340 170644 1 118062 277938 460223 843416 384016 904417 315206 455333 109466 672706 1 235282 175150 363385 738492 773967 238891 972472 492687 147151 772481 1 465127 95078 727939 446346 558908 117229 239221 264517 793188 517728 1 213606 848371 568276 992595 394165 107276 509301 452322 225444 341576 1 750586 585883 883104 7854 432450 550826 112789 112135 788722 949541 1 502485 942249 242354 839747 525707 205513 581885 926883 945544 761624 1 887355 862338 453254 365689 908397 87123 415735 531384 583978 140684 1 614253 316444 46983 836780 781476 173215 562560 636420 172708 135192 1
1 51306 258947 852485 886833 881278 237394 223630 95976 567586 851747 1 204253 825587 54362 536458 683220 934670 94813 491706 819530 697494 1 775652 190622 471300 883825 994836 874756 938386 905616 954977 981286 1 353740 667483 770334 114263 868959 986651 64729 497218 54574 253171 1 191298 775251 15350 220922 244380 360616 391819 671423 91323 172847 1 887201 742864 261075 124734 628037 925178 149381 906160 148824 339182 1 629847 895590 737926 124850 89744 124628 761312 436581 182333 511029 1 105130 221002 97025 264691 105213 697040 665437 252418 281730 606686 1 693717 186282 345750 184173 680563 551518 532787 272846 390453 954227 1
1 908434 918537 548117 170725 778268 603329 130275 891942 732700 767382 1 586499 484720 639327 644651 83031 433169 401671 516798 709279 385819 1 493871 160294 14403 726443 321589 218003 824157 864586 941915 769280 1 978409 336114 255313 940546 913903 526133 228896 838833 862068 945927 1 97395 495920 307313 623122 973558 961937 552075 894204 180359 663349 1 981945 854082 987192 146093 96423 204790 346767 106717 470920 215398 1 629983 136613 541664 483075 701900 473400 938171 233028 554912 534795 1 356419 303723 996396 813798 363841 27203 788535 957000 58340 984837 1 11576 589439 446361 521597 143708 736807 979563 482152 792612 356435 1
1 726299 337245 235164 361110 181911 680894 940593 369649 404772 498191 1 840899 799779 201872 965156 632494 961594 414330 702287 504957 150547 1 552604 388577 761500 157042 873186 230978 649264 748698 413651 266810 1 730343 433345 881155 117648 699544 290862 323205 509495 363321 639855 1 419054 398290 671972 551210 286312 204726 4331 619664 858141 192822 1 837745 363610 418638 454122 158824 243859 556937 244598 200588 998165 1 952893 858052 583761 567717 810572 837677 296050 230447 822686 341849 1 893301 621834 486684 545479 194946 836784 241931 933560 980419 184042 1 481198 688408 556274 912344 349495 139294 353373 780968 438696 330759 1
1 924328 650708 486398 73779 602919 910821 645642 627054 622287 939614 1 629158 583731 769476 450800 810412 426951 805360 496146 745814 870758 1 51029 597047 538758 145529 821347 381996 441462 106635 19437 384568 1 631590 309694 894621 510373 147131 129592 293920 791058 940897 251957 1 524987 549077 243248 454295 304273 885342 831785 612953 190622 48265 1 47326 672313 721201 459768 212148 905516 430014 132482 32980 885360 1 738262 300111 776512 436638 445585 159825 678797 679424 209464 73363 1 953307 753644 535581 567977 869307 786485 892576 874080 851575 232345 1 217327 93718 826778 74645 58166 629908 441084 237708 46409 9277 1
1 897719 242721 96050 449704 437979 16794 901595 531498 98039 560213 1 507304 874931 288340 347959 176575 176513 762638 455045 544345 291320 1 480322 642617 486818 634892 982267 950738 777960 695576 481326 470971 1 355990 474152 461099 15673 701159 198731 559042 86599 542064 786091 1 748950 828634 980773 940057 498619 577958 462517 60371 57989 251285 1 268862 709885 453091 419650 509710 314701 291586 948483 623262 417520 1 66019 200067 719769 526946 941009 277986 425927 975980 826252 862422 1 890879 555331 251386 637456 841814 711234 263687 88351 977979 406147 1 97670 86063 225287 381675 621651 413223 765411 226118 39903 831334 1
1 110642 754543 4076 871484 165534 338561 499155 552121 544600 436243 1 196513 334253 991836 878391 985849 435940 349738 138042 817816 496347 1 222741 57281 558905 663108 276379 28880 51798 799383 746140 587333 1 612826 816178 675822 202079 933307 141795 692967 921184 116757 397489 1 118951 124599 719999 739686 935991 202494 163820 42913 924872 963818 1 616194 361653 84996 180866 264926 557727 729377 395946 795445 493883 1 20750 473170 24219 608088 450470 269691 375050 838841 231859 921499 1 821174 142181 450309 883935 86619 993108 982431 470738 494696 19968 1 28061 952915 631516 465448 803052 230180 336879 672159 121514 5758 1
1 939288 103872 348083 870356 610937 343156 989240 74597 273040 652170 1 865553 263937 362449 48517 788630 775032 431106 54984 559166 754799 1 558003 64865 117872 371936 352548 987888 872209 978293 109036 946297 1 236873 490719 417939 497608 337784 47769 213501 615593 956832 107272 1 598197 509588 51033 303290 328078 627164 467042 988741 451678 274175 1 835595 902766 454037 969223 843779 791632 97183 612701 675310 49377 1 282137 841774 489279 318438 607169 59694 912325 278285 384268 244275 1 977269 765268 49939 754235 941936 788560 730588 766184 851786 36276 1 322355 965224 489453 88127 498686 783575 474006 809578 53548 735070 1
1 155547 986214 742355 627570 513519 174500 68433 213212 289385 894133 1 660445 140935 338417 478047 904954 948547 376254 215266 357951 329743 1 842027 902877 566436 285517 790588 582109 623419 447236 87267 55031 1 804318 419434 816434 845226 385672 913750 71389 889216 360310 267282 1 66805 646309 3316 607001 562613 18278 281677 313145 412469 165394 1 328984 83564 217637 202440 658358 312280 941203 485317 632448 406642 1 271147 872529 169484 875739 104279 547523 946612 361315 113710 879829 1 144709 575347 434698 977734 3183 465025 623898 33245 414224 94468 1 214224 813247 115786 217840 772518 550573 38141 285631 206871 144904 1
1 977986 319242 420568 868185 546308 656333 458132 842860 36593 962394 1 235444 5443 394991 751013 454966 322736 871851 429292 444380 61834 1 545854 505891 291410 362564 682459 591595 994269 749405 85686 691036 1 792036 714908 837266 581094 920818 476442 640857 336183 229088 819827 1 233083 442790 854874 768815 975561 54446 689761 954597 567399 576842 1 939971 890595 469110 700434 981230 946409 951714 176998 753484 440084 1 803500 795716 958709 181220 762185 835671 841691 906439 217223 318504 1 859837 77286 981604 759383 685317 137011 122078 394492 469546 39909 1 537430 124046 523061 853403 302761 162198 559600 721852 506106 857361 1
1 710854 162066 142735 176479 860041 191116 384168 948563 953828 570323 1 876499 954372 622777 769747 471033 354958 163363 495613 341199 845449 1 808312 823561 954488 632974 567007 230043 744650 949994 674442 814598 1 306725 181969 417429 84432 992916 322352 632757 595844 464795 881699 1 49744 110325 438848 99662 374376 39968 65234 874637 900646 862801 1 78438 335377 962352 401209 221563 333160 144526 52901 845277 552878 1 448720 218346 181292 947862 615171 426921 995823 989751 354207 408020 1 203882 926598 898527 298691 615115 859779 514184 966812 160416 100608 1 237309 560574 646743 185938 334318 657617 198153 715622 183189 808297 1
1 361448 161562 920422 861820 825385 696448 726119 283255 274062 548057 1 449732 616826 495689 990208 67697 230191 363515 529306 261259 276238 1 264170 845002 425581 81876 62598 227171 438375 940799 918927 853998 1 439197 880060 59450 753551 513534 127147 99029 178487 676476 66653 1 832873 272588 154493 530032 815969 485801 571407 625603 110509 220488 1 594749 327614 278143 332283 459683 252837 244747 73114 973819 102150 1 131571 974147 766797 952260 743582 726035 45283 691428 286402 475889 1 174605 97116 154121 679284 669753 394777 273834 839205 443737 792295 1 360878 316310 942010 358567 3850 176939 857173 627275 253280 547668 1
1 40799 855192 650575 382443 611296 641216 365207 835373 643394 227856 1 840166 888781 291376 924169 461223 18601 419332 420508 80565 159233 1 579721 168661 747110 497818 356982 599692 229773 547001 15766 442173 1 164280 881664 186150 821231 158308 769874 447564 835593 406125 416226 1 743014 441802 215476 336078 693748 490835 923747 782921 914557 327363 1 56504 285860 688885 827687 794427 805464 129832 73396 766060 872582 1 847057 555704 218349 350842 201892 557520 421087 806478 216641 321025 1 939269 466944 100968 10016 943982 590976 506663 258846 939744 836132 1 894898 324752 734327 675106 394599 399110 119180 285210 834662 96950 1
1 522907 789957 324358 704460 103722 676306 727237 825028 504480 915112 1 53262 157837 733951 791757 514396 848142 229233 791916 267059 43690 1 330151 178633 765936 128592 432495 966029 121576 639806 486901 227883 1 547747 478560 23818 32858 66015 163283 52122 116446 847147 659060 1 988071 72094 594418 517450 764654 805413 180021 138694 402989 124564 1 698021 932758 492194 447562 244475 357075 988332 310320 849006 164556 1 299340 632744 654388 846188 883922 122627 14008 955458 356353 683653 1 955944 795658 728472 991878 393978 989161 79616 374496 318858 24767 1 172252 713986 951113 331080 295950 359571 68989 654433 741595 662036 1
1 741426 371740 512784 263441 625164 607457 514185 468630 764451 1328 1 787741 703561 459715 861446 495079 516789 515371 393175 231230 23438 1 994908 615802 367395 426749 543866 170983 508539 480764 536041 900961 1 897192 326613 363237 650326 615542 537889 788052 371404 897803 127128 1 75048 447534 936307 410941 730741 83244 179191 289703 318567 633376 1 625900 441841 163405 163508 572881 661726 262715 596728 560846 110238 1 710376 443640 612571 923761 973810 154205 230305 162459 422690 16262 1 414010 82689 670830 554513 145414 478462 132199 490504 927015 968667 1 845816 166765 819239 925826 553728 50008 394386 64933 457334 613895 1
1 717324 431699 945963 56680 43755 222368 47228 920056 324485 42002 1 874282 299706 564850 277386 901542 679552 777750 997649 449159 923010 1 136652 43909 967424 863539 184418 974089 491859 835623 723883 674029 1 967634 396340 860243 908272 815577 65194 955082 403409 639757 389235 1 609566 290224 882839 839070 553803 298191 720918 187203 465156 464566 1 600188 676951 682695 426600 575758 593395 419232 970738 167824 97014 1 199108 433289 812156 792388 252182 76924 240335 277452 752935 193948 1 86991 23791 352529 127385 695576 199832 538420 145959 163438 387883 1 61198 160322 16270 180437 398931 868357 615618 532704 370334 529140 1
1 980698 405591 510581 249341 222786 769489 808090 724420 722140 330214 1 820908 867454 682294 150332 878541 787378 54204 427729 485659 775615 1 903028 169778 800578 448662 398624 944589 540409 862254 18378 562410 1 726322 388103 874079 862321 357485 233928 437307 404804 655172 991184 1 326358 48773 96104 521592 450341 658465 988370 579255 982855 107799 1 255543 783414 237454 844353 624521 99435 739501 218498 568660 742000 1 569945 620714 858223 211706 862174 383232 64583 447579 386080 958898 1 244970 681929 113503 414548 381299 782766 27646 43416 888226 652099 1 694265 851400 305724 703504 522767 62717 119993 701324 525609 953322 1
1 510547 488148 661590 114744 272476 156033 975195 885323 910405 151712 1 546473 22294 354734 198203 999697 476738 611275 988576 991035 798952 1 157949 420343 682751 17464 268675 779015 440914 423459 831154 332335 1 715108 543195 311606 250606 468476 700504 58787 580145 299452 650251 1 750563 196329 574204 827747 940813 515971 937775 921662 106357 967677 1 75803 205975 217805 588633 31999 674600 210951 236537 335305 9937 1 276102 470337 362181 916315 140771 739568 720287 299123 951375 292926 1 834227 356817 337950 840939 877959 662936 568655 547062 270159 318038 1 176500 738202 814878 147330 575061 328565 885692 734102 954123 376692 1
1 10102 215670 984103 168799 784409 812461 894760 110329 590627 460744 1 913779 411579 594717 514433 344825 655145 492944 618703 109277 176889 1 707815 883539 981977 431886 783169 282723 298276 326501 359269 12747 1 624130 122254 705888 986184 860053 493075 222754 91203 726327 474945 1 534391 365684 470092 230817 807772 814226 246884 245843 412721 19480 1 503189 855853 814689 533701 838840 525821 391999 675532 714249 614795 1 167583 358677 864151 750986 294542 21004 405659 792217 827795 939220 1 992181 618339 449600 540429 588505 316131 791942 878835 895231 522394 1 25416 275819 135991 716383 908960 223821 293086 100002 85699 484107 1
1 701973 724597 314193 895869 32961 262022 521244 14763 318733 669241 1 945963 219692 682569 666602 371411 289827 876597 427197 59084 770209 1 944573 538754 170370 338511 888756 91707 562044 905481 700141 770083 1 600519 498878 850634 493160 207714 600193 396939 577903 196465 922332 1 177049 103392 389780 352688 254630 625708 941323 89708 591899 8024 1 57816 993355 55141 984588 220334 454418 111544 770641 281963 914016 1 836368 506219 483442 655766 909214 554536 927947 54664 763472 164852 1 963185 948910 688512 186708 317410 872871 587166 253205 220838 666376 1 108225 726763 443318 207145 163980 319440 529561 768087 878630 273103 1
1 221977 985297 944097 823750 249612 784642 205079 221715 526086 79939 1 366175 387319 370425 850510 893944 440506 609501 763899 682219 878505 1 639434 147416 894839 979271 347929 32668 241257 752141 943112 178505 1 878829 781227 514730 280113 299429 551102 191484 307837 70201 751602 1 824256 278155 658308 902355 658749 790321 964171 847669 520995 945410 1 213264 691210 720781 642969 161660 93284 783182 862119 201985 206482 1 619785 512917 485339 883516 569233 847659 71387 169583 251263 406210 1 635288 438854 957474 111312 481307 412460 928131 743593 155530 8097 1 468581 456651 492236 43862 660550 607602 205938 549375 990333 562306 1
1 28146 346438 107348 400888 581388 906277 19351 686336 522855 506045 1 524895 716375 75876 180259 647675 895220 272011 446563 314789 432420 1 31043 375189 253681 409976 977659 816923 898541 272605 80174 366130 1 312903 411560 300691 148875 487418 427651 659170 243879 721496 102948 1 861125 454593 871956 24215 97163 622161 805037 99638 487117 512421 1 446949 383071 934958 857563 219262 590868 585717 283078 370107 458905 1 725875 971531 934873 634913 575780 445771 326534 324894 766171 878762 1 5267 859552 266284 954291 400639 734487 310106 456024 438181 328723 1 47898 55634 784104 932113 290926 968112 87155 560570 669140 342135 1
1 310612 900861 578943 567402 102300 465047 714595 863730 945541 942734 1 543482 995088 447518 314224 807427 600485 462239 829502 539607 177436 1 610279 389872 968431 985249 205112 502064 482385 28587 764056 840108 1 788032 699788 242977 311589 893433 801279 275199 745957 663147 553365 1 130897 126589 358838 443799 102308 37112 877958 940745 773078 686368 1 653142 494187 344339 837134 200405 806506 537112 13279 205709 826217 1 923736 845766 737377 389815 554033 548828 582403 438506 66667 395577 1 206876 201021 620186 561177 341912 572916 270082 721945 858117 911976 1 77007 400577 876227 91306 155021 835805 343095 502040 752721 824771 1
1 286024 838752 934276 629664 839019 184897 205471 18603 58602 578022 1 738923 509037 69643 711049 326064 301589 781810 415249 216064 210746 1 509889 510671 157233 782312 791729 699823 363814 867499 748742 672770 1 928663 138393 871779 384143 504505 290708 363555 652830 890860 369156 1 906951 975809 776912 107794 667779 946486 621519 769278 324739 256713 1 810926 762001 62406 536313 356396 442676 614865 233244 720812 992086 1 496881 637926 508906 350616 555740 488135 101706 803799 880206 794107 1 827137 912961 832663 313434 19029 68794 469484 693157 299550 199915 1 484627 575073 895112 44694 3359 806832 45381 330676 692416 610384 1
1 675358 809520 673923 275614 192160 199386 812001 314722 356285 315542 1 947875 251076 135485 88318 841772 971738 31787 819789 86634 799457 1 127895 131448 301836 552132 216209 399018 432915 790233 704501 845889 1 449731 829600 836044 57796 546675 36980 429568 547521 955897 259704 1 141399 77197 597498 186066 538537 206447 753317 525711 702688 824150 1 454496 452244 328326 385006 213413 375112 784887 627479 678154 439451 1 631185 834357 448841 645590 952121 609240 509663 20155 566576 356907 1 577909 731763 788842 292328 989755 464109 925480 618576 334816 257723 1 673851 889578 618291 416414 270739 943435 280105 536641 722693 583891 1
1 815184 628945 34188 359612 215850 318227 884741 311483 315925 999481 1 983965 333512 903759 278975 221261 371418 422344 752540 97420 450732 1 516355 35287 460790 936173 136375 750118 92766 568443 583499 873475 1 188883 344812 474010 81963 729843 985545 420834 715931 116292 939257 1 981480 68724 979524 807851 996344 203062 373877 669322 37868 10663 1 277423 697181 773265 635462 440857 173681 779965 529084 890643 783098 1 533032 116876 360185 432767 591431 125535 133807 117150 351695 831872 1 676641 613033 11595 318314 678856 975077 424251 459841 243727 294794 1 547475 548448 962391 678676 506732 948539 122119 84953 344028 112784 1
1 567748 759869 17824 899 951009 475739 586456 62830 430470 600243 1 40850 326519 887410 284524 414940 100250 34971 677363 266042 559197 1 973340 700865 934497 108194 133021 246427 241088 998546 275 371611 1 436372 505732 680102 875640 229276 316108 384356 613288 881423 516097 1 829723 674016 501361 733261 573646 6767 959318 643479 563140 245918 1 506044 937206 553010 698218 356584 432281 143094 624500 334226 246533 1 146996 629019 95959 170953 428903 427089 300059 612951 947483 600291 1 992828 842620 124211 112714 604637 787358 692262 694619 491716 475023 1 320966 818661 222372 714801 749569 922850 930859 984695 347545 633078 1
1 122302 632496 459078 981994 399586 414838 345174 787616 983096 994939 1 350135 412202 34671 777061 911739 369454 139502 914369 549455 924024 1 202700 908129 936958 136629 212487 437195 108413 540061 457548 293101 1 236792 835574 146063 446754 13259 933788 263442 656829 988717 159426 1 640221 802596 121616 419762 250107 541499 583199 987422 796973 695609 1 268060 721502 504055 676571 728377 779721 853302 147966 148206 227618 1 636670 360899 520086 766713 822074 995151 814543 360367 178008 374570 1 502965 749399 621198 606907 984801 112770 637178 75323 832726 174692 1 193308 130804 721622 258285 682957 249335 215530 159805 311283 445954 1
1 668084 493876 59574 790866 962880 52411 942379 52869 46864 408338 1 756617 39789 248023 110151 944765 627588 768712 484359 853797 2873 1 951760 335640 182640 845576 206051 733205 382738 597580 532897 429183 1 741886 6582 109934 903283 433009 263764 177257 392846 765001 206712 1 112185 749187 519385 259427 393555 808830 502124 800523 72060 752789 1 77770 694717 253292 645536 482583 520982 61723 675262 622006 189617 1 704826 364425 30405 615896 307007 652021 472020 160846 442843 28285 1 121388 913462 502436 433802 988205 820732 387353 352901 817152 653107 1 419487 613648 255658 500717 103172 678740 470819 974705 484171 534373 1
1 904642 901878 368481 899984 534555 499836 663344 813021 352729 603333 1 601925 619946 811906 632946 742264 157946 644891 314038 593113 652618 1 129746 451315 974942 893049 243353 181694 428587 710323 693524 361159 1 416305 646974 691190 901923 962617 284345 421294 968836 574004 806196 1 809654 654628 315286 896414 642536 588199 693068 932838 187570 634389 1 703704 922858 429300 501209 553304 254668 964344 112658 167460 906637 1 144597 98701 778100 632967 830837 585658 875885 225783 850028 733579 1 497166 737940 734730 970218 285583 18331 70899 867398 938780 207042 1 350254 131663 983509 257626 132428 884784 715424 102328 770637 635600 1
1 482983 255498 878814 14526 988296 395800 995231 815106 785325 788316 1 121860 455922 823464 537068 98967 911574 146613 694719 513341 188711 1 171047 528675 392000 181586 260968 786921 191445 538228 718407 423537 1 307114 988497 415555 825303 313394 370207 667733 366290 234703 21096 1 50348 173180 370404 616050 600617 758121 436755 49958 893928 662044 1 685428 351041 765863 538235 146622 227894 898795 202481 737067 592728 1 766394 413068 173731 149992 121735 684643 518401 589388 658455 158927 1 29639 708985 950430 28174 421981 519933 750023 552589 815738 717608 1 573083 815673 458682 246044 620470 296281 668907 381465 420301 323799 1
1 689135 412258 309877 395365 151057 699084 772179 87056 636462 53089 1 843276 160581 931932 18405 365826 180221 167212 344757 212720 759895 1 905231 358756 221786 353449 318798 322213 632898 118422 281651 382477 1 67842 329831 304287 370851 10578 902534 683675 444087 435000 656811 1 309294 132430 962177 796987 793924 683183 128416 477736 183901 550990 1 313223 708000 178913 721153 484140 492150 337709 416645 90529 902269 1 765237 264572 516636 878541 723660 207141 62472 234704 677970 348141 1 196833 712390 614045 88927 154039 697404 595730 221456 283387 569001 1 253151 129203 329288 147342 231705 1335 448421 491577 219814 714636 1
1 192990 234154 285800 318889 150604 162093 49839 241848 337659 589423 1 806357 189549 172808 837663 278732 578990 375414 804010 571716 960673 1 538646 958022 249005 806016 798810 550764 819072 293520 719333 228181 1 154616 884076 36549 786884 268922 776073 786896 486726 357350 959681 1 901423 160170 822578 810093 624314 865459 256003 554548 761870 973241 1 959453 216425 709415 47359 231943 39005 805648 657137 679308 194182 1 401357 769655 158612 63522 86982 469806 727278 959676 137098 926656 1 36448 185244 980393 721129 300869 791986 708912 476486 914490 415025 1 84263 38443 60317 634247 65174 401869 11869 967978 588521 268189 1
1 548281 755753 444547 636625 548582 503591 411586 819134 42938 825153 1 381750 942695 976382 5143 231486 390137 693379 18320 464982 193976 1 326552 663853 93466 424185 343021 792246 613677 460579 908529 157291 1 294134 530667 400769 325407 570471 331681 573859 38377 347347 119218 1 577799 755746 390535 313194 556431 323352 603306 901039 331422 211712 1 641638 970841 171461 459929 862409 86964 483883 174918 718164 820038 1 42499 468949 825979 496340 3006 519133 867009 109844 172690 162277 1 880470 369040 679123 551628 975744 617749 510796 925283 811498 896563 1 694573 934285 512300 490386 997838 671675 484539 530204 499558 405662 1
1 736334 896005 725404 782395 453037 743658 454631 212369 331002 828576 1 716012 710307 115797 260057 350705 203066 581539 74474 722102 898294 1 987608 860882 7067 987045 187209 95949 972359 229873 978339 275167 1 238942 303661 495224 149830 716528 383265 776636 716254 222081 530479 1 74396 404121 622415 549506 867752 727467 87022 174853 256015 925747 1 353060 731701 290648 345031 9464 369390 801336 966038 555689 442308 1 783820 500 53088 958332 452665 390339 588714 10869 466579 132872 1 697508 444162 374940 664586 589891 72305 682132 903501 214182 256906 1 487955 653692 22914 333809 150833 702015 911876 756714 219926 651023 1
1 493155 307683 188651 243672 656417 720314 26934 542045 658588 4621 1 232888 381771 577219 395529 427274 792426 486065 255777 285576 263790 1 925353 77954 944117 443303 672463 396002 484296 61584 167994 900202 1 872187 569280 147605 959688 206730 130551 238961 971631 60762 989579 1 38581 219257 167301 891600 167338 333454 290078 785871 147676 627685 1 368107 28539 996642 291771 188092 960016 627641 752470 6122 479169 1 33546 578430 410689 20972 836860 499686 559704 134497 504291 763319 1 851861 93753 990180 443978 965355 629370 192727 921975 493879 679791 1 706941 50912 820584 966672 714357 825389 107585 177487 789460 320269 1
1 367899 918330 969464 867758 708526 471828 946209 259831 299958 788183 1 945839 877951 844633 210858 471669 863104 207487 511344 630365 584605 1 138174 469666 257736 618912 526315 192749 724391 932655 361303 579696 1 281438 679151 662634 326779 706894 576242 255952 166564 402199 385590 1 643922 617501 350118 862329 603112 23757 127624 705644 350732 299692 1 14845 867605 556297 53770 291778 458973 644444 299933 964558 584809 1 943155 442460 235571 765120 319726 218282 783610 226890 436891 321813 1 680603 461622 26041 426482 420521 540666 514595 656113 481423 98048 1 757180 275520 697660 284671 961899 502896 776049 919883 534423 782166 1
1 880157 345323 780461 321766 427145 503191 79861 728735 118112 819344 1 60385 348841 891927 252547 949284 205146 381936 821458 310885 643996 1 105448 116511 366575 262609 986037 397041 803030 969874 453340 873795 1 21164 563463 221094 147335 544163 837438 676356 45471 396764 931995 1 749344 440684 255516 952452 564543 568738 405597 565344 773602 671532 1 132660 703385 486949 625371 41233 414679 521203 738936 427700 660610 1 899247 607520 247443 424259 978491 215415 462760 342060 498882 507125 1 170851 596223 950627 854451 105141 698005 778176 793230 743296 306447 1 902394 840896 611072 477279 31001 36821 297668 293683 894149 50253 1
1 336205 453638 246534 609522 540558 852758 230215 86439 718104 593711 1 99972 452224 32151 919528 281403 121895 292385 302950 978420 944280 1 783324 953601 247442 197292 657881 409730 826265 640902 711241 580719 1 715606 512175 234537 410414 716601 138074 333932 817972 660647 514141 1 231828 276005 974220 144454 499865 271205 416281 258505 267424 727425 1 167741 667656 678753 505399 115265 787381 628968 815185 979033 981694 1 248794 448451 562562 209548 249156 643935 305455 195211 780675 568558 1 640646 242871 881618 628177 407411 814405 443271 182277 719927 118751 1 392817 449647 124470 366546 316185 692833 55467 10893 303479 900106 1
1 830530 978621 674679 446365 695475 156966 422827 605700 558721 172265 1 873035 400571 887397 123679 956728 977225 851313 328597 317778 161365 1 450425 66052 752006 543805 422323 21255 543268 186745 560730 687063 1 241841 671867 241406 298912 165501 510185 489324 9952 868259 149793 1 645979 286879 334597 663202 134140 95734 397312 319061 325937 83983 1 538814 859684 998043 790937 217239 453211 879838 143158 469235 528049 1 765111 600139 776761 491901 1319 628857 179205 667259 548645 751115 1 27099 864344 816112 21526 551306 412463 372486 432795 721221 335130 1 920549 956195 497180 746281 597172 624857 402538 743689 861525 243053 1
1 872976 307892 357143 863537 781570 610531 521443 361250 887559 770323 1 901720 6171 39650 991744 611823 754625 682378 365494 775230 652203 1 639007 241033 183536 380136 702348 120504 548092 758891 494501 279667 1 86415 646248 22170 984327 31233 272149 626733 776893 141233 351940 1 136257 839581 217014 352508 259862 845926 244004 375783 207639 326549 1 216542 55604 909208 666697 513394 169502 538775 819953 188306 133645 1 204173 852685 268286 37437 999458 441312 605980 941109 801842 925317 1 145049 959468 981340 660138 327112 108336 647273 124660 154329 663457 1 887631 895697 380103 589839 340586 477140 601925 201582 961865 768420 1
1 102721 23815 353620 355973 13087 531772 207071 80191 174392 757056 1 647583 517801 327744 670465 539252 498731 127751 192437 685182 35085 1 177881 723232 571013 542810 677194 961776 412794 515143 503906 595709 1 97375 526959 722654 752293 688370 633408 794320 772745 352385 741380 1 910995 121509 601301 191141 852760 402339 429211 755614 99976 762881 1 297067 270278 567105 864485 688140 607041 337975 253658 379735 151010 1 904122 873423 77459 450027 307216 247862 611759 824356 930263 663961 1 636587 181872 353289 831602 658202 648539 96068 940649 223086 250911 1 484252 642149 16900 234846 684215 991883 919042 919437 129404 153264 1
