200 10
2000 0 0 0 0 0 0 0 0 0
0 0 0 0 0 0 0 0 0 0
0 0 0 0 0 0 0 0 0 0
0 0 0 0 0 0 0 0 0 0
0 0 0 0 0 0 0 0 0 0
0 0 0 0 0 0 0 0 0 0
0 0 0 0 0 0 0 0 0 0
0 0 0 0 0 0 0 0 0 0
0 0 0 0 0 0 0 0 0 0
0 0 0 0 0 0 0 0 0 0
0 0 0 0 0 0 0 0 0 0
0 0 0 0 0 0 0 0 0 0
0 0 0 0 0 0 0 0 0 0
0 0 0 0 0 0 0 0 0 0
0 0 0 0 0 0 0 0 0 0
0 0 0 0 0 0 0 0 0 0
0 0 0 0 0 0 0 0 0 0
0 0 0 0 0 0 0 0 0 0
0 0 0 0 0 0 0 0 0 0
0 0 0 0 0 0 0 0 0 0
0 0 0 0 0 0 0 0 0 0
0 0 0 0 0 0 0 0 0 0
0 0 0 0 0 0 0 0 0 0
0 0 0 0 0 0 0 0 0 0
0 0 0 0 0 0 0 0 0 0
0 0 0 0 0 0 0 0 0 0
0 0 0 0 0 0 0 0 0 0
0 0 0 0 0 0 0 0 0 0
0 0 0 0 0 0 0 0 0 0
0 0 0 0 0 0 0 0 0 0
0 0 0 0 0 0 0 0 0 0
0 0 0 0 0 0 0 0 0 0
0 0 0 0 0 0 0 0 0 0
0 0 0 0 0 0 0 0 0 0
0 0 0 0 0 0 0 0 0 0
0 0 0 0 0 0 0 0 0 0
0 0 0 0 0 0 0 0 0 0
0 0 0 0 0 0 0 0 0 0
0 0 0 0 0 0 0 0 0 0
0 0 0 0 0 0 0 0 0 0
0 0 0 0 0 0 0 0 0 0
0 0 0 0 0 0 0 0 0 0
0 0 0 0 0 0 0 0 0 0
0 0 0 0 0 0 0 0 0 0
0 0 0 0 0 0 0 0 0 0
0 0 0 0 0 0 0 0 0 0
0 0 0 0 0 0 0 0 0 0
0 0 0 0 0 0 0 0 0 0
0 0 0 0 0 0 0 0 0 0
0 0 0 0 0 0 0 0 0 0
0 0 0 0 0 0 0 0 0 0
0 0 0 0 0 0 0 0 0 0
0 0 0 0 0 0 0 0 0 0
0 0 0 0 0 0 0 0 0 0
0 0 0 0 0 0 0 0 0 0
0 0 0 0 0 0 0 0 0 0
0 0 0 0 0 0 0 0 0 0
0 0 0 0 0 0 0 0 0 0
0 0 0 0 0 0 0 0 0 0
0 0 0 0 0 0 0 0 0 0
0 0 0 0 0 0 0 0 0 0
0 0 0 0 0 0 0 0 0 0
0 0 0 0 0 0 0 0 0 0
0 0 0 0 0 0 0 0 0 0
0 0 0 0 0 0 0 0 0 0
0 0 0 0 0 0 0 0 0 0
0 0 0 0 0 0 0 0 0 0
0 0 0 0 0 0 0 0 0 0
0 0 0 0 0 0 0 0 0 0
0 0 0 0 0 0 0 0 0 0
0 0 0 0 0 0 0 0 0 0
0 0 0 0 0 0 0 0 0 0
0 0 0 0 0 0 0 0 0 0
0 0 0 0 0 0 0 0 0 0
0 0 0 0 0 0 0 0 0 0
0 0 0 0 0 0 0 0 0 0
0 0 0 0 0 0 0 0 0 0
0 0 0 0 0 0 0 0 0 0
0 0 0 0 0 0 0 0 0 0
0 0 0 0 0 0 0 0 0 0
0 0 0 0 0 0 0 0 0 0
0 0 0 0 0 0 0 0 0 0
0 0 0 0 0 0 0 0 0 0
0 0 0 0 0 0 0 0 0 0
0 0 0 0 0 0 0 0 0 0
0 0 0 0 0 0 0 0 0 0
0 0 0 0 0 0 0 0 0 0
0 0 0 0 0 0 0 0 0 0
0 0 0 0 0 0 0 0 0 0
0 0 0 0 0 0 0 0 0 0
0 0 0 0 0 0 0 0 0 0
0 0 0 0 0 0 0 0 0 0
0 0 0 0 0 0 0 0 0 0
0 0 0 0 0 0 0 0 0 0
0 0 0 0 0 0 0 0 0 0
0 0 0 0 0 0 0 0 0 0
0 0 0 0 0 0 0 0 0 0
0 0 0 0 0 0 0 0 0 0
0 0 0 0 0 0 0 0 0 0
0 0 0 0 0 0 0 0 0 0
0 0 0 0 0 0 0 0 0 0
0 0 0 0 0 0 0 0 0 0
0 0 0 0 0 0 0 0 0 0
0 0 0 0 0 0 0 0 0 0
0 0 0 0 0 0 0 0 0 0
0 0 0 0 0 0 0 0 0 0
0 0 0 0 0 0 0 0 0 0
0 0 0 0 0 0 0 0 0 0
0 0 0 0 0 0 0 0 0 0
0 0 0 0 0 0 0 0 0 0
0 0 0 0 0 0 0 0 0 0
0 0 0 0 0 0 0 0 0 0
0 0 0 0 0 0 0 0 0 0
0 0 0 0 0 0 0 0 0 0
0 0 0 0 0 0 0 0 0 0
0 0 0 0 0 0 0 0 0 0
0 0 0 0 0 0 0 0 0 0
0 0 0 0 0 0 0 0 0 0
0 0 0 0 0 0 0 0 0 0
0 0 0 0 0 0 0 0 0 0
0 0 0 0 0 0 0 0 0 0
0 0 0 0 0 0 0 0 0 0
0 0 0 0 0 0 0 0 0 0
0 0 0 0 0 0 0 0 0 0
0 0 0 0 0 0 0 0 0 0
0 0 0 0 0 0 0 0 0 0
0 0 0 0 0 0 0 0 0 0
0 0 0 0 0 0 0 0 0 0
0 0 0 0 0 0 0 0 0 0
0 0 0 0 0 0 0 0 0 0
0 0 0 0 0 0 0 0 0 0
0 0 0 0 0 0 0 0 0 0
0 0 0 0 0 0 0 0 0 0
0 0 0 0 0 0 0 0 0 0
0 0 0 0 0 0 0 0 0 0
0 0 0 0 0 0 0 0 0 0
0 0 0 0 0 0 0 0 0 0
0 0 0 0 0 0 0 0 0 0
0 0 0 0 0 0 0 0 0 0
0 0 0 0 0 0 0 0 0 0
0 0 0 0 0 0 0 0 0 0
0 0 0 0 0 0 0 0 0 0
0 0 0 0 0 0 0 0 0 0
0 0 0 0 0 0 0 0 0 0
0 0 0 0 0 0 0 0 0 0
0 0 0 0 0 0 0 0 0 0
0 0 0 0 0 0 0 0 0 0
0 0 0 0 0 0 0 0 0 0
0 0 0 0 0 0 0 0 0 0
0 0 0 0 0 0 0 0 0 0
0 0 0 0 0 0 0 0 0 0
0 0 0 0 0 0 0 0 0 0
0 0 0 0 0 0 0 0 0 0
0 0 0 0 0 0 0 0 0 0
0 0 0 0 0 0 0 0 0 0
0 0 0 0 0 0 0 0 0 0
0 0 0 0 0 0 0 0 0 0
0 0 0 0 0 0 0 0 0 0
0 0 0 0 0 0 0 0 0 0
0 0 0 0 0 0 0 0 0 0
0 0 0 0 0 0 0 0 0 0
0 0 0 0 0 0 0 0 0 0
0 0 0 0 0 0 0 0 0 0
0 0 0 0 0 0 0 0 0 0
0 0 0 0 0 0 0 0 0 0
0 0 0 0 0 0 0 0 0 0
0 0 0 0 0 0 0 0 0 0
0 0 0 0 0 0 0 0 0 0
0 0 0 0 0 0 0 0 0 0
0 0 0 0 0 0 0 0 0 0
0 0 0 0 0 0 0 0 0 0
0 0 0 0 0 0 0 0 0 0
0 0 0 0 0 0 0 0 0 0
0 0 0 0 0 0 0 0 0 0
0 0 0 0 0 0 0 0 0 0
0 0 0 0 0 0 0 0 0 0
0 0 0 0 0 0 0 0 0 0
0 0 0 0 0 0 0 0 0 0
0 0 0 0 0 0 0 0 0 0
0 0 0 0 0 0 0 0 0 0
0 0 0 0 0 0 0 0 0 0
0 0 0 0 0 0 0 0 0 0
0 0 0 0 0 0 0 0 0 0
0 0 0 0 0 0 0 0 0 0
0 0 0 0 0 0 0 0 0 0
0 0 0 0 0 0 0 0 0 0
0 0 0 0 0 0 0 0 0 0
0 0 0 0 0 0 0 0 0 0
0 0 0 0 0 0 0 0 0 0
0 0 0 0 0 0 0 0 0 0
0 0 0 0 0 0 0 0 0 0
0 0 0 0 0 0 0 0 0 0
0 0 0 0 0 0 0 0 0 0
0 0 0 0 0 0 0 0 0 0
0 0 0 0 0 0 0 0 0 0
0 0 0 0 0 0 0 0 0 0
0 0 0 0 0 0 0 0 0 0
0 0 0 0 0 0 0 0 0 0
0 0 0 0 0 0 0 0 0 0
0 0 0 0 0 0 0 0 0 0
0 0 0 0 0 0 0 0 0 0
0 0 0 0 0 0 0 0 0 0
0 0 0 0 0 0 0 0 0 0
0 0 0 0 0 0 0 0 0 0
0 0 0 0 0 0 0 0 0 0
0 0 0 0 0 0 0 0 0 0
0 0 0 0 0 0 0 0 0 0
0 0 0 0 0 0 0 0 0 0
0 0 0 0 0 0 0 0 0 0
0 0 0 0 0 0 0 0 0 0
0 0 0 0 0 0 0 0 0 0
0 0 0 0 0 0 0 0 0 0
0 0 0 0 0 0 0 0 0 0
0 0 0 0 0 0 0 0 0 0
0 0 0 0 0 0 0 0 0 0
0 0 0 0 0 0 0 0 0 0
0 0 0 0 0 0 0 0 0 0
0 0 0 0 0 0 0 0 0 0
0 0 0 0 0 0 0 0 0 0
0 0 0 0 0 0 0 0 0 0
0 0 0 0 0 0 0 0 0 0
0 0 0 0 0 0 0 0 0 0
0 0 0 0 0 0 0 0 0 0
0 0 0 0 0 0 0 0 0 0
0 0 0 0 0 0 0 0 0 0
0 0 0 0 0 0 0 0 0 0
0 0 0 0 0 0 0 0 0 0
0 0 0 0 0 0 0 0 0 0
0 0 0 0 0 0 0 0 0 0
0 0 0 0 0 0 0 0 0 0
0 0 0 0 0 0 0 0 0 0
0 0 0 0 0 0 0 0 0 0
0 0 0 0 0 0 0 0 0 0
0 0 0 0 0 0 0 0 0 0
0 0 0 0 0 0 0 0 0 0
0 0 0 0 0 0 0 0 0 0
0 0 0 0 0 0 0 0 0 0
0 0 0 0 0 0 0 0 0 0
0 0 0 0 0 0 0 0 0 0
0 0 0 0 0 0 0 0 0 0
0 0 0 0 0 0 0 0 0 0
0 0 0 0 0 0 0 0 0 0
0 0 0 0 0 0 0 0 0 0
0 0 0 0 0 0 0 0 0 0
0 0 0 0 0 0 0 0 0 0
0 0 0 0 0 0 0 0 0 0
0 0 0 0 0 0 0 0 0 0
0 0 0 0 0 0 0 0 0 0
0 0 0 0 0 0 0 0 0 0
0 0 0 0 0 0 0 0 0 0
0 0 0 0 0 0 0 0 0 0
0 0 0 0 0 0 0 0 0 0
0 0 0 0 0 0 0 0 0 0
0 0 0 0 0 0 0 0 0 0
0 0 0 0 0 0 0 0 0 0
0 0 0 0 0 0 0 0 0 0
0 0 0 0 0 0 0 0 0 0
0 0 0 0 0 0 0 0 0 0
0 0 0 0 0 0 0 0 0 0
0 0 0 0 0 0 0 0 0 0
0 0 0 0 0 0 0 0 0 0
0 0 0 0 0 0 0 0 0 0
0 0 0 0 0 0 0 0 0 0
0 0 0 0 0 0 0 0 0 0
0 0 0 0 0 0 0 0 0 0
0 0 0 0 0 0 0 0 0 0
0 0 0 0 0 0 0 0 0 0
0 0 0 0 0 0 0 0 0 0
0 0 0 0 0 0 0 0 0 0
0 0 0 0 0 0 0 0 0 0
0 0 0 0 0 0 0 0 0 0
0 0 0 0 0 0 0 0 0 0
0 0 0 0 0 0 0 0 0 0
0 0 0 0 0 0 0 0 0 0
0 0 0 0 0 0 0 0 0 0
0 0 0 0 0 0 0 0 0 0
0 0 0 0 0 0 0 0 0 0
0 0 0 0 0 0 0 0 0 0
0 0 0 0 0 0 0 0 0 0
0 0 0 0 0 0 0 0 0 0
0 0 0 0 0 0 0 0 0 0
0 0 0 0 0 0 0 0 0 0
0 0 0 0 0 0 0 0 0 0
0 0 0 0 0 0 0 0 0 0
0 0 0 0 0 0 0 0 0 0
0 0 0 0 0 0 0 0 0 0
0 0 0 0 0 0 0 0 0 0
0 0 0 0 0 0 0 0 0 0
0 0 0 0 0 0 0 0 0 0
0 0 0 0 0 0 0 0 0 0
0 0 0 0 0 0 0 0 0 0
0 0 0 0 0 0 0 0 0 0
0 0 0 0 0 0 0 0 0 0
0 0 0 0 0 0 0 0 0 0
0 0 0 0 0 0 0 0 0 0
0 0 0 0 0 0 0 0 0 0
0 0 0 0 0 0 0 0 0 0
0 0 0 0 0 0 0 0 0 0
0 0 0 0 0 0 0 0 0 0
0 0 0 0 0 0 0 0 0 0
0 0 0 0 0 0 0 0 0 0
0 0 0 0 0 0 0 0 0 0
0 0 0 0 0 0 0 0 0 0
0 0 0 0 0 0 0 0 0 0
0 0 0 0 0 0 0 0 0 0
0 0 0 0 0 0 0 0 0 0
0 0 0 0 0 0 0 0 0 0
0 0 0 0 0 0 0 0 0 0
0 0 0 0 0 0 0 0 0 0
0 0 0 0 0 0 0 0 0 0
0 0 0 0 0 0 0 0 0 0
0 0 0 0 0 0 0 0 0 0
0 0 0 0 0 0 0 0 0 0
0 0 0 0 0 0 0 0 0 0
0 0 0 0 0 0 0 0 0 0
0 0 0 0 0 0 0 0 0 0
0 0 0 0 0 0 0 0 0 0
0 0 0 0 0 0 0 0 0 0
0 0 0 0 0 0 0 0 0 0
0 0 0 0 0 0 0 0 0 0
0 0 0 0 0 0 0 0 0 0
0 0 0 0 0 0 0 0 0 0
0 0 0 0 0 0 0 0 0 0
0 0 0 0 0 0 0 0 0 0
0 0 0 0 0 0 0 0 0 0
0 0 0 0 0 0 0 0 0 0
0 0 0 0 0 0 0 0 0 0
0 0 0 0 0 0 0 0 0 0
0 0 0 0 0 0 0 0 0 0
0 0 0 0 0 0 0 0 0 0
0 0 0 0 0 0 0 0 0 0
0 0 0 0 0 0 0 0 0 0
0 0 0 0 0 0 0 0 0 0
0 0 0 0 0 0 0 0 0 0
0 0 0 0 0 0 0 0 0 0
0 0 0 0 0 0 0 0 0 0
0 0 0 0 0 0 0 0 0 0
0 0 0 0 0 0 0 0 0 0
0 0 0 0 0 0 0 0 0 0
0 0 0 0 0 0 0 0 0 0
0 0 0 0 0 0 0 0 0 0
0 0 0 0 0 0 0 0 0 0
0 0 0 0 0 0 0 0 0 0
0 0 0 0 0 0 0 0 0 0
0 0 0 0 0 0 0 0 0 0
0 0 0 0 0 0 0 0 0 0
0 0 0 0 0 0 0 0 0 0
0 0 0 0 0 0 0 0 0 0
0 0 0 0 0 0 0 0 0 0
0 0 0 0 0 0 0 0 0 0
0 0 0 0 0 0 0 0 0 0
0 0 0 0 0 0 0 0 0 0
0 0 0 0 0 0 0 0 0 0
0 0 0 0 0 0 0 0 0 0
0 0 0 0 0 0 0 0 0 0
0 0 0 0 0 0 0 0 0 0
0 0 0 0 0 0 0 0 0 0
0 0 0 0 0 0 0 0 0 0
0 0 0 0 0 0 0 0 0 0
0 0 0 0 0 0 0 0 0 0
0 0 0 0 0 0 0 0 0 0
0 0 0 0 0 0 0 0 0 0
0 0 0 0 0 0 0 0 0 0
0 0 0 0 0 0 0 0 0 0
0 0 0 0 0 0 0 0 0 0
0 0 0 0 0 0 0 0 0 0
0 0 0 0 0 0 0 0 0 0
0 0 0 0 0 0 0 0 0 0
0 0 0 0 0 0 0 0 0 0
0 0 0 0 0 0 0 0 0 0
0 0 0 0 0 0 0 0 0 0
0 0 0 0 0 0 0 0 0 0
0 0 0 0 0 0 0 0 0 0
0 0 0 0 0 0 0 0 0 0
0 0 0 0 0 0 0 0 0 0
0 0 0 0 0 0 0 0 0 0
0 0 0 0 0 0 0 0 0 0
0 0 0 0 0 0 0 0 0 0
0 0 0 0 0 0 0 0 0 0
0 0 0 0 0 0 0 0 0 0
0 0 0 0 0 0 0 0 0 0
0 0 0 0 0 0 0 0 0 0
0 0 0 0 0 0 0 0 0 0
0 0 0 0 0 0 0 0 0 0
0 0 0 0 0 0 0 0 0 0
0 0 0 0 0 0 0 0 0 0
0 0 0 0 0 0 0 0 0 0
0 0 0 0 0 0 0 0 0 0
0 0 0 0 0 0 0 0 0 0
0 0 0 0 0 0 0 0 0 0
0 0 0 0 0 0 0 0 0 0
0 0 0 0 0 0 0 0 0 0
0 0 0 0 0 0 0 0 0 0
0 0 0 0 0 0 0 0 0 0
0 0 0 0 0 0 0 0 0 0
0 0 0 0 0 0 0 0 0 0
0 0 0 0 0 0 0 0 0 0
0 0 0 0 0 0 0 0 0 0
0 0 0 0 0 0 0 0 0 0
200 200 200 200 200 200 200 200 200 200
1000000 1000000 1 1 1 1000000 1000000 1 1000000 1000000
1 1000000 1000000 1 1000000 1 1 1 1 1000000
1 1000000 1000000 1000000 1000000 1 1 1000000 1000000 1000000
1 1000000 1 1 1000000 1000000 1000000 1000000 1000000 1000000
1 1000000 1 1000000 1 1000000 1000000 1 1000000 1000000
1000000 1000000 1000000 1000000 1 1 1000000 1000000 1000000 1
1 1000000 1 1 1 1000000 1000000 1 1000000 1000000
1000000 1 1 1 1000000 1000000 1000000 1 1 1000000
1 1000000 1 1000000 1 1000000 1000000 1000000 1000000 1
1 1 1 1000000 1000000 1 1000000 1000000 1000000 1000000
1000000 1000000 1 1000000 1000000 1 1 1 1 1
1 1000000 1000000 1 1 1 1 1 1 1
1000000 1 1 1 1000000 1 1 1000000 1000000 1
1000000 1000000 1 1000000 1000000 1 1 1 1 1
1000000 1000000 1000000 1 1000000 1000000 1000000 1000000 1000000 1000000
1 1 1 1000000 1 1 1000000 1 1 1000000
1000000 1000000 1 1 1 1000000 1000000 1000000 1 1
1000000 1000000 1 1 1000000 1000000 1000000 1000000 1 1000000
1000000 1 1 1000000 1 1000000 1000000 1000000 1 1
1000000 1 1000000 1 1 1000000 1000000 1000000 1 1
1 1 1 1000000 1 1 1 1000000 1 1
1 1 1000000 1 1000000 1 1 1 1000000 1
1 1 1000000 1000000 1000000 1000000 1 1 1 1000000
1000000 1000000 1000000 1000000 1 1000000 1 1000000 1 1000000
1000000 1 1000000 1000000 1000000 1000000 1000000 1000000 1000000 1000000
1000000 1000000 1000000 1 1 1000000 1 1000000 1000000 1
1 1000000 1 1000000 1000000 1 1000000 1 1000000 1000000
1 1000000 1000000 1000000 1 1 1 1000000 1000000 1
1000000 1 1000000 1 1000000 1000000 1 1000000 1000000 1
1000000 1 1 1 1 1 1 1 1000000 1
1 1000000 1000000 1000000 1 1 1 1 1 1000000
1000000 1000000 1000000 1000000 1 1 1 1000000 1000000 1
1000000 1 1 1000000 1 1000000 1 1 1 1
1 1000000 1000000 1 1000000 1 1000000 1000000 1 1000000
1000000 1000000 1 1 1000000 1 1 1 1000000 1
1000000 1000000 1000000 1000000 1 1000000 1 1 1000000 1000000
1 1000000 1 1000000 1000000 1 1000000 1000000 1 1
1000000 1000000 1000000 1 1000000 1 1 1000000 1000000 1000000
1000000 1 1 1000000 1000000 1 1 1 1 1
1000000 1 1 1000000 1000000 1000000 1000000 1000000 1 1
1 1 1 1000000 1 1000000 1 1 1000000 1000000
1 1 1000000 1000000 1 1000000 1000000 1 1 1000000
1000000 1 1 1000000 1000000 1000000 1000000 1000000 1000000 1
1000000 1 1 1000000 1000000 1 1000000 1 1 1
1 1000000 1 1 1000000 1000000 1000000 1000000 1 1
1000000 1000000 1000000 1000000 1000000 1 1 1 1000000 1
1000000 1 1000000 1000000 1000000 1 1000000 1000000 1 1000000
1000000 1000000 1000000 1 1 1000000 1 1000000 1 1
1 1000000 1000000 1000000 1000000 1 1 1000000 1000000 1000000
1000000 1000000 1 1000000 1 1000000 1000000 1 1000000 1
1000000 1 1 1000000 1000000 1 1 1 1000000 1000000
1000000 1000000 1000000 1000000 1 1 1000000 1000000 1000000 1000000
1000000 1 1 1000000 1000000 1000000 1 1000000 1000000 1
1 1000000 1 1000000 1 1000000 1 1000000 1 1000000
1000000 1000000 1000000 1 1000000 1 1 1 1 1
1 1 1 1 1 1000000 1 1 1 1
1 1000000 1000000 1 1 1 1 1 1000000 1
1000000 1 1000000 1 1 1 1000000 1 1 1
1000000 1 1 1000000 1 1 1000000 1 1000000 1000000
1 1000000 1 1000000 1000000 1 1000000 1 1 1
1000000 1000000 1000000 1 1 1000000 1 1 1 1
1 1 1 1000000 1000000 1 1000000 1000000 1 1
1 1 1 1000000 1000000 1 1000000 1000000 1000000 1
1000000 1000000 1 1 1000000 1 1 1 1 1000000
1 1 1 1000000 1 1000000 1000000 1 1 1
1 1 1000000 1000000 1 1 1 1 1 1
1000000 1 1000000 1000000 1000000 1000000 1000000 1 1000000 1000000
1 1 1 1 1 1000000 1000000 1 1 1
1000000 1000000 1 1 1 1 1 1 1 1
1 1 1 1 1 1 1000000 1 1 1000000
1 1000000 1000000 1 1000000 1 1000000 1000000 1000000 1000000
1 1 1000000 1 1000000 1000000 1 1 1000000 1
1000000 1000000 1000000 1000000 1 1 1 1 1 1
1000000 1000000 1 1000000 1 1000000 1000000 1 1 1
1 1 1000000 1000000 1 1000000 1000000 1 1 1000000
1000000 1 1 1000000 1 1 1 1000000 1000000 1
1 1000000 1 1 1 1 1 1000000 1000000 1000000
1 1000000 1000000 1 1000000 1 1 1000000 1000000 1
1000000 1000000 1 1000000 1 1000000 1 1000000 1000000 1
1000000 1000000 1000000 1000000 1 1000000 1000000 1000000 1 1
1 1 1000000 1 1000000 1000000 1 1 1000000 1000000
1 1 1 1 1000000 1000000 1000000 1 1 1000000
1 1000000 1 1000000 1 1000000 1000000 1000000 1000000 1000000
1 1 1000000 1 1 1000000 1 1000000 1000000 1
1 1 1000000 1 1000000 1 1000000 1000000 1 1
1000000 1 1000000 1000000 1 1 1000000 1000000 1 1
1 1000000 1 1000000 1000000 1000000 1000000 1000000 1000000 1
1000000 1000000 1 1 1 1 1 1000000 1000000 1
1000000 1 1000000 1 1000000 1000000 1000000 1000000 1000000 1
1000000 1 1 1 1 1 1000000 1000000 1000000 1
1 1 1000000 1000000 1 1 1000000 1 1 1000000
1 1000000 1000000 1 1 1000000 1000000 1 1000000 1
1000000 1000000 1 1000000 1000000 1 1 1 1000000 1000000
1 1000000 1 1 1 1000000 1000000 1 1 1
1 1000000 1000000 1000000 1 1 1000000 1000000 1000000 1000000
1 1 1 1000000 1 1000000 1000000 1000000 1 1000000
1 1000000 1 1 1 1 1 1 1 1000000
1000000 1 1 1000000 1000000 1000000 1000000 1000000 1000000 1
1 1 1000000 1000000 1 1000000 1 1000000 1 1000000
1 1 1 1 1000000 1000000 1000000 1000000 1 1
1 1 1000000 1000000 1 1 1 1000000 1 1
1 1000000 1000000 1000000 1 1 1 1 1000000 1000000
1000000 1 1 1 1 1 1 1 1 1
1 1000000 1 1000000 1000000 1000000 1 1000000 1000000 1
1 1000000 1000000 1 1000000 1 1 1 1 1000000
1000000 1 1000000 1 1000000 1000000 1000000 1000000 1 1
1000000 1 1000000 1000000 1 1000000 1000000 1000000 1 1000000
1 1 1 1 1 1 1 1 1000000 1
1 1000000 1000000 1 1000000 1000000 1000000 1000000 1000000 1000000
1 1000000 1 1 1 1000000 1 1000000 1 1000000
1 1 1000000 1 1000000 1000000 1000000 1000000 1 1
1000000 1 1 1000000 1000000 1000000 1000000 1 1000000 1
1 1000000 1 1 1000000 1000000 1000000 1000000 1000000 1
1 1 1000000 1000000 1000000 1000000 1 1000000 1000000 1
1 1000000 1000000 1000000 1000000 1 1 1000000 1 1000000
1000000 1000000 1000000 1000000 1000000 1000000 1 1000000 1 1000000
1 1000000 1000000 1000000 1 1 1 1000000 1 1
1 1 1000000 1000000 1 1000000 1 1000000 1 1000000
1 1 1000000 1 1000000 1 1000000 1 1000000 1
1000000 1 1000000 1 1000000 1000000 1000000 1000000 1000000 1
1 1 1000000 1 1000000 1 1 1000000 1 1000000
1000000 1000000 1 1000000 1000000 1 1 1000000 1 1000000
1 1 1000000 1 1 1000000 1000000 1000000 1000000 1
1 1000000 1 1000000 1 1000000 1000000 1000000 1 1000000
1000000 1000000 1000000 1000000 1000000 1000000 1 1 1000000 1
1000000 1 1 1000000 1 1 1000000 1000000 1000000 1
1 1 1000000 1 1000000 1000000 1000000 1 1000000 1000000
1 1000000 1000000 1 1 1 1000000 1000000 1 1000000
1000000 1000000 1 1000000 1000000 1000000 1000000 1000000 1000000 1000000
1000000 1 1 1000000 1 1 1 1 1 1000000
1000000 1000000 1 1 1 1000000 1 1 1000000 1000000
1000000 1000000 1 1000000 1 1000000 1 1 1 1
1000000 1 1 1 1 1 1000000 1000000 1000000 1
1000000 1 1 1000000 1 1000000 1000000 1 1 1
1 1 1 1000000 1 1000000 1 1000000 1 1
1000000 1000000 1000000 1000000 1000000 1000000 1 1 1 1000000
1 1000000 1000000 1000000 1000000 1 1000000 1000000 1 1000000
1 1000000 1 1000000 1000000 1000000 1000000 1 1 1
1 1000000 1 1000000 1000000 1000000 1 1000000 1000000 1000000
1 1 1 1000000 1000000 1000000 1000000 1000000 1000000 1000000
1000000 1000000 1000000 1000000 1 1 1 1000000 1 1
1 1000000 1000000 1 1000000 1 1000000 1 1000000 1
1000000 1000000 1000000 1000000 1000000 1 1 1 1 1000000
1000000 1 1000000 1000000 1000000 1000000 1000000 1000000 1000000 1000000
1 1000000 1000000 1000000 1000000 1000000 1000000 1 1 1000000
1 1000000 1000000 1000000 1 1000000 1 1000000 1000000 1000000
1 1000000 1000000 1 1000000 1000000 1 1000000 1 1
1000000 1 1 1000000 1 1 1000000 1 1 1
1 1 1 1 1000000 1 1000000 1000000 1 1000000
1000000 1 1 1 1000000 1000000 1 1 1 1
1 1000000 1 1000000 1000000 1 1000000 1000000 1000000 1
1 1 1 1 1 1 1 1000000 1 1
1000000 1000000 1000000 1000000 1 1 1 1 1 1
1000000 1 1000000 1000000 1000000 1 1000000 1000000 1000000 1
1000000 1000000 1000000 1 1000000 1000000 1 1 1 1000000
1000000 1000000 1 1 1000000 1000000 1000000 1 1000000 1000000
1000000 1 1 1000000 1 1000000 1 1000000 1000000 1000000
1 1 1000000 1 1 1000000 1 1000000 1 1
1 1 1 1000000 1000000 1000000 1000000 1000000 1000000 1
1 1 1 1 1000000 1000000 1000000 1 1000000 1
1 1 1 1 1 1 1 1000000 1000000 1
1000000 1 1 1000000 1 1000000 1000000 1000000 1000000 1
1000000 1000000 1 1000000 1000000 1 1 1 1 1000000
1000000 1 1000000 1000000 1000000 1 1 1000000 1000000 1
1000000 1 1 1000000 1000000 1000000 1 1 1000000 1000000
1 1 1000000 1000000 1 1000000 1000000 1000000 1000000 1
1000000 1 1 1000000 1000000 1000000 1 1 1 1
1000000 1000000 1 1 1 1 1000000 1 1 1000000
1000000 1000000 1000000 1000000 1000000 1 1 1000000 1000000 1
1 1000000 1000000 1 1 1 1 1 1 1000000
1000000 1 1000000 1 1000000 1000000 1 1 1 1000000
1 1000000 1000000 1 1 1 1000000 1000000 1 1000000
1000000 1 1 1000000 1 1000000 1000000 1 1 1
1000000 1 1000000 1 1000000 1 1 1000000 1000000 1000000
1000000 1000000 1 1000000 1000000 1000000 1000000 1000000 1000000 1000000
1 1000000 1 1000000 1 1000000 1 1000000 1 1
1 1000000 1000000 1 1000000 1000000 1 1000000 1 1000000
1 1 1000000 1000000 1 1000000 1 1000000 1000000 1000000
1000000 1 1000000 1000000 1000000 1000000 1000000 1000000 1 1000000
1000000 1000000 1 1 1 1 1 1 1 1000000
1 1000000 1000000 1 1 1000000 1 1000000 1 1
1 1 1 1 1 1 1000000 1 1 1
1000000 1000000 1000000 1000000 1 1000000 1000000 1000000 1 1000000
1 1000000 1000000 1 1 1000000 1000000 1000000 1 1000000
1 1 1000000 1 1 1 1 1000000 1000000 1000000
1 1000000 1 1 1 1 1 1000000 1 1000000
1000000 1000000 1 1000000 1 1000000 1 1 1 1
1000000 1 1000000 1 1000000 1 1 1 1000000 1
1 1000000 1 1000000 1000000 1000000 1000000 1 1000000 1
1 1 1 1 1 1000000 1 1 1000000 1000000
1 1000000 1000000 1000000 1000000 1000000 1 1000000 1000000 1000000
1 1 1 1000000 1 1000000 1000000 1000000 1000000 1000000
1 1000000 1 1000000 1 1000000 1 1000000 1000000 1000000
1000000 1000000 1000000 1 1 1000000 1000000 1 1 1
1000000 1000000 1000000 1 1000000 1 1 1000000 1 1
1000000 1000000 1000000 1 1000000 1000000 1000000 1000000 1000000 1000000
1 1 1000000 1000000 1000000 1 1000000 1000000 1000000 1000000
1000000 1 1000000 1000000 1000000 1 1 1000000 1 1
1 1000000 1 1 1 1 1000000 1000000 1000000 1
1 1000000 1000000 1000000 1000000 1000000 1000000 1 1000000 1 1000000 1 1000000 1 1000000 1 1 1000000 1 1000000 1 1000000 1 1000000 1000000 1 1 1000000 1 1 1 1000000 1 1 1000000 1000000 1 1 1 1000000 1 1000000 1 1 1 1 1000000 1000000 1 1 1000000 1 1000000 1000000 1000000 1 1000000 1000000 1000000 1 1000000 1 1000000 1 1000000 1 1 1000000 1000000 1 1 1000000 1 1000000 1000000 1 1000000 1 1 1000000 1000000 1000000 1000000 1000000 1000000 1000000 1 1000000 1 1 1 1000000 1 1 1000000 1 1000000 1 1000000 1
1 1 1000000 1 1000000 1 1 1000000 1000000 1 1000000 1 1000000 1 1000000 1 1000000 1000000 1000000 1000000 1000000 1000000 1 1000000 1 1 1 1000000 1000000 1 1000000 1000000 1000000 1 1 1000000 1 1000000 1 1000000 1 1 1 1000000 1 1 1 1000000 1000000 1 1000000 1000000 1000000 1 1 1 1 1000000 1 1 1000000 1000000 1 1 1 1000000 1 1000000 1000000 1 1000000 1000000 1000000 1000000 1000000 1 1 1 1000000 1 1000000 1000000 1000000 1 1000000 1 1 1000000 1 1 1000000 1000000 1000000 1 1000000 1000000 1 1 1000000 1
1 1 1 1000000 1000000 1000000 1000000 1000000 1 1 1000000 1 1000000 1 1000000 1000000 1000000 1000000 1 1000000 1000000 1 1 1 1 1000000 1 1000000 1000000 1 1 1 1000000 1 1 1 1000000 1000000 1000000 1 1000000 1000000 1 1 1 1 1 1 1 1 1 1000000 1 1000000 1 1 1000000 1000000 1000000 1 1000000 1000000 1000000 1 1000000 1 1 1000000 1000000 1 1000000 1 1 1000000 1 1000000 1000000 1 1000000 1000000 1000000 1 1000000 1000000 1 1 1 1 1 1000000 1 1 1000000 1000000 1000000 1000000 1 1 1 1
1 1000000 1 1 1000000 1 1000000 1 1000000 1000000 1 1 1 1 1000000 1000000 1000000 1000000 1000000 1 1000000 1 1 1000000 1000000 1000000 1 1 1000000 1000000 1 1000000 1 1 1 1 1 1 1 1000000 1 1 1000000 1 1 1 1 1 1000000 1 1000000 1 1 1000000 1000000 1 1000000 1 1000000 1 1 1 1 1 1000000 1000000 1 1000000 1 1000000 1000000 1 1000000 1000000 1000000 1 1 1 1000000 1 1000000 1000000 1000000 1 1 1 1000000 1 1 1000000 1 1 1000000 1000000 1000000 1 1000000 1 1000000 1
1 1 1 1 1 1000000 1000000 1 1000000 1 1 1 1000000 1 1 1 1000000 1000000 1000000 1 1 1000000 1 1000000 1 1 1 1 1 1000000 1000000 1000000 1 1 1 1 1 1 1000000 1 1000000 1000000 1 1000000 1 1 1 1 1000000 1000000 1 1000000 1 1000000 1 1 1 1 1 1000000 1 1000000 1000000 1000000 1 1000000 1 1000000 1 1 1 1000000 1 1000000 1000000 1000000 1 1 1000000 1 1000000 1 1 1 1000000 1 1000000 1000000 1 1 1000000 1 1000000 1000000 1000000 1 1 1 1000000 1
1 1 1000000 1 1000000 1 1 1 1 1000000 1000000 1 1 1 1 1000000 1 1000000 1 1000000 1000000 1000000 1 1000000 1 1000000 1000000 1000000 1000000 1000000 1000000 1 1 1 1000000 1 1000000 1 1000000 1 1 1000000 1 1 1 1 1000000 1 1 1000000 1 1000000 1 1 1000000 1 1 1000000 1 1 1 1000000 1 1 1 1 1 1 1 1 1 1 1000000 1000000 1000000 1000000 1 1 1 1 1000000 1 1000000 1 1000000 1 1000000 1 1 1 1 1000000 1000000 1 1000000 1 1 1 1 1
1 1 1000000 1000000 1000000 1000000 1 1000000 1 1000000 1000000 1 1000000 1 1 1000000 1 1000000 1 1 1 1 1 1000000 1000000 1 1 1 1 1 1000000 1000000 1000000 1 1000000 1000000 1 1000000 1000000 1 1000000 1 1000000 1000000 1 1 1000000 1 1000000 1000000 1 1 1 1 1 1 1 1000000 1000000 1 1 1 1000000 1 1 1 1 1 1 1 1 1000000 1 1000000 1 1000000 1 1 1 1000000 1000000 1000000 1000000 1 1000000 1000000 1000000 1000000 1 1000000 1 1 1 1 1000000 1 1000000 1000000 1 1
1 1 1000000 1 1000000 1 1000000 1000000 1 1000000 1 1 1 1 1000000 1 1 1 1000000 1 1000000 1000000 1 1000000 1000000 1 1 1000000 1000000 1000000 1000000 1 1 1 1000000 1 1000000 1 1 1 1000000 1 1000000 1000000 1 1 1 1 1000000 1000000 1 1000000 1000000 1000000 1 1 1000000 1 1000000 1 1000000 1 1000000 1 1 1000000 1 1 1 1 1 1000000 1 1 1000000 1 1000000 1 1000000 1 1000000 1 1000000 1000000 1 1 1000000 1000000 1 1 1 1 1000000 1 1000000 1 1000000 1000000 1 1
1 1 1 1 1 1000000 1 1 1 1000000 1 1 1000000 1000000 1000000 1000000 1000000 1000000 1000000 1 1000000 1000000 1 1 1000000 1000000 1 1000000 1000000 1 1 1 1 1 1 1000000 1000000 1 1 1000000 1 1 1 1000000 1 1000000 1 1 1 1000000 1000000 1 1000000 1 1 1 1000000 1 1000000 1000000 1 1000000 1000000 1 1 1 1 1 1 1000000 1 1 1000000 1 1000000 1000000 1 1 1 1 1 1 1 1000000 1000000 1 1 1000000 1 1 1000000 1000000 1000000 1000000 1 1000000 1000000 1000000 1000000 1
1 1000000 1000000 1000000 1 1 1000000 1000000 1 1 1000000 1 1 1000000 1 1 1 1000000 1000000 1 1 1000000 1 1 1000000 1000000 1000000 1000000 1 1 1 1000000 1000000 1 1 1 1000000 1000000 1000000 1000000 1000000 1000000 1 1 1 1000000 1000000 1000000 1 1 1 1 1 1 1 1 1000000 1000000 1 1000000 1 1000000 1 1000000 1 1 1 1000000 1000000 1 1 1 1000000 1000000 1 1000000 1 1 1 1 1000000 1 1 1 1000000 1 1000000 1 1 1 1000000 1 1 1000000 1000000 1 1 1000000 1000000 1
1 1000000 1 1 1 1000000 1000000 1 1000000 1 1 1 1 1000000 1 1 1000000 1 1000000 1000000 1000000 1 1 1 1000000 1 1000000 1000000 1000000 1 1 1000000 1000000 1 1000000 1 1000000 1000000 1000000 1 1000000 1 1 1 1 1 1 1000000 1000000 1000000 1 1 1000000 1 1 1 1 1 1 1000000 1000000 1000000 1000000 1000000 1 1000000 1 1 1 1000000 1 1000000 1 1 1 1 1 1 1000000 1 1 1 1 1 1 1 1 1000000 1 1000000 1 1 1 1 1000000 1000000 1000000 1 1000000 1
1 1000000 1000000 1 1000000 1 1 1000000 1 1000000 1 1 1 1000000 1000000 1 1000000 1 1 1 1 1 1 1 1000000 1000000 1 1000000 1 1 1 1000000 1 1 1 1000000 1000000 1000000 1 1 1 1000000 1000000 1 1 1 1000000 1 1000000 1000000 1000000 1 1 1 1000000 1 1 1000000 1000000 1 1000000 1000000 1000000 1000000 1 1000000 1 1 1 1000000 1000000 1000000 1 1 1000000 1000000 1 1 1 1000000 1 1000000 1000000 1 1000000 1 1000000 1 1 1 1 1 1 1 1000000 1000000 1 1000000 1 1
1 1 1 1000000 1000000 1000000 1000000 1 1 1 1 1 1000000 1000000 1 1 1 1 1 1 1000000 1 1 1000000 1 1000000 1 1000000 1 1000000 1000000 1000000 1 1 1 1000000 1 1000000 1 1 1000000 1000000 1000000 1 1 1 1 1000000 1000000 1 1000000 1 1 1 1000000 1 1 1 1000000 1 1000000 1 1 1 1000000 1 1 1 1 1 1000000 1 1000000 1 1 1 1000000 1 1000000 1000000 1 1 1 1 1 1000000 1000000 1 1 1 1 1 1 1 1 1 1 1 1 1
1 1 1 1 1 1 1 1000000 1000000 1000000 1000000 1 1000000 1 1000000 1 1000000 1 1 1 1000000 1 1 1 1000000 1 1000000 1 1 1 1 1000000 1 1 1000000 1 1000000 1000000 1000000 1000000 1 1000000 1000000 1000000 1 1000000 1000000 1 1000000 1000000 1 1000000 1000000 1 1 1 1 1 1000000 1000000 1 1 1 1000000 1 1 1 1 1000000 1000000 1 1 1 1000000 1 1000000 1 1 1000000 1 1 1000000 1000000 1000000 1 1 1 1000000 1 1000000 1000000 1000000 1 1 1000000 1000000 1 1 1 1
1 1000000 1000000 1000000 1000000 1000000 1000000 1000000 1 1 1000000 1 1000000 1000000 1000000 1000000 1 1 1000000 1000000 1 1000000 1 1 1 1000000 1 1000000 1 1000000 1000000 1 1 1 1 1000000 1000000 1000000 1000000 1000000 1000000 1000000 1000000 1 1 1 1000000 1000000 1 1 1 1000000 1000000 1 1 1 1 1 1 1 1000000 1 1 1000000 1000000 1000000 1 1000000 1000000 1 1000000 1 1 1 1000000 1000000 1000000 1 1 1 1000000 1 1000000 1 1 1 1 1 1 1000000 1 1 1 1 1000000 1 1 1 1000000 1
1 1 1000000 1 1 1 1 1 1 1 1000000 1 1 1000000 1 1000000 1 1 1000000 1000000 1000000 1000000 1 1 1 1000000 1000000 1000000 1 1 1 1000000 1000000 1 1 1000000 1 1 1 1 1 1000000 1 1000000 1 1000000 1000000 1 1000000 1 1000000 1 1000000 1000000 1 1 1000000 1 1 1 1000000 1 1000000 1 1 1 1 1000000 1 1000000 1000000 1000000 1 1000000 1000000 1000000 1 1 1000000 1000000 1000000 1000000 1000000 1 1 1 1000000 1 1 1000000 1 1000000 1 1000000 1 1000000 1 1 1000000 1
1 1 1000000 1000000 1 1 1000000 1000000 1 1 1000000 1 1 1000000 1000000 1 1 1000000 1 1000000 1 1 1 1000000 1 1 1000000 1 1000000 1 1 1000000 1 1 1 1000000 1 1 1000000 1 1000000 1000000 1 1 1 1000000 1000000 1 1 1 1000000 1 1 1000000 1 1 1000000 1 1000000 1 1 1 1000000 1000000 1000000 1000000 1 1 1000000 1000000 1 1000000 1 1 1000000 1 1 1 1 1 1000000 1 1 1000000 1000000 1 1 1000000 1 1 1000000 1000000 1000000 1000000 1000000 1000000 1000000 1 1 1
1 1 1000000 1000000 1 1000000 1000000 1000000 1000000 1 1 1 1 1000000 1 1 1000000 1 1 1 1 1 1 1 1000000 1000000 1 1000000 1000000 1 1 1000000 1000000 1 1 1 1 1000000 1 1000000 1000000 1000000 1000000 1 1 1 1000000 1000000 1 1 1 1 1000000 1000000 1000000 1 1 1000000 1 1 1 1 1 1000000 1 1000000 1 1000000 1 1 1 1 1000000 1 1000000 1000000 1000000 1 1 1000000 1 1000000 1000000 1000000 1000000 1000000 1000000 1000000 1 1 1000000 1000000 1 1000000 1 1 1000000 1 1000000 1
1 1000000 1 1 1000000 1000000 1 1000000 1000000 1 1 1 1 1000000 1 1000000 1000000 1000000 1 1000000 1 1000000 1 1 1 1 1 1000000 1 1000000 1 1 1 1 1000000 1000000 1 1 1000000 1000000 1 1 1000000 1 1 1000000 1 1000000 1 1 1000000 1 1000000 1 1 1 1000000 1000000 1 1000000 1 1 1000000 1000000 1 1000000 1 1000000 1000000 1 1000000 1000000 1000000 1000000 1 1 1000000 1 1 1000000 1000000 1000000 1 1 1 1 1 1 1 1000000 1000000 1 1000000 1 1 1 1000000 1 1000000 1
1 1000000 1000000 1 1 1000000 1000000 1000000 1000000 1000000 1000000 1 1 1000000 1 1 1000000 1 1000000 1000000 1 1000000 1 1000000 1000000 1000000 1 1 1000000 1000000 1 1 1000000 1 1 1 1000000 1 1000000 1000000 1 1 1000000 1000000 1 1000000 1 1000000 1 1 1 1 1000000 1 1000000 1 1000000 1 1000000 1 1 1000000 1 1000000 1000000 1000000 1 1 1 1 1 1000000 1000000 1 1000000 1 1000000 1 1 1 1000000 1000000 1 1 1 1 1000000 1 1 1 1000000 1000000 1000000 1000000 1000000 1000000 1 1 1 1
1 1000000 1000000 1 1 1 1 1000000 1000000 1 1000000 1 1000000 1 1 1 1 1 1000000 1000000 1000000 1000000 1 1 1000000 1000000 1000000 1 1000000 1000000 1000000 1000000 1000000 1 1 1000000 1 1 1 1 1000000 1 1000000 1000000 1 1000000 1000000 1 1 1000000 1000000 1 1 1000000 1000000 1 1000000 1000000 1000000 1000000 1 1 1000000 1000000 1000000 1000000 1 1 1 1000000 1 1 1000000 1000000 1 1000000 1000000 1 1000000 1000000 1000000 1 1 1000000 1000000 1000000 1 1000000 1 1000000 1000000 1 1 1000000 1000000 1000000 1 1 1 1
1 1 1 1000000 1 1 1 1 1000000 1000000 1 1 1 1000000 1 1000000 1 1000000 1000000 1 1000000 1000000 1 1 1 1000000 1 1 1 1000000 1000000 1000000 1 1 1000000 1 1000000 1 1000000 1 1000000 1 1 1 1 1 1000000 1000000 1000000 1 1000000 1000000 1000000 1000000 1000000 1 1 1000000 1000000 1 1 1000000 1000000 1 1000000 1000000 1 1000000 1 1000000 1 1 1 1000000 1 1 1 1 1 1000000 1000000 1000000 1000000 1 1 1 1000000 1000000 1 1 1000000 1000000 1 1000000 1000000 1 1 1 1 1
1 1 1 1 1 1000000 1 1 1000000 1000000 1000000 1 1 1 1 1000000 1 1000000 1000000 1 1 1000000 1 1000000 1 1 1000000 1 1000000 1000000 1000000 1000000 1 1 1000000 1 1000000 1 1 1000000 1000000 1 1 1 1 1000000 1000000 1 1000000 1 1 1 1000000 1 1 1 1 1 1 1000000 1 1 1000000 1 1000000 1000000 1 1 1 1 1000000 1000000 1 1 1 1000000 1000000 1 1000000 1 1 1000000 1 1 1 1 1 1000000 1 1000000 1000000 1000000 1 1 1 1 1 1 1 1
1 1 1 1000000 1 1000000 1000000 1 1 1 1000000 1 1000000 1000000 1 1000000 1000000 1000000 1 1000000 1 1000000 1 1 1000000 1000000 1 1000000 1000000 1 1000000 1000000 1000000 1 1 1000000 1000000 1000000 1000000 1 1000000 1000000 1 1000000 1 1000000 1 1000000 1000000 1000000 1 1000000 1000000 1 1 1 1 1000000 1000000 1000000 1000000 1 1 1 1000000 1 1 1000000 1000000 1000000 1 1 1 1000000 1000000 1 1000000 1 1000000 1 1000000 1000000 1 1000000 1 1 1000000 1 1 1000000 1 1 1000000 1000000 1000000 1 1 1 1000000 1
1 1000000 1000000 1 1000000 1000000 1 1 1 1000000 1 1 1000000 1 1 1 1000000 1000000 1000000 1 1000000 1000000 1 1000000 1000000 1 1000000 1 1000000 1000000 1 1000000 1 1 1000000 1000000 1000000 1 1 1000000 1 1 1000000 1000000 1 1 1 1 1 1000000 1 1 1000000 1000000 1 1 1 1 1 1 1000000 1 1000000 1 1000000 1000000 1 1 1 1000000 1000000 1 1000000 1 1000000 1000000 1 1 1 1000000 1000000 1000000 1 1 1000000 1 1000000 1000000 1 1000000 1 1000000 1 1 1000000 1000000 1 1000000 1 1
1 1 1000000 1000000 1 1 1 1 1 1 1000000 1 1000000 1 1000000 1000000 1 1000000 1 1000000 1 1 1 1 1000000 1 1 1 1000000 1000000 1000000 1000000 1 1 1000000 1000000 1 1000000 1 1000000 1000000 1000000 1000000 1 1 1000000 1 1 1000000 1 1 1000000 1000000 1000000 1000000 1 1000000 1000000 1 1000000 1 1 1 1000000 1000000 1000000 1 1 1000000 1000000 1000000 1000000 1 1 1000000 1 1 1 1 1 1000000 1000000 1 1 1000000 1 1 1 1 1 1 1000000 1000000 1 1000000 1 1 1000000 1 1
1 1000000 1 1 1 1000000 1000000 1000000 1000000 1 1000000 1 1000000 1000000 1000000 1000000 1000000 1000000 1000000 1 1 1000000 1 1000000 1 1 1000000 1000000 1000000 1 1000000 1000000 1 1 1 1 1 1000000 1000000 1 1000000 1000000 1000000 1000000 1 1000000 1 1000000 1 1 1 1000000 1000000 1000000 1000000 1 1 1 1000000 1 1000000 1000000 1000000 1 1000000 1000000 1 1 1 1000000 1000000 1 1000000 1 1000000 1000000 1000000 1 1 1 1000000 1 1 1000000 1000000 1000000 1000000 1000000 1 1 1000000 1000000 1 1000000 1 1000000 1 1 1000000 1
1 1 1 1 1000000 1 1 1000000 1 1000000 1000000 1 1 1000000 1 1000000 1000000 1000000 1 1 1000000 1 1 1 1 1000000 1 1 1000000 1000000 1000000 1 1 1 1 1 1000000 1 1000000 1000000 1 1 1000000 1000000 1 1000000 1000000 1 1000000 1 1 1 1000000 1 1 1 1000000 1 1000000 1000000 1000000 1000000 1000000 1 1 1000000 1 1 1 1000000 1000000 1 1 1 1 1 1000000 1 1 1000000 1 1000000 1000000 1000000 1 1 1000000 1000000 1 1000000 1 1000000 1 1 1000000 1 1 1000000 1 1
1 1000000 1 1000000 1000000 1 1 1 1000000 1000000 1 1 1000000 1000000 1000000 1000000 1000000 1000000 1 1 1000000 1 1 1000000 1 1 1 1 1000000 1 1 1000000 1000000 1 1 1 1 1 1 1 1 1 1000000 1 1 1 1 1000000 1000000 1000000 1 1 1000000 1000000 1000000 1 1 1 1 1000000 1000000 1 1000000 1 1 1 1 1000000 1 1 1000000 1 1000000 1 1000000 1000000 1000000 1 1 1 1000000 1 1000000 1 1 1000000 1000000 1 1 1000000 1000000 1000000 1 1000000 1 1 1000000 1000000 1 1
1 1 1 1 1000000 1000000 1 1000000 1000000 1 1 1 1 1 1 1 1000000 1 1000000 1 1 1000000 1 1000000 1000000 1 1 1000000 1000000 1 1 1000000 1000000 1 1000000 1000000 1 1000000 1 1000000 1 1000000 1000000 1000000 1 1 1 1000000 1 1 1 1000000 1000000 1 1 1 1000000 1 1000000 1000000 1000000 1000000 1000000 1000000 1 1 1 1 1000000 1000000 1000000 1 1000000 1000000 1 1 1 1 1000000 1000000 1000000 1000000 1000000 1 1000000 1000000 1000000 1000000 1 1000000 1000000 1000000 1000000 1 1 1 1 1 1000000 1
1 1 1000000 1000000 1000000 1000000 1000000 1 1000000 1 1000000 1 1 1000000 1 1 1000000 1000000 1000000 1000000 1000000 1000000 1 1 1000000 1 1000000 1000000 1000000 1000000 1 1 1 1 1 1 1 1000000 1 1000000 1000000 1 1000000 1 1 1 1 1000000 1 1000000 1000000 1000000 1000000 1000000 1 1 1 1 1 1 1 1 1000000 1 1000000 1 1 1 1 1000000 1 1000000 1000000 1 1000000 1000000 1000000 1 1000000 1000000 1000000 1000000 1 1 1000000 1 1000000 1000000 1 1 1 1000000 1000000 1000000 1000000 1000000 1000000 1000000 1 1
1 1 1 1000000 1000000 1000000 1 1 1000000 1 1000000 1 1000000 1 1 1000000 1 1 1000000 1 1 1 1 1000000 1000000 1 1 1000000 1 1000000 1000000 1 1000000 1 1 1000000 1000000 1000000 1000000 1 1 1000000 1000000 1 1 1000000 1 1 1000000 1 1000000 1 1000000 1000000 1000000 1 1 1000000 1000000 1000000 1 1000000 1000000 1 1 1 1 1 1 1000000 1000000 1 1 1 1 1 1 1 1000000 1 1000000 1 1000000 1 1 1000000 1 1000000 1 1000000 1 1000000 1 1 1 1 1000000 1 1000000 1
1 1 1000000 1000000 1000000 1 1000000 1000000 1000000 1 1 1 1 1 1 1 1 1000000 1000000 1000000 1 1 1 1 1000000 1 1000000 1000000 1 1 1 1000000 1000000 1 1 1 1 1 1000000 1 1 1 1000000 1 1 1 1 1 1000000 1 1 1 1 1000000 1 1 1 1 1000000 1000000 1 1 1 1 1 1 1 1000000 1 1000000 1000000 1000000 1 1000000 1000000 1000000 1 1 1000000 1 1000000 1000000 1 1000000 1000000 1 1000000 1 1 1 1000000 1000000 1 1 1 1 1000000 1 1 1
1 1000000 1 1 1000000 1000000 1 1 1000000 1000000 1000000 1 1 1 1000000 1 1 1000000 1 1000000 1 1000000 1 1 1000000 1000000 1000000 1 1000000 1000000 1000000 1000000 1 1 1000000 1000000 1000000 1 1000000 1000000 1 1 1 1000000 1 1000000 1000000 1 1000000 1000000 1000000 1000000 1 1 1 1 1 1000000 1 1 1000000 1000000 1000000 1 1000000 1 1 1 1000000 1 1000000 1000000 1 1 1000000 1 1 1 1000000 1000000 1000000 1000000 1000000 1000000 1 1 1 1000000 1 1 1000000 1 1 1000000 1000000 1000000 1000000 1000000 1000000 1
1 1 1 1 1000000 1000000 1 1000000 1000000 1 1 1 1 1000000 1 1 1 1 1000000 1000000 1000000 1 1 1000000 1000000 1000000 1 1 1 1000000 1000000 1 1 1 1000000 1 1 1 1000000 1000000 1 1 1 1000000 1 1000000 1000000 1000000 1 1 1 1000000 1 1 1 1 1 1 1000000 1 1 1000000 1 1 1 1 1 1 1 1000000 1 1 1 1 1 1 1000000 1 1000000 1 1000000 1000000 1 1 1 1 1 1 1 1000000 1 1 1000000 1 1000000 1 1000000 1000000 1000000 1
1 1 1000000 1 1000000 1000000 1000000 1000000 1 1000000 1 1 1 1000000 1000000 1000000 1000000 1 1 1000000 1 1 1 1 1 1000000 1000000 1 1 1 1 1000000 1 1 1 1 1000000 1000000 1000000 1 1000000 1000000 1000000 1000000 1 1000000 1000000 1000000 1 1 1000000 1 1000000 1 1 1 1000000 1 1000000 1000000 1 1000000 1000000 1000000 1000000 1000000 1 1 1000000 1000000 1000000 1000000 1000000 1 1 1 1000000 1 1 1 1 1000000 1000000 1000000 1 1000000 1 1000000 1 1 1 1 1 1 1000000 1 1000000 1 1 1
1 1 1 1000000 1000000 1 1000000 1000000 1 1000000 1000000 1 1000000 1 1 1 1000000 1 1 1 1000000 1000000 1 1000000 1 1000000 1000000 1 1 1 1000000 1000000 1000000 1 1 1000000 1000000 1000000 1000000 1 1000000 1 1000000 1000000 1 1000000 1000000 1000000 1 1 1000000 1 1 1000000 1000000 1 1000000 1000000 1000000 1000000 1 1000000 1000000 1000000 1 1000000 1 1000000 1 1 1 1000000 1 1000000 1 1000000 1 1 1000000 1 1 1000000 1000000 1000000 1 1 1000000 1000000 1 1000000 1 1000000 1000000 1 1 1000000 1 1000000 1000000 1
1 1 1000000 1 1 1000000 1000000 1000000 1 1000000 1 1 1 1 1 1000000 1 1000000 1000000 1000000 1000000 1000000 1 1000000 1000000 1000000 1 1000000 1 1 1000000 1 1 1 1 1000000 1 1000000 1 1 1 1000000 1 1 1 1 1 1000000 1 1 1000000 1 1000000 1000000 1 1 1 1 1000000 1 1000000 1000000 1000000 1 1000000 1000000 1 1 1 1 1000000 1000000 1 1000000 1000000 1 1000000 1 1 1 1 1000000 1000000 1 1 1 1000000 1000000 1 1 1 1000000 1000000 1000000 1 1 1000000 1000000 1 1
1 1 1000000 1 1000000 1 1000000 1 1000000 1000000 1 1 1000000 1000000 1 1 1 1000000 1 1 1000000 1000000 1 1000000 1 1000000 1 1000000 1000000 1000000 1000000 1000000 1 1 1000000 1 1 1000000 1 1000000 1000000 1000000 1 1 1 1 1 1000000 1000000 1000000 1000000 1 1 1 1000000 1 1 1000000 1 1 1 1 1000000 1 1 1 1 1000000 1000000 1 1000000 1 1 1000000 1000000 1 1000000 1 1 1000000 1 1 1000000 1 1000000 1000000 1 1 1 1000000 1000000 1000000 1000000 1000000 1 1000000 1 1 1 1
1 1 1000000 1 1 1000000 1000000 1000000 1000000 1000000 1000000 1 1 1 1000000 1000000 1 1000000 1000000 1000000 1 1 1 1 1 1000000 1 1000000 1000000 1 1000000 1 1000000 1 1 1000000 1 1000000 1 1000000 1000000 1000000 1 1 1 1000000 1 1000000 1000000 1 1 1 1 1000000 1000000 1 1000000 1 1000000 1000000 1 1000000 1 1000000 1000000 1 1 1000000 1000000 1000000 1 1 1000000 1000000 1 1000000 1 1 1000000 1 1000000 1000000 1000000 1 1000000 1000000 1000000 1 1 1 1000000 1000000 1000000 1000000 1000000 1 1000000 1000000 1 1
1 1 1 1000000 1000000 1 1000000 1 1 1 1000000 1 1 1000000 1 1 1 1000000 1 1000000 1000000 1 1 1 1 1000000 1 1000000 1000000 1000000 1000000 1000000 1 1 1000000 1 1000000 1000000 1000000 1 1000000 1 1000000 1 1 1 1000000 1 1 1000000 1 1 1000000 1 1 1 1000000 1 1000000 1000000 1 1 1000000 1000000 1 1000000 1 1000000 1000000 1 1000000 1 1 1000000 1 1 1000000 1 1 1000000 1000000 1000000 1 1 1 1 1000000 1000000 1 1000000 1 1000000 1000000 1000000 1 1000000 1 1 1 1
1 1 1000000 1000000 1000000 1 1 1000000 1000000 1 1000000 1 1000000 1 1 1 1000000 1000000 1000000 1 1000000 1000000 1 1 1000000 1000000 1000000 1 1 1 1000000 1 1 1 1 1 1 1 1000000 1 1 1 1 1000000 1 1000000 1 1 1 1 1000000 1000000 1000000 1000000 1000000 1 1 1 1 1 1000000 1000000 1000000 1000000 1 1000000 1 1 1 1 1000000 1000000 1 1000000 1000000 1000000 1000000 1 1 1 1000000 1 1000000 1000000 1000000 1000000 1000000 1000000 1 1000000 1 1 1 1000000 1000000 1000000 1 1 1 1
1 1 1000000 1000000 1 1 1000000 1 1000000 1 1000000 1 1000000 1000000 1000000 1 1 1000000 1 1 1 1000000 1 1 1000000 1000000 1 1000000 1 1000000 1000000 1 1 1 1 1000000 1000000 1 1 1 1 1 1000000 1 1 1000000 1 1000000 1 1000000 1000000 1 1 1000000 1000000 1 1 1000000 1000000 1 1 1000000 1 1 1000000 1000000 1 1 1 1 1000000 1 1000000 1000000 1 1000000 1000000 1 1 1 1000000 1000000 1 1 1 1000000 1 1000000 1 1000000 1 1000000 1000000 1 1 1 1000000 1 1 1
1 1 1 1 1000000 1000000 1000000 1000000 1000000 1000000 1 1 1 1 1000000 1 1000000 1 1000000 1000000 1000000 1 1 1000000 1 1 1000000 1 1000000 1 1000000 1 1 1 1 1 1000000 1 1 1 1 1 1000000 1000000 1 1 1 1 1 1000000 1000000 1000000 1000000 1000000 1 1 1 1000000 1 1 1 1000000 1 1 1 1000000 1 1 1000000 1 1 1 1 1000000 1 1000000 1000000 1 1000000 1000000 1 1 1000000 1000000 1000000 1000000 1000000 1000000 1 1 1000000 1000000 1 1 1000000 1 1000000 1 1 1
1 1000000 1 1000000 1000000 1 1000000 1 1 1000000 1 1 1000000 1 1 1 1000000 1 1000000 1000000 1 1 1 1000000 1000000 1000000 1000000 1000000 1 1000000 1 1000000 1000000 1 1000000 1000000 1000000 1000000 1000000 1000000 1 1000000 1 1000000 1 1 1000000 1 1000000 1 1 1 1 1000000 1 1 1000000 1 1000000 1000000 1 1 1 1 1 1000000 1 1000000 1 1000000 1 1000000 1000000 1 1000000 1000000 1 1 1000000 1 1000000 1000000 1 1000000 1 1000000 1 1000000 1 1 1000000 1 1 1 1 1 1000000 1000000 1000000 1
1 1 1000000 1 1000000 1 1000000 1 1 1000000 1000000 1 1000000 1 1000000 1 1000000 1000000 1000000 1000000 1000000 1000000 1 1000000 1000000 1000000 1 1 1000000 1 1 1000000 1000000 1 1000000 1000000 1 1 1000000 1 1 1000000 1000000 1 1 1 1000000 1000000 1000000 1 1 1 1 1000000 1 1 1 1000000 1000000 1 1000000 1 1000000 1 1000000 1 1 1000000 1 1 1000000 1 1 1 1000000 1000000 1 1 1 1000000 1 1000000 1000000 1 1 1 1000000 1 1 1 1 1000000 1000000 1000000 1 1 1 1000000 1000000 1
1 1 1000000 1000000 1000000 1 1 1 1000000 1 1000000 1 1000000 1000000 1000000 1 1 1 1 1000000 1000000 1 1 1000000 1 1000000 1 1000000 1000000 1 1 1000000 1000000 1 1000000 1000000 1000000 1 1 1 1000000 1 1 1 1 1000000 1000000 1 1 1 1000000 1000000 1 1000000 1000000 1 1000000 1000000 1 1 1000000 1000000 1000000 1 1 1 1 1 1000000 1000000 1000000 1 1000000 1 1 1 1000000 1 1000000 1000000 1 1 1 1000000 1000000 1000000 1000000 1 1 1000000 1000000 1000000 1000000 1 1000000 1 1 1 1 1
1 1000000 1 1 1 1 1 1 1 1000000 1000000 1 1000000 1 1000000 1000000 1 1000000 1 1 1000000 1000000 1 1000000 1 1000000 1 1000000 1000000 1 1000000 1000000 1 1 1 1000000 1 1 1 1 1 1 1 1000000 1 1000000 1 1 1000000 1000000 1000000 1000000 1 1 1000000 1 1000000 1000000 1000000 1000000 1000000 1000000 1 1 1000000 1000000 1 1 1 1000000 1 1 1 1 1 1 1 1 1000000 1 1 1000000 1 1 1 1 1000000 1000000 1 1 1 1000000 1 1 1 1 1000000 1000000 1 1
1 1 1 1 1000000 1 1000000 1000000 1000000 1000000 1000000 1 1000000 1000000 1 1 1 1000000 1 1000000 1000000 1 1 1 1 1000000 1 1 1 1 1 1 1000000 1 1 1 1 1 1 1 1 1 1 1000000 1 1000000 1000000 1 1 1000000 1 1000000 1000000 1000000 1000000 1 1 1 1000000 1 1000000 1000000 1 1000000 1000000 1000000 1 1 1 1 1000000 1 1 1 1 1 1 1 1 1 1000000 1000000 1 1 1000000 1000000 1000000 1 1 1 1000000 1000000 1000000 1 1000000 1000000 1000000 1000000 1000000 1
1 1000000 1 1000000 1000000 1 1000000 1000000 1 1 1000000 1 1000000 1 1000000 1 1 1000000 1000000 1 1 1000000 1 1 1 1 1 1000000 1000000 1 1000000 1000000 1000000 1 1 1 1 1 1 1000000 1000000 1 1 1000000 1 1 1000000 1 1 1000000 1000000 1000000 1000000 1000000 1000000 1 1 1 1000000 1000000 1000000 1000000 1000000 1 1 1 1 1000000 1000000 1 1 1000000 1000000 1000000 1 1 1000000 1 1000000 1 1 1 1 1 1 1000000 1000000 1 1 1 1 1 1000000 1 1 1 1000000 1000000 1000000 1
1 1 1 1000000 1 1 1 1 1 1 1 1 1 1 1000000 1000000 1000000 1 1 1 1 1 1 1 1 1 1000000 1000000 1 1000000 1 1 1 1 1000000 1 1 1000000 1 1 1000000 1000000 1 1 1 1000000 1 1000000 1000000 1 1 1000000 1 1 1000000 1 1000000 1 1000000 1 1 1000000 1000000 1000000 1 1000000 1 1 1 1000000 1000000 1000000 1 1000000 1000000 1 1000000 1 1000000 1000000 1 1 1000000 1 1000000 1 1 1 1 1 1000000 1000000 1000000 1 1 1 1000000 1 1 1
1 1 1 1 1000000 1000000 1 1000000 1 1000000 1000000 1 1 1000000 1 1000000 1 1000000 1000000 1000000 1 1 1 1000000 1 1 1000000 1 1 1 1000000 1 1 1 1000000 1000000 1000000 1 1 1000000 1 1000000 1 1000000 1 1 1 1 1000000 1000000 1000000 1 1 1000000 1000000 1 1 1000000 1000000 1 1 1000000 1000000 1 1 1000000 1 1 1 1 1000000 1 1000000 1000000 1 1 1 1 1 1000000 1 1 1000000 1 1 1 1 1000000 1 1000000 1 1000000 1000000 1 1000000 1000000 1000000 1 1000000 1
1 1000000 1000000 1000000 1000000 1 1000000 1 1000000 1000000 1000000 1 1 1 1000000 1000000 1000000 1 1000000 1000000 1 1 1 1000000 1000000 1000000 1000000 1 1000000 1000000 1000000 1 1000000 1 1000000 1000000 1000000 1 1000000 1000000 1000000 1000000 1000000 1000000 1 1 1 1000000 1000000 1 1 1000000 1000000 1000000 1 1 1 1 1 1000000 1 1000000 1000000 1 1000000 1 1 1 1000000 1 1000000 1000000 1 1 1 1 1000000 1 1000000 1 1 1 1000000 1000000 1 1 1 1000000 1 1 1000000 1 1000000 1 1000000 1000000 1 1000000 1 1
1 1 1 1 1000000 1000000 1000000 1000000 1000000 1000000 1 1 1 1000000 1 1000000 1000000 1000000 1 1000000 1000000 1 1 1 1 1000000 1 1000000 1 1 1 1 1000000 1 1000000 1 1000000 1000000 1000000 1000000 1 1 1 1000000 1 1000000 1000000 1000000 1000000 1000000 1000000 1000000 1000000 1 1000000 1 1000000 1000000 1000000 1000000 1000000 1000000 1000000 1 1000000 1 1 1 1 1 1 1 1000000 1000000 1 1000000 1 1 1 1 1000000 1 1000000 1000000 1000000 1000000 1 1000000 1 1000000 1000000 1 1 1000000 1 1 1 1 1 1
1 1 1 1000000 1000000 1 1 1000000 1 1000000 1 1 1 1000000 1 1000000 1 1000000 1 1 1 1 1 1000000 1000000 1000000 1 1 1 1000000 1000000 1000000 1000000 1 1 1 1 1 1000000 1 1 1 1 1 1 1000000 1000000 1000000 1 1 1000000 1000000 1000000 1000000 1000000 1 1000000 1000000 1000000 1 1000000 1000000 1000000 1000000 1 1 1 1000000 1000000 1 1 1 1 1000000 1 1 1 1 1000000 1000000 1000000 1 1000000 1 1000000 1 1000000 1000000 1 1000000 1000000 1000000 1000000 1000000 1 1000000 1000000 1000000 1 1
1 1 1000000 1000000 1000000 1 1000000 1 1 1000000 1000000 1 1000000 1 1000000 1000000 1000000 1 1 1000000 1000000 1 1 1 1 1000000 1000000 1000000 1000000 1000000 1000000 1000000 1000000 1 1 1 1000000 1 1000000 1000000 1 1 1 1000000 1 1000000 1 1000000 1 1000000 1 1000000 1 1000000 1 1 1 1000000 1 1000000 1000000 1 1000000 1000000 1 1 1 1 1 1000000 1 1 1000000 1000000 1 1000000 1000000 1 1 1 1000000 1 1 1 1 1 1 1 1 1000000 1000000 1000000 1000000 1000000 1 1 1000000 1000000 1 1
1 1 1000000 1 1000000 1 1000000 1 1000000 1000000 1000000 1 1 1 1000000 1000000 1000000 1000000 1 1 1000000 1000000 1 1000000 1 1 1 1000000 1 1 1 1000000 1 1 1 1 1000000 1 1000000 1 1 1000000 1 1000000 1 1 1 1 1 1 1 1 1000000 1000000 1000000 1 1000000 1 1000000 1000000 1000000 1000000 1 1 1000000 1 1 1 1 1 1000000 1 1 1 1000000 1000000 1000000 1 1000000 1 1 1000000 1 1 1000000 1000000 1 1 1 1000000 1000000 1000000 1 1000000 1000000 1 1000000 1 1000000 1
1 1 1000000 1000000 1000000 1000000 1000000 1 1 1000000 1 1 1 1000000 1 1000000 1000000 1 1000000 1 1000000 1000000 1 1 1000000 1 1 1 1000000 1000000 1 1 1 1 1000000 1000000 1000000 1000000 1000000 1000000 1000000 1000000 1 1 1 1 1000000 1000000 1000000 1000000 1 1 1 1000000 1000000 1 1 1000000 1 1000000 1000000 1000000 1 1 1 1000000 1 1000000 1 1 1 1000000 1000000 1 1 1 1 1 1 1000000 1 1000000 1000000 1 1 1000000 1000000 1 1 1000000 1000000 1 1 1000000 1000000 1000000 1 1 1000000 1
1 1000000 1 1000000 1000000 1 1 1000000 1 1000000 1000000 1 1 1 1000000 1 1 1000000 1000000 1 1 1 1 1000000 1 1000000 1000000 1000000 1 1 1 1000000 1000000 1 1000000 1000000 1000000 1 1000000 1 1 1000000 1000000 1000000 1 1 1000000 1 1000000 1 1 1 1 1000000 1 1 1000000 1000000 1000000 1000000 1000000 1000000 1 1 1 1000000 1 1 1000000 1 1000000 1000000 1 1 1 1000000 1 1 1000000 1 1000000 1 1 1000000 1000000 1 1 1000000 1 1 1 1000000 1000000 1 1000000 1000000 1000000 1000000 1000000 1
1 1 1000000 1 1000000 1 1000000 1 1 1 1 1 1000000 1000000 1 1000000 1000000 1 1000000 1000000 1000000 1 1 1 1000000 1 1 1 1 1000000 1000000 1 1000000 1 1000000 1 1000000 1 1 1000000 1000000 1 1 1000000 1 1 1000000 1 1 1 1000000 1000000 1 1000000 1000000 1 1000000 1 1 1000000 1 1000000 1 1000000 1 1000000 1 1 1 1 1000000 1000000 1000000 1 1 1 1000000 1 1000000 1000000 1 1 1000000 1 1000000 1000000 1 1000000 1 1000000 1 1000000 1 1 1000000 1 1000000 1 1 1
1 1000000 1 1 1000000 1000000 1 1000000 1 1000000 1000000 1 1 1000000 1 1000000 1 1 1000000 1 1000000 1000000 1 1000000 1 1000000 1 1 1000000 1000000 1000000 1000000 1 1 1000000 1000000 1 1 1000000 1 1000000 1000000 1000000 1 1 1000000 1 1000000 1 1000000 1 1000000 1000000 1 1 1 1 1000000 1000000 1000000 1 1 1000000 1000000 1000000 1000000 1 1000000 1 1000000 1 1000000 1 1 1000000 1000000 1000000 1 1 1 1 1000000 1 1 1 1000000 1000000 1000000 1 1000000 1000000 1000000 1 1000000 1000000 1 1 1 1000000 1
1 1 1 1 1 1000000 1 1 1000000 1 1000000 1 1 1 1 1000000 1 1 1 1000000 1000000 1000000 1 1000000 1 1 1 1 1 1 1000000 1000000 1 1 1 1000000 1000000 1 1000000 1000000 1000000 1 1000000 1000000 1 1 1 1 1000000 1000000 1 1000000 1 1000000 1 1 1 1000000 1 1000000 1 1 1 1 1 1 1 1000000 1 1000000 1 1000000 1 1 1000000 1000000 1000000 1 1000000 1 1 1 1 1 1000000 1000000 1000000 1000000 1 1 1000000 1 1000000 1000000 1000000 1 1000000 1 1000000 1
1 1000000 1 1000000 1000000 1 1 1 1000000 1 1 1 1000000 1000000 1 1 1 1000000 1000000 1000000 1 1 1 1000000 1 1 1 1000000 1000000 1000000 1000000 1000000 1000000 1 1 1 1000000 1000000 1 1 1 1000000 1 1 1 1 1 1000000 1 1000000 1000000 1000000 1000000 1 1 1 1000000 1000000 1 1000000 1000000 1 1 1 1 1 1 1000000 1000000 1000000 1000000 1 1 1 1000000 1 1000000 1 1000000 1 1 1000000 1 1 1 1000000 1000000 1000000 1 1000000 1000000 1000000 1000000 1 1000000 1 1 1000000 1000000 1
1 1 1 1 1000000 1000000 1000000 1 1 1 1000000 1 1 1000000 1000000 1000000 1 1 1 1 1000000 1000000 1 1 1000000 1000000 1 1 1 1000000 1000000 1000000 1 1 1 1000000 1000000 1000000 1000000 1 1000000 1 1000000 1000000 1 1 1 1000000 1 1 1000000 1000000 1 1 1 1 1 1000000 1000000 1000000 1 1 1 1000000 1000000 1000000 1 1 1 1000000 1 1000000 1000000 1 1000000 1000000 1 1 1 1 1000000 1 1 1000000 1 1 1 1000000 1 1 1 1000000 1 1 1 1000000 1 1 1 1
1 1 1000000 1000000 1 1000000 1 1 1 1 1000000 1 1 1000000 1 1000000 1000000 1 1 1000000 1 1 1 1000000 1 1 1 1000000 1000000 1000000 1 1 1 1 1 1 1 1 1000000 1 1 1000000 1000000 1000000 1 1000000 1 1000000 1 1 1 1000000 1 1 1000000 1 1000000 1 1 1000000 1000000 1 1000000 1 1000000 1000000 1 1 1000000 1000000 1000000 1 1 1 1000000 1000000 1 1 1000000 1 1 1 1000000 1 1 1000000 1000000 1000000 1 1 1000000 1 1000000 1 1000000 1000000 1000000 1000000 1 1
1 1 1 1000000 1000000 1000000 1 1 1 1000000 1000000 1 1000000 1000000 1000000 1000000 1000000 1000000 1 1 1 1000000 1 1000000 1000000 1000000 1000000 1000000 1000000 1 1000000 1 1 1 1 1000000 1000000 1000000 1 1000000 1 1000000 1000000 1 1 1000000 1 1000000 1000000 1000000 1000000 1000000 1 1000000 1 1 1 1000000 1000000 1000000 1 1 1000000 1000000 1 1000000 1 1 1 1000000 1 1 1 1000000 1 1 1 1 1 1000000 1 1000000 1000000 1 1 1000000 1000000 1 1 1 1 1 1000000 1 1000000 1 1 1000000 1000000 1
1 1 1 1 1000000 1 1000000 1 1 1 1000000 1 1 1000000 1000000 1000000 1 1000000 1000000 1 1000000 1000000 1 1000000 1000000 1000000 1 1 1 1000000 1 1 1 1 1 1 1 1 1000000 1000000 1000000 1 1000000 1 1 1000000 1 1 1000000 1000000 1000000 1000000 1000000 1 1 1 1 1 1 1000000 1000000 1000000 1000000 1000000 1 1000000 1 1 1000000 1 1 1 1 1000000 1000000 1 1 1 1000000 1 1000000 1000000 1000000 1000000 1000000 1000000 1000000 1000000 1 1000000 1000000 1 1000000 1 1 1 1000000 1 1 1
1 1 1000000 1000000 1 1000000 1 1000000 1000000 1 1 1 1 1 1000000 1000000 1000000 1000000 1 1 1000000 1 1 1000000 1 1 1000000 1 1000000 1000000 1000000 1000000 1000000 1 1000000 1 1 1000000 1 1000000 1 1000000 1000000 1 1 1 1 1 1000000 1000000 1 1000000 1 1 1000000 1 1 1000000 1000000 1000000 1000000 1000000 1 1000000 1000000 1000000 1 1000000 1000000 1 1000000 1000000 1 1 1000000 1000000 1 1 1 1000000 1000000 1000000 1000000 1 1 1 1 1000000 1 1 1000000 1 1000000 1000000 1 1000000 1000000 1 1 1
1 1 1000000 1 1 1 1 1 1000000 1000000 1 1 1 1 1 1000000 1000000 1 1000000 1 1 1 1 1 1000000 1000000 1000000 1000000 1 1000000 1000000 1 1000000 1 1 1000000 1000000 1000000 1 1 1 1 1000000 1 1 1000000 1 1000000 1 1000000 1 1000000 1000000 1 1 1 1 1000000 1 1000000 1000000 1 1000000 1000000 1 1000000 1 1 1000000 1000000 1 1000000 1 1000000 1000000 1 1 1 1 1000000 1 1000000 1 1000000 1000000 1 1 1 1 1000000 1 1000000 1 1000000 1000000 1 1000000 1 1 1
1 1000000 1000000 1 1 1 1000000 1 1 1 1 1 1000000 1 1 1000000 1000000 1 1 1000000 1 1 1 1000000 1 1 1000000 1000000 1000000 1 1000000 1000000 1 1 1000000 1 1000000 1000000 1000000 1000000 1 1000000 1 1 1 1000000 1 1 1000000 1000000 1000000 1 1 1000000 1 1 1 1 1000000 1 1 1000000 1 1000000 1 1000000 1 1 1 1000000 1000000 1000000 1000000 1 1 1000000 1000000 1 1 1000000 1 1000000 1000000 1 1000000 1 1 1000000 1 1 1 1 1 1000000 1 1 1000000 1 1000000 1
1 1000000 1000000 1 1000000 1000000 1 1 1000000 1000000 1 1 1000000 1 1000000 1000000 1 1000000 1000000 1000000 1 1000000 1 1000000 1000000 1 1000000 1000000 1000000 1 1 1000000 1000000 1 1 1000000 1000000 1 1000000 1 1 1000000 1 1000000 1 1 1000000 1 1000000 1 1000000 1 1000000 1 1 1 1000000 1000000 1 1000000 1000000 1 1000000 1000000 1000000 1000000 1 1 1000000 1 1000000 1 1 1 1 1000000 1000000 1 1 1000000 1 1 1 1000000 1000000 1000000 1 1 1 1 1000000 1000000 1000000 1000000 1 1000000 1000000 1000000 1000000 1
1 1 1 1000000 1 1 1000000 1000000 1000000 1000000 1000000 1 1 1 1 1000000 1000000 1000000 1000000 1 1000000 1 1 1000000 1000000 1000000 1000000 1 1000000 1000000 1 1 1 1 1 1 1000000 1000000 1 1000000 1000000 1000000 1000000 1000000 1 1 1000000 1 1000000 1 1 1 1 1000000 1 1 1000000 1000000 1 1000000 1000000 1 1000000 1000000 1 1000000 1 1000000 1 1000000 1000000 1000000 1000000 1 1 1 1 1 1 1000000 1000000 1000000 1 1000000 1000000 1 1000000 1 1 1000000 1000000 1000000 1 1000000 1000000 1000000 1 1000000 1000000 1
1 1000000 1000000 1000000 1000000 1000000 1000000 1000000 1000000 1000000 1 1 1 1 1000000 1000000 1 1000000 1000000 1000000 1000000 1 1 1000000 1000000 1 1000000 1 1 1 1000000 1 1 1 1 1 1000000 1 1 1 1 1000000 1 1 1 1000000 1 1000000 1000000 1 1000000 1 1000000 1000000 1000000 1 1000000 1000000 1 1 1000000 1000000 1000000 1 1 1 1 1000000 1000000 1000000 1 1000000 1 1000000 1000000 1 1000000 1 1000000 1 1000000 1 1 1000000 1 1000000 1 1 1 1 1000000 1 1000000 1 1000000 1 1000000 1 1 1
1 1 1 1000000 1000000 1000000 1000000 1 1000000 1 1 1 1000000 1 1000000 1000000 1 1 1000000 1000000 1 1000000 1 1 1 1 1000000 1000000 1 1 1 1 1000000 1 1 1 1 1 1 1000000 1 1000000 1000000 1 1 1 1 1000000 1000000 1 1 1000000 1 1 1000000 1 1 1000000 1 1000000 1000000 1000000 1000000 1 1000000 1000000 1 1000000 1000000 1 1 1 1 1000000 1 1000000 1 1 1000000 1 1 1000000 1000000 1000000 1 1 1000000 1000000 1 1000000 1 1000000 1 1 1 1000000 1 1 1000000 1
1 1000000 1 1 1000000 1 1000000 1 1 1000000 1000000 1 1000000 1 1 1 1 1 1 1 1 1000000 1 1000000 1000000 1000000 1000000 1 1000000 1 1000000 1000000 1 1 1000000 1000000 1 1 1000000 1 1000000 1000000 1 1000000 1 1 1000000 1000000 1000000 1 1000000 1000000 1000000 1000000 1 1 1000000 1 1 1 1 1000000 1000000 1000000 1000000 1000000 1 1000000 1000000 1000000 1000000 1000000 1 1 1000000 1 1 1 1 1000000 1 1 1 1 1000000 1 1000000 1000000 1 1000000 1 1 1 1 1 1 1 1 1000000 1
1 1000000 1000000 1000000 1 1 1 1000000 1 1000000 1 1 1 1000000 1000000 1000000 1000000 1 1 1000000 1 1000000 1 1000000 1 1000000 1000000 1 1 1 1000000 1000000 1000000 1 1000000 1000000 1000000 1000000 1 1000000 1000000 1 1000000 1000000 1 1000000 1 1000000 1 1 1 1 1000000 1000000 1000000 1 1000000 1000000 1000000 1000000 1000000 1000000 1 1 1 1 1 1000000 1 1000000 1000000 1 1 1000000 1 1000000 1 1 1 1000000 1000000 1000000 1 1 1 1 1000000 1000000 1 1000000 1000000 1 1000000 1000000 1000000 1000000 1 1000000 1 1
1 1000000 1000000 1 1 1 1000000 1 1000000 1000000 1000000 1 1 1000000 1000000 1000000 1000000 1 1000000 1000000 1000000 1000000 1 1 1000000 1000000 1000000 1000000 1 1 1 1000000 1000000 1 1 1000000 1 1000000 1 1 1000000 1000000 1000000 1 1 1000000 1 1 1 1000000 1000000 1000000 1 1000000 1 1 1000000 1000000 1 1 1 1000000 1 1000000 1000000 1 1 1000000 1000000 1 1000000 1000000 1000000 1000000 1 1 1 1 1 1000000 1000000 1 1000000 1 1 1000000 1 1 1 1000000 1 1 1 1 1000000 1 1000000 1000000 1000000 1
1 1000000 1000000 1 1 1 1 1000000 1000000 1 1 1 1000000 1000000 1000000 1 1000000 1000000 1 1000000 1 1000000 1 1 1000000 1000000 1000000 1000000 1000000 1 1 1000000 1000000 1 1 1000000 1000000 1000000 1000000 1 1 1000000 1 1000000 1 1 1000000 1 1 1000000 1000000 1000000 1 1 1 1 1000000 1 1 1000000 1 1000000 1000000 1000000 1 1 1 1000000 1000000 1000000 1 1 1 1000000 1000000 1000000 1 1 1000000 1000000 1 1000000 1 1 1 1000000 1 1000000 1 1 1 1000000 1 1 1000000 1 1 1000000 1000000 1
1 1000000 1000000 1000000 1 1000000 1000000 1000000 1000000 1 1 1 1000000 1000000 1 1000000 1 1000000 1000000 1000000 1000000 1000000 1 1 1 1000000 1 1 1 1 1 1 1000000 1 1000000 1 1 1000000 1000000 1000000 1 1 1 1 1 1000000 1000000 1 1000000 1000000 1000000 1 1 1000000 1 1 1 1 1000000 1 1000000 1 1000000 1 1000000 1000000 1 1000000 1000000 1000000 1 1000000 1000000 1000000 1000000 1 1000000 1 1 1 1 1 1 1 1000000 1000000 1 1000000 1 1 1000000 1000000 1 1000000 1 1 1000000 1 1000000 1
1 1 1000000 1000000 1 1 1 1000000 1 1 1000000 1 1000000 1 1000000 1 1 1000000 1 1 1000000 1 1 1000000 1 1000000 1000000 1 1000000 1000000 1000000 1 1000000 1 1 1000000 1 1000000 1000000 1000000 1000000 1000000 1 1 1 1 1 1000000 1000000 1 1 1 1000000 1 1 1 1 1000000 1000000 1000000 1000000 1 1 1000000 1000000 1000000 1 1000000 1000000 1000000 1000000 1000000 1 1 1 1 1000000 1 1000000 1 1 1000000 1000000 1 1000000 1 1000000 1000000 1 1000000 1 1 1000000 1 1 1000000 1000000 1000000 1 1
1 1000000 1 1 1000000 1000000 1 1000000 1 1 1 1 1 1000000 1000000 1 1 1 1 1 1 1 1 1000000 1000000 1000000 1 1 1 1 1 1000000 1000000 1 1 1 1 1000000 1000000 1 1 1000000 1 1000000 1 1 1 1 1000000 1000000 1 1 1000000 1000000 1 1 1000000 1 1000000 1 1000000 1 1000000 1000000 1 1 1 1 1000000 1000000 1000000 1000000 1 1000000 1000000 1 1 1 1000000 1 1000000 1000000 1 1 1 1000000 1 1000000 1 1000000 1000000 1000000 1000000 1 1000000 1 1000000 1000000 1000000 1
1 1 1000000 1 1 1000000 1000000 1 1000000 1 1000000 1 1 1 1 1 1 1000000 1 1 1000000 1000000 1 1 1000000 1 1 1 1000000 1 1000000 1000000 1000000 1 1 1000000 1 1000000 1000000 1 1000000 1 1000000 1 1 1 1000000 1 1 1000000 1 1000000 1 1000000 1 1 1000000 1000000 1000000 1000000 1 1 1 1000000 1000000 1000000 1 1000000 1 1 1000000 1000000 1 1 1 1000000 1 1 1 1000000 1 1000000 1000000 1 1 1 1 1 1 1000000 1000000 1000000 1000000 1000000 1000000 1 1000000 1 1 1
1 1000000 1000000 1000000 1 1 1 1000000 1 1 1000000 1 1000000 1 1 1 1000000 1000000 1 1000000 1 1 1 1 1 1000000 1 1000000 1000000 1000000 1 1000000 1000000 1 1 1 1 1 1 1000000 1 1 1000000 1000000 1 1000000 1000000 1 1000000 1000000 1 1 1000000 1000000 1 1 1 1000000 1 1000000 1 1000000 1 1 1 1000000 1 1 1000000 1 1000000 1000000 1 1 1 1000000 1000000 1 1 1000000 1000000 1 1 1000000 1 1 1000000 1000000 1 1 1 1 1000000 1 1 1 1 1000000 1 1
1 1 1000000 1000000 1 1000000 1 1 1000000 1 1 1 1000000 1000000 1000000 1 1 1 1 1000000 1 1 1 1 1 1000000 1 1000000 1 1 1 1 1000000 1 1000000 1 1 1000000 1 1 1000000 1000000 1000000 1 1 1 1000000 1000000 1000000 1000000 1000000 1000000 1 1000000 1000000 1 1000000 1000000 1 1000000 1 1 1000000 1 1000000 1000000 1 1 1000000 1000000 1 1000000 1000000 1 1 1 1 1 1 1000000 1 1 1 1 1000000 1000000 1000000 1 1 1000000 1 1 1 1 1 1000000 1 1 1000000 1
1 1000000 1000000 1 1000000 1000000 1 1 1 1 1000000 1 1000000 1 1 1 1 1 1 1 1000000 1 1 1 1 1000000 1 1000000 1000000 1000000 1 1 1 1 1 1 1000000 1000000 1 1000000 1 1000000 1000000 1 1 1 1000000 1 1000000 1 1000000 1 1 1 1000000 1 1000000 1 1 1 1000000 1000000 1000000 1 1 1000000 1 1000000 1000000 1 1 1 1 1 1 1 1000000 1 1000000 1000000 1000000 1000000 1000000 1000000 1 1 1 1000000 1 1 1000000 1 1 1 1000000 1000000 1 1 1000000 1
1 1 1000000 1000000 1000000 1 1 1 1000000 1000000 1000000 1 1 1 1000000 1 1000000 1000000 1 1 1 1 1 1000000 1 1 1000000 1000000 1000000 1000000 1000000 1 1 1 1000000 1 1000000 1000000 1 1000000 1000000 1 1 1000000 1 1 1 1000000 1 1000000 1 1000000 1 1 1000000 1 1 1 1 1 1000000 1000000 1000000 1 1 1 1 1000000 1000000 1000000 1 1 1 1 1 1 1 1 1000000 1 1 1 1000000 1 1 1000000 1000000 1 1 1 1000000 1 1000000 1 1 1 1 1000000 1000000 1
1 1 1000000 1 1000000 1000000 1000000 1 1000000 1 1000000 1 1 1000000 1 1 1000000 1 1 1000000 1000000 1000000 1 1 1 1000000 1000000 1000000 1 1 1 1000000 1 1 1 1 1 1 1000000 1000000 1000000 1 1000000 1000000 1 1000000 1000000 1 1 1000000 1000000 1 1000000 1 1000000 1 1000000 1 1000000 1000000 1000000 1000000 1000000 1000000 1000000 1 1 1000000 1 1000000 1 1 1000000 1000000 1000000 1000000 1 1 1 1000000 1000000 1000000 1000000 1000000 1000000 1000000 1 1000000 1 1 1 1 1000000 1000000 1 1000000 1000000 1 1000000 1
1 1000000 1000000 1000000 1 1 1 1000000 1000000 1 1 1 1000000 1000000 1 1000000 1 1 1000000 1 1000000 1000000 1 1000000 1 1 1000000 1000000 1000000 1 1 1 1 1 1 1 1 1000000 1 1 1 1000000 1000000 1000000 1 1000000 1 1 1 1000000 1 1000000 1000000 1000000 1000000 1 1 1000000 1000000 1000000 1000000 1000000 1000000 1 1000000 1 1 1 1000000 1000000 1000000 1000000 1 1 1000000 1000000 1000000 1 1 1 1000000 1 1 1000000 1 1000000 1000000 1 1 1 1000000 1 1000000 1000000 1 1000000 1000000 1000000 1 1
1 1 1000000 1 1 1000000 1 1000000 1000000 1000000 1 1 1 1 1 1 1000000 1000000 1000000 1000000 1000000 1000000 1 1 1 1 1 1 1000000 1000000 1 1000000 1000000 1 1 1 1 1 1000000 1000000 1000000 1000000 1000000 1 1 1000000 1000000 1 1000000 1 1 1 1 1 1000000 1 1 1000000 1000000 1 1 1 1000000 1 1000000 1000000 1 1000000 1000000 1000000 1000000 1 1 1 1 1000000 1000000 1 1 1 1 1 1 1 1000000 1000000 1 1000000 1 1 1000000 1 1000000 1000000 1000000 1000000 1000000 1 1000000 1
1 1 1 1 1000000 1000000 1 1000000 1000000 1 1000000 1 1 1000000 1000000 1 1 1 1000000 1000000 1 1000000 1 1000000 1 1 1 1000000 1000000 1 1000000 1 1 1 1000000 1 1 1 1000000 1 1 1 1000000 1000000 1 1000000 1000000 1000000 1 1 1 1000000 1000000 1 1 1 1 1 1 1 1 1000000 1000000 1 1000000 1000000 1 1000000 1000000 1 1000000 1000000 1 1 1000000 1000000 1 1 1000000 1 1 1 1 1 1000000 1 1 1 1 1000000 1000000 1000000 1 1000000 1000000 1 1000000 1000000 1 1
1 1000000 1000000 1000000 1 1 1 1 1000000 1 1000000 1 1 1 1 1000000 1 1 1000000 1000000 1000000 1 1 1 1 1 1000000 1 1 1000000 1 1000000 1000000 1 1000000 1 1000000 1 1000000 1 1 1000000 1000000 1000000 1 1 1 1000000 1 1000000 1000000 1 1 1 1000000 1 1000000 1000000 1 1 1000000 1000000 1000000 1 1000000 1000000 1 1 1000000 1000000 1000000 1 1 1 1 1000000 1 1 1000000 1000000 1 1 1 1000000 1 1000000 1 1 1 1 1000000 1 1000000 1 1000000 1000000 1000000 1 1000000 1
1 1000000 1 1000000 1000000 1 1 1 1 1000000 1 1 1000000 1 1 1 1000000 1000000 1 1 1 1 1 1000000 1 1 1000000 1 1000000 1 1000000 1 1 1 1 1 1 1000000 1 1000000 1 1 1000000 1 1 1000000 1 1000000 1000000 1000000 1000000 1 1 1000000 1 1 1 1000000 1000000 1 1 1000000 1 1000000 1000000 1000000 1 1000000 1 1000000 1 1 1000000 1 1000000 1000000 1000000 1 1 1 1 1 1000000 1000000 1000000 1 1000000 1 1 1 1 1 1 1 1000000 1 1 1 1 1
1 1 1 1 1 1000000 1 1000000 1000000 1000000 1000000 1 1 1 1000000 1000000 1000000 1 1 1000000 1000000 1000000 1 1 1000000 1 1000000 1 1000000 1 1 1000000 1 1 1000000 1000000 1 1000000 1 1000000 1 1 1 1000000 1 1000000 1 1000000 1000000 1000000 1000000 1 1 1 1 1 1 1000000 1 1 1000000 1 1 1 1000000 1000000 1 1000000 1 1 1 1000000 1000000 1 1000000 1000000 1000000 1 1 1000000 1000000 1000000 1 1000000 1 1 1 1 1 1 1 1 1 1 1000000 1000000 1000000 1000000 1000000 1
1 1000000 1000000 1000000 1 1 1 1000000 1 1 1 1 1 1000000 1000000 1000000 1 1000000 1 1 1 1000000 1 1 1000000 1 1 1 1000000 1 1 1 1000000 1 1 1000000 1000000 1 1 1000000 1000000 1000000 1000000 1000000 1 1000000 1000000 1000000 1 1 1000000 1000000 1 1 1 1 1 1000000 1000000 1 1000000 1000000 1000000 1 1 1000000 1 1000000 1000000 1 1 1 1 1 1000000 1000000 1000000 1 1 1000000 1 1 1000000 1000000 1 1000000 1 1000000 1 1000000 1000000 1 1000000 1 1 1000000 1000000 1000000 1000000 1
1 1 1000000 1000000 1000000 1000000 1000000 1 1 1 1000000 1 1 1 1000000 1000000 1000000 1 1000000 1 1 1 1 1000000 1 1000000 1 1 1000000 1000000 1 1000000 1000000 1 1 1 1 1 1 1000000 1 1 1000000 1000000 1 1000000 1000000 1 1 1000000 1 1 1000000 1 1 1 1000000 1000000 1000000 1 1 1 1 1 1 1000000 1 1 1000000 1 1000000 1 1 1000000 1000000 1000000 1000000 1 1000000 1000000 1000000 1000000 1 1000000 1 1 1 1000000 1 1000000 1 1 1000000 1000000 1000000 1000000 1 1 1000000 1
1 1 1 1 1 1 1000000 1 1 1000000 1000000 1 1 1 1 1 1000000 1 1000000 1 1000000 1 1 1 1000000 1 1000000 1000000 1 1000000 1 1 1 1 1 1 1000000 1 1 1 1 1 1000000 1 1 1000000 1 1 1000000 1000000 1000000 1 1 1000000 1 1 1 1 1000000 1 1 1000000 1 1 1000000 1 1 1 1 1000000 1 1000000 1 1 1000000 1 1 1 1 1 1 1000000 1 1 1 1000000 1 1000000 1 1000000 1 1 1000000 1 1 1000000 1 1 1000000 1
1 1 1 1 1000000 1000000 1 1 1000000 1000000 1 1 1 1 1 1000000 1 1 1000000 1 1000000 1000000 1 1000000 1 1000000 1 1 1000000 1 1 1000000 1000000 1 1000000 1000000 1000000 1000000 1000000 1 1000000 1000000 1 1000000 1 1 1 1000000 1000000 1000000 1 1 1 1000000 1 1 1 1000000 1000000 1 1000000 1 1 1000000 1 1 1 1000000 1 1 1 1000000 1000000 1 1000000 1 1 1 1000000 1 1 1 1000000 1000000 1000000 1000000 1 1 1 1 1 1000000 1000000 1000000 1 1000000 1000000 1000000 1000000 1
1 1000000 1 1000000 1000000 1000000 1 1000000 1 1000000 1000000 1 1 1000000 1000000 1 1 1 1 1000000 1 1000000 1 1000000 1000000 1 1 1 1000000 1000000 1 1000000 1 1 1 1000000 1 1 1 1 1 1 1 1 1 1000000 1000000 1000000 1 1 1 1 1 1000000 1000000 1 1000000 1 1 1000000 1000000 1 1 1000000 1 1000000 1 1000000 1 1 1000000 1 1 1000000 1 1000000 1000000 1 1000000 1 1 1000000 1 1 1 1000000 1000000 1 1 1 1 1 1000000 1 1 1 1 1 1000000 1
1 1000000 1000000 1000000 1 1000000 1000000 1000000 1 1000000 1000000 1 1 1000000 1 1 1 1000000 1 1000000 1 1000000 1 1 1000000 1 1000000 1 1000000 1000000 1 1000000 1 1 1 1 1 1 1 1 1 1 1 1000000 1 1000000 1000000 1000000 1 1000000 1 1 1 1000000 1000000 1 1 1 1 1 1000000 1000000 1000000 1000000 1000000 1000000 1 1 1 1 1 1000000 1000000 1 1000000 1000000 1 1 1000000 1000000 1000000 1 1 1000000 1 1 1000000 1000000 1 1 1000000 1000000 1 1 1000000 1000000 1000000 1 1000000 1
1 1 1000000 1 1 1000000 1000000 1 1 1 1 1 1 1000000 1000000 1000000 1000000 1000000 1000000 1000000 1000000 1 1 1 1 1 1 1 1 1000000 1 1 1000000 1 1 1 1 1000000 1 1 1 1000000 1000000 1000000 1 1 1 1 1 1000000 1 1 1 1000000 1 1 1 1000000 1000000 1 1000000 1 1000000 1000000 1 1 1 1 1 1000000 1 1 1000000 1000000 1000000 1 1 1 1000000 1000000 1 1 1000000 1 1000000 1000000 1 1000000 1 1 1 1 1 1000000 1 1 1 1 1000000 1
1 1000000 1000000 1 1000000 1 1000000 1 1000000 1 1000000 1 1000000 1 1 1000000 1 1 1 1 1000000 1000000 1 1 1 1 1 1 1000000 1 1 1000000 1 1 1000000 1 1000000 1 1000000 1000000 1 1 1 1000000 1 1 1 1000000 1000000 1 1000000 1000000 1000000 1 1000000 1 1 1000000 1 1000000 1000000 1 1000000 1 1000000 1000000 1 1 1000000 1000000 1 1 1 1 1 1 1000000 1 1 1 1 1000000 1000000 1 1 1000000 1 1 1 1 1 1000000 1000000 1000000 1000000 1000000 1 1000000 1 1
1 1000000 1000000 1000000 1 1000000 1000000 1 1000000 1000000 1 1 1 1 1 1000000 1000000 1 1 1000000 1000000 1000000 1 1 1 1 1000000 1 1 1 1000000 1000000 1000000 1 1000000 1000000 1000000 1000000 1 1000000 1000000 1000000 1 1000000 1 1 1000000 1000000 1000000 1 1000000 1000000 1000000 1 1 1 1 1 1000000 1000000 1000000 1 1000000 1000000 1000000 1000000 1 1 1 1000000 1 1000000 1000000 1000000 1000000 1000000 1000000 1 1000000 1 1 1000000 1 1000000 1 1000000 1000000 1000000 1 1000000 1 1000000 1 1 1 1 1 1000000 1000000 1
1 1 1 1000000 1000000 1000000 1 1000000 1 1 1000000 1 1 1000000 1 1 1000000 1000000 1000000 1000000 1 1000000 1 1000000 1000000 1000000 1000000 1000000 1000000 1 1 1 1000000 1 1 1 1 1 1 1 1 1000000 1 1 1 1000000 1 1000000 1 1 1000000 1 1000000 1 1000000 1 1000000 1 1 1000000 1000000 1000000 1000000 1 1000000 1 1 1000000 1 1 1000000 1 1 1 1000000 1000000 1000000 1 1000000 1000000 1000000 1 1000000 1000000 1000000 1000000 1 1000000 1 1 1 1 1000000 1000000 1 1000000 1 1000000 1 1
1 1 1000000 1 1 1 1000000 1 1 1000000 1 1 1 1000000 1 1 1000000 1 1000000 1 1 1 1 1000000 1000000 1000000 1000000 1000000 1000000 1 1 1000000 1000000 1 1 1 1 1000000 1000000 1 1 1 1 1 1 1 1 1 1 1000000 1 1 1 1 1 1 1000000 1000000 1 1000000 1000000 1 1000000 1000000 1 1000000 1 1 1000000 1 1 1 1 1000000 1000000 1 1000000 1 1000000 1 1000000 1 1 1 1 1 1000000 1000000 1 1 1000000 1 1 1000000 1000000 1 1000000 1 1 1
1 1000000 1000000 1000000 1000000 1 1000000 1000000 1000000 1 1 1 1 1000000 1000000 1000000 1000000 1 1000000 1000000 1 1 1 1 1000000 1 1000000 1 1 1 1 1 1 1 1000000 1000000 1000000 1000000 1000000 1 1 1 1 1 1 1 1 1000000 1 1 1 1000000 1000000 1 1 1 1000000 1 1 1 1 1 1000000 1000000 1000000 1 1 1 1 1 1 1 1000000 1000000 1 1 1 1 1000000 1000000 1000000 1000000 1 1000000 1 1000000 1000000 1000000 1 1000000 1000000 1 1000000 1000000 1 1000000 1 1 1000000 1
1 1 1000000 1000000 1 1 1 1 1000000 1000000 1 1 1000000 1000000 1 1 1000000 1000000 1000000 1 1000000 1 1 1 1000000 1000000 1 1 1 1 1000000 1000000 1 1 1 1000000 1000000 1 1000000 1000000 1000000 1 1 1 1 1000000 1 1 1000000 1 1 1 1 1000000 1000000 1 1000000 1000000 1000000 1 1000000 1000000 1 1000000 1 1 1 1 1000000 1000000 1000000 1 1 1000000 1 1000000 1000000 1 1000000 1 1000000 1 1 1 1000000 1000000 1 1 1 1000000 1000000 1000000 1000000 1 1000000 1000000 1000000 1000000 1000000 1
1 1000000 1000000 1 1000000 1000000 1000000 1 1 1 1000000 1 1 1000000 1000000 1 1000000 1000000 1 1 1 1000000 1 1000000 1 1 1 1 1000000 1 1 1000000 1 1 1 1000000 1 1000000 1000000 1000000 1 1 1000000 1 1 1 1000000 1000000 1000000 1 1 1000000 1000000 1 1000000 1 1000000 1000000 1000000 1 1 1000000 1000000 1 1 1 1 1 1000000 1000000 1000000 1000000 1 1000000 1 1000000 1 1 1000000 1000000 1000000 1000000 1 1 1000000 1 1000000 1000000 1 1 1000000 1 1 1 1000000 1000000 1 1 1 1
1 1000000 1000000 1000000 1000000 1000000 1000000 1000000 1000000 1000000 1000000 1 1000000 1000000 1 1000000 1 1000000 1 1 1 1 1 1 1 1000000 1 1 1 1000000 1 1 1 1 1000000 1 1 1000000 1000000 1 1 1 1000000 1000000 1 1000000 1 1000000 1 1 1 1 1000000 1 1000000 1 1000000 1000000 1000000 1 1 1 1000000 1000000 1 1000000 1 1000000 1000000 1000000 1000000 1000000 1000000 1 1 1 1 1 1000000 1000000 1 1000000 1 1000000 1000000 1000000 1000000 1000000 1 1 1000000 1000000 1 1000000 1 1 1000000 1 1 1
1 1 1 1000000 1000000 1000000 1 1 1000000 1 1 1 1 1000000 1 1000000 1 1000000 1000000 1 1 1000000 1 1 1 1 1000000 1000000 1 1000000 1 1 1 1 1000000 1000000 1 1000000 1000000 1000000 1 1 1000000 1 1 1000000 1 1 1 1000000 1000000 1 1000000 1000000 1 1 1 1000000 1 1 1 1 1 1 1 1 1 1000000 1 1 1 1000000 1000000 1 1000000 1 1 1 1000000 1000000 1000000 1000000 1 1000000 1000000 1 1 1 1 1000000 1 1 1000000 1000000 1000000 1000000 1000000 1000000 1 1
1 1000000 1000000 1000000 1000000 1 1 1 1000000 1 1000000 1 1000000 1000000 1000000 1 1 1 1 1000000 1 1 1 1 1000000 1000000 1000000 1 1000000 1 1000000 1000000 1 1 1000000 1 1 1 1000000 1 1 1000000 1000000 1000000 1 1 1000000 1000000 1 1000000 1000000 1000000 1000000 1000000 1 1 1 1 1000000 1 1000000 1 1 1000000 1000000 1000000 1 1 1 1000000 1 1000000 1 1000000 1 1 1 1 1000000 1000000 1000000 1 1000000 1 1000000 1 1 1000000 1 1 1 1000000 1000000 1000000 1000000 1 1000000 1000000 1000000 1
1 1 1000000 1 1 1 1000000 1 1000000 1 1 1 1000000 1000000 1 1000000 1 1 1 1000000 1 1000000 1 1 1000000 1 1000000 1 1000000 1 1 1 1000000 1 1000000 1000000 1 1000000 1 1 1000000 1 1 1000000 1 1000000 1000000 1 1 1000000 1000000 1 1000000 1000000 1 1 1 1 1 1000000 1 1 1 1000000 1 1 1 1000000 1 1 1000000 1000000 1000000 1 1 1 1 1 1000000 1 1 1 1000000 1 1000000 1000000 1 1 1 1000000 1000000 1000000 1 1 1 1 1000000 1000000 1000000 1
1 1000000 1000000 1 1 1 1 1000000 1 1 1000000 1 1000000 1 1 1000000 1000000 1 1 1000000 1 1 1 1 1000000 1 1 1000000 1000000 1000000 1 1000000 1000000 1 1000000 1000000 1 1 1000000 1 1 1000000 1 1 1 1 1000000 1000000 1 1000000 1000000 1000000 1 1 1 1 1 1 1000000 1000000 1000000 1000000 1 1 1000000 1000000 1 1 1 1000000 1 1000000 1 1 1 1000000 1 1 1000000 1000000 1000000 1000000 1 1 1 1000000 1000000 1000000 1 1 1000000 1 1 1 1 1000000 1000000 1 1000000 1
1 1 1 1000000 1 1000000 1000000 1000000 1 1 1 1 1000000 1 1000000 1000000 1 1 1 1000000 1 1 1 1 1 1000000 1000000 1 1000000 1000000 1000000 1 1 1 1 1 1 1 1000000 1 1000000 1 1000000 1000000 1 1000000 1000000 1 1000000 1000000 1000000 1000000 1000000 1000000 1000000 1 1000000 1 1000000 1000000 1000000 1 1 1 1 1000000 1 1 1000000 1000000 1000000 1000000 1000000 1000000 1000000 1000000 1000000 1 1 1 1000000 1 1000000 1000000 1 1000000 1 1 1 1000000 1000000 1000000 1 1 1 1000000 1 1000000 1 1
1 1 1 1 1 1 1000000 1 1000000 1 1000000 1 1 1000000 1 1 1000000 1000000 1 1 1000000 1000000 1 1000000 1 1000000 1000000 1000000 1 1 1000000 1 1000000 1 1 1000000 1000000 1000000 1000000 1 1 1000000 1000000 1 1 1000000 1000000 1 1 1000000 1000000 1 1000000 1 1000000 1 1 1 1 1000000 1000000 1000000 1000000 1000000 1 1000000 1 1000000 1000000 1 1 1 1000000 1 1000000 1 1 1 1000000 1 1 1 1000000 1 1000000 1 1 1000000 1 1 1 1000000 1 1000000 1000000 1 1000000 1 1000000 1
1 1 1 1000000 1000000 1000000 1 1000000 1 1 1 1 1 1000000 1000000 1000000 1000000 1000000 1000000 1000000 1000000 1 1 1000000 1 1 1 1000000 1 1 1000000 1000000 1 1 1000000 1 1000000 1 1 1000000 1000000 1 1 1000000 1 1000000 1000000 1000000 1000000 1000000 1 1000000 1 1000000 1000000 1 1000000 1000000 1 1000000 1000000 1000000 1000000 1 1 1000000 1 1000000 1000000 1000000 1000000 1 1 1000000 1 1000000 1 1 1000000 1000000 1000000 1 1000000 1000000 1000000 1 1000000 1 1 1000000 1000000 1 1000000 1000000 1000000 1000000 1 1 1000000 1
1 1 1 1 1000000 1 1000000 1 1000000 1 1 1 1000000 1000000 1000000 1 1000000 1 1 1 1 1 1 1 1 1000000 1 1000000 1000000 1 1000000 1000000 1000000 1 1000000 1 1000000 1 1000000 1 1 1000000 1000000 1000000 1 1000000 1 1000000 1000000 1 1 1 1000000 1 1000000 1 1000000 1 1 1000000 1 1000000 1 1 1000000 1000000 1 1000000 1 1 1000000 1 1 1 1000000 1000000 1 1 1 1000000 1 1000000 1 1000000 1 1 1 1000000 1 1000000 1 1000000 1000000 1000000 1000000 1 1 1 1000000 1
1 1000000 1 1000000 1000000 1000000 1 1000000 1000000 1000000 1000000 1 1 1000000 1000000 1000000 1 1 1 1 1000000 1000000 1 1 1000000 1000000 1000000 1000000 1 1 1000000 1 1 1 1000000 1000000 1 1 1000000 1000000 1000000 1000000 1000000 1 1 1 1 1000000 1 1000000 1 1 1 1 1000000 1 1000000 1000000 1000000 1000000 1 1000000 1000000 1 1000000 1000000 1 1 1 1 1000000 1 1000000 1000000 1 1 1000000 1 1000000 1 1000000 1 1000000 1 1 1 1 1000000 1 1 1 1000000 1 1 1000000 1000000 1000000 1000000 1000000 1
1 1000000 1 1 1000000 1 1 1000000 1000000 1000000 1000000 1 1000000 1 1 1 1 1000000 1000000 1000000 1000000 1000000 1 1 1000000 1000000 1 1 1 1 1 1000000 1000000 1 1 1000000 1000000 1 1000000 1000000 1 1 1 1 1 1 1 1000000 1 1 1000000 1 1000000 1 1000000 1 1 1 1 1 1 1000000 1000000 1000000 1000000 1 1 1 1 1000000 1000000 1000000 1000000 1 1 1000000 1000000 1 1 1 1000000 1 1000000 1000000 1 1 1 1 1 1000000 1 1 1 1 1 1 1000000 1000000 1000000 1
1 1 1 1 1000000 1000000 1 1 1000000 1 1 1 1000000 1 1 1000000 1000000 1 1000000 1 1000000 1 1 1 1000000 1000000 1000000 1 1 1 1000000 1000000 1000000 1 1000000 1000000 1000000 1 1 1000000 1 1 1000000 1 1 1000000 1 1000000 1 1 1 1 1 1 1 1 1 1000000 1000000 1000000 1 1 1 1000000 1000000 1000000 1 1000000 1000000 1 1000000 1000000 1 1 1000000 1000000 1000000 1 1 1000000 1000000 1000000 1000000 1000000 1000000 1 1 1 1 1000000 1 1000000 1 1 1000000 1000000 1 1000000 1000000 1
1 1 1000000 1 1000000 1 1000000 1 1000000 1000000 1000000 1 1 1000000 1000000 1000000 1 1000000 1000000 1000000 1 1 1 1000000 1000000 1000000 1 1000000 1000000 1 1 1 1 1 1000000 1 1 1 1000000 1 1 1 1 1000000 1 1000000 1 1000000 1 1000000 1 1000000 1000000 1 1 1 1000000 1 1000000 1000000 1 1000000 1 1000000 1000000 1 1 1000000 1000000 1 1000000 1000000 1000000 1000000 1 1 1 1 1 1000000 1000000 1000000 1 1 1000000 1000000 1 1000000 1 1 1 1 1000000 1000000 1000000 1 1000000 1 1000000 1
1 1000000 1000000 1000000 1 1 1000000 1000000 1000000 1000000 1 1 1 1000000 1000000 1000000 1 1000000 1 1000000 1 1000000 1 1000000 1000000 1 1000000 1000000 1000000 1000000 1000000 1 1 1 1 1000000 1 1000000 1 1 1000000 1 1 1000000 1 1 1000000 1000000 1000000 1000000 1 1000000 1 1000000 1 1 1000000 1 1 1000000 1 1 1 1 1 1 1 1 1 1 1000000 1000000 1000000 1000000 1000000 1 1000000 1 1000000 1000000 1000000 1000000 1 1 1000000 1 1000000 1000000 1 1000000 1 1 1 1000000 1 1000000 1000000 1000000 1000000 1
1 1 1 1 1000000 1 1 1 1000000 1000000 1000000 1 1000000 1 1000000 1000000 1 1 1 1000000 1 1 1 1 1 1 1000000 1 1000000 1000000 1000000 1000000 1 1 1000000 1 1 1 1000000 1000000 1000000 1000000 1000000 1000000 1 1 1000000 1000000 1000000 1 1 1 1000000 1000000 1000000 1 1000000 1 1 1 1000000 1 1000000 1000000 1 1000000 1 1000000 1 1000000 1000000 1000000 1 1 1 1 1000000 1 1 1 1 1 1000000 1000000 1000000 1 1000000 1000000 1 1000000 1 1000000 1 1 1 1000000 1000000 1 1 1
1 1000000 1000000 1000000 1 1000000 1000000 1000000 1000000 1 1000000 1 1 1 1 1 1 1000000 1000000 1 1 1 1 1 1 1000000 1 1000000 1000000 1000000 1000000 1000000 1 1 1000000 1 1000000 1 1000000 1 1000000 1000000 1 1 1 1000000 1 1000000 1000000 1 1 1 1 1 1 1 1 1000000 1 1 1 1 1000000 1 1000000 1 1 1 1 1 1000000 1000000 1 1 1000000 1 1000000 1 1 1000000 1 1000000 1 1 1000000 1 1 1 1 1 1 1000000 1000000 1000000 1 1 1 1 1000000 1
1 1000000 1000000 1 1000000 1 1000000 1 1000000 1 1 1 1000000 1000000 1 1 1 1 1 1 1 1000000 1 1 1000000 1 1000000 1 1 1 1 1000000 1000000 1 1000000 1000000 1000000 1 1000000 1 1000000 1000000 1 1 1 1 1 1 1 1000000 1 1 1000000 1000000 1000000 1 1 1000000 1 1 1000000 1 1 1 1000000 1000000 1 1000000 1000000 1000000 1000000 1 1 1 1000000 1000000 1 1 1000000 1 1 1000000 1 1 1000000 1000000 1 1 1 1 1000000 1000000 1 1 1 1000000 1 1000000 1000000 1
1 1000000 1000000 1 1000000 1 1 1 1000000 1000000 1 1 1 1000000 1000000 1 1 1 1 1000000 1000000 1000000 1 1 1000000 1 1000000 1 1 1000000 1 1 1 1 1000000 1 1 1 1 1000000 1000000 1000000 1 1 1 1000000 1000000 1000000 1 1 1 1 1 1 1000000 1 1 1 1000000 1 1000000 1 1 1000000 1000000 1 1 1000000 1000000 1 1000000 1000000 1 1000000 1 1 1000000 1 1 1 1 1000000 1000000 1000000 1 1 1000000 1 1 1 1000000 1 1 1 1 1000000 1000000 1 1 1
1 1000000 1 1000000 1000000 1 1 1 1000000 1 1 1 1 1 1 1 1000000 1000000 1 1000000 1 1000000 1 1 1000000 1000000 1000000 1000000 1 1000000 1000000 1000000 1000000 1 1000000 1000000 1 1000000 1 1000000 1000000 1 1000000 1 1 1 1 1000000 1 1 1 1000000 1 1 1 1 1 1 1 1 1 1 1000000 1 1 1 1 1 1 1000000 1 1000000 1000000 1000000 1 1 1000000 1 1 1 1 1 1 1 1 1 1 1 1 1 1000000 1 1 1 1000000 1 1 1000000 1 1
1 1 1 1000000 1000000 1 1 1000000 1 1000000 1 1 1 1 1000000 1000000 1000000 1 1 1 1 1 1 1 1 1 1 1 1000000 1000000 1 1 1000000 1 1000000 1 1000000 1 1000000 1000000 1 1 1000000 1 1 1 1000000 1000000 1 1000000 1 1000000 1000000 1000000 1 1 1000000 1 1 1000000 1000000 1 1 1 1 1000000 1 1 1000000 1 1000000 1000000 1000000 1000000 1000000 1 1000000 1 1000000 1000000 1000000 1 1 1000000 1000000 1000000 1000000 1000000 1 1000000 1000000 1000000 1 1 1000000 1 1 1000000 1 1
1 1 1 1 1000000 1 1 1000000 1000000 1000000 1 1 1000000 1 1000000 1 1000000 1 1000000 1000000 1000000 1 1 1000000 1 1 1 1000000 1 1000000 1000000 1 1 1 1000000 1000000 1000000 1 1000000 1000000 1 1000000 1000000 1000000 1 1000000 1000000 1 1000000 1 1 1000000 1000000 1000000 1000000 1 1000000 1000000 1000000 1000000 1 1 1000000 1000000 1 1 1 1 1 1 1 1000000 1 1 1000000 1000000 1000000 1 1000000 1000000 1000000 1 1 1000000 1 1000000 1000000 1000000 1 1000000 1 1 1 1 1 1 1000000 1000000 1000000 1
1 1 1 1000000 1000000 1000000 1 1 1000000 1 1 1 1 1000000 1000000 1 1000000 1 1 1 1 1000000 1 1 1 1 1000000 1000000 1000000 1000000 1 1000000 1 1 1000000 1000000 1 1000000 1 1 1 1000000 1000000 1 1 1 1 1 1000000 1000000 1000000 1 1 1000000 1 1 1000000 1 1 1000000 1 1 1000000 1 1 1000000 1 1 1 1000000 1000000 1 1 1000000 1 1000000 1000000 1 1000000 1000000 1 1000000 1000000 1000000 1 1 1 1 1 1 1 1 1000000 1 1 1000000 1 1000000 1 1
1 1000000 1 1000000 1 1 1 1 1000000 1 1 1 1 1000000 1000000 1 1000000 1 1 1000000 1000000 1 1 1 1000000 1 1 1 1000000 1000000 1000000 1 1 1 1 1000000 1000000 1 1000000 1 1 1000000 1000000 1 1 1 1 1 1000000 1000000 1000000 1000000 1 1000000 1000000 1 1000000 1000000 1000000 1000000 1000000 1000000 1000000 1 1 1 1 1000000 1 1 1 1000000 1000000 1000000 1 1000000 1000000 1 1000000 1000000 1000000 1 1 1000000 1000000 1000000 1 1 1 1 1 1000000 1 1 1 1000000 1000000 1 1000000 1
1 1000000 1 1000000 1 1000000 1000000 1000000 1000000 1000000 1000000 1 1 1 1 1 1 1000000 1000000 1 1 1 1 1000000 1 1 1 1 1000000 1 1000000 1000000 1000000 1 1000000 1 1000000 1 1000000 1000000 1 1000000 1 1 1 1 1 1 1000000 1000000 1000000 1 1000000 1000000 1000000 1 1 1 1000000 1 1 1 1 1000000 1 1000000 1 1 1 1000000 1 1000000 1 1000000 1000000 1 1000000 1 1000000 1 1 1 1000000 1000000 1000000 1000000 1000000 1 1 1000000 1 1000000 1 1 1000000 1 1 1 1 1
1 1 1 1000000 1 1 1000000 1 1000000 1 1000000 1 1 1000000 1000000 1 1 1000000 1000000 1000000 1000000 1000000 1 1 1 1 1000000 1000000 1 1000000 1000000 1 1 1 1 1 1 1000000 1000000 1000000 1000000 1 1000000 1 1 1 1 1 1 1000000 1 1000000 1 1 1 1 1000000 1000000 1000000 1000000 1 1000000 1 1 1 1 1 1 1000000 1000000 1 1 1 1 1 1000000 1000000 1 1000000 1000000 1000000 1 1000000 1 1000000 1000000 1000000 1000000 1 1000000 1 1 1000000 1000000 1 1000000 1 1000000 1000000 1
1 1000000 1 1000000 1000000 1000000 1 1000000 1000000 1000000 1 1 1 1000000 1 1000000 1000000 1000000 1000000 1000000 1000000 1 1 1000000 1000000 1000000 1 1000000 1000000 1000000 1 1000000 1 1 1 1 1000000 1 1000000 1 1 1 1 1000000 1 1 1 1000000 1 1 1 1000000 1000000 1 1 1 1 1 1000000 1 1 1000000 1000000 1000000 1000000 1000000 1 1 1000000 1000000 1 1 1 1 1 1 1000000 1 1 1000000 1000000 1000000 1 1000000 1000000 1 1000000 1000000 1 1000000 1000000 1000000 1 1 1000000 1000000 1000000 1 1000000 1
1 1 1000000 1 1 1000000 1 1000000 1000000 1 1 1 1000000 1 1 1 1000000 1000000 1 1 1000000 1000000 1 1 1000000 1000000 1000000 1 1000000 1000000 1 1000000 1000000 1 1000000 1000000 1000000 1000000 1000000 1 1 1 1000000 1000000 1 1000000 1 1000000 1000000 1 1000000 1 1000000 1000000 1000000 1 1 1 1000000 1000000 1000000 1000000 1 1 1 1000000 1 1000000 1000000 1 1000000 1 1 1 1 1000000 1000000 1 1000000 1 1 1000000 1000000 1 1 1000000 1 1 1 1000000 1 1000000 1000000 1 1 1 1000000 1000000 1000000 1
1 1 1 1000000 1000000 1 1000000 1000000 1 1000000 1 1 1 1 1 1 1000000 1000000 1000000 1000000 1000000 1 1 1 1000000 1000000 1000000 1000000 1000000 1000000 1 1000000 1000000 1 1 1 1 1 1 1000000 1 1000000 1000000 1000000 1 1000000 1 1000000 1000000 1000000 1000000 1000000 1 1000000 1 1 1 1000000 1 1000000 1000000 1 1000000 1000000 1000000 1 1 1 1000000 1000000 1000000 1000000 1 1 1 1 1000000 1 1 1 1000000 1000000 1000000 1 1 1 1000000 1 1 1 1 1000000 1000000 1 1 1000000 1000000 1 1 1
1 1000000 1000000 1000000 1 1000000 1 1000000 1 1000000 1000000 1 1000000 1 1 1 1000000 1000000 1 1000000 1 1 1 1 1 1 1000000 1000000 1000000 1000000 1 1 1 1 1 1 1 1000000 1000000 1000000 1000000 1 1 1000000 1 1000000 1 1000000 1000000 1 1000000 1 1000000 1 1000000 1 1 1000000 1000000 1000000 1000000 1000000 1000000 1 1 1 1 1 1000000 1000000 1 1000000 1 1000000 1 1000000 1000000 1 1 1000000 1 1 1 1 1000000 1 1000000 1000000 1 1000000 1 1 1000000 1000000 1 1000000 1000000 1000000 1000000 1
1 1 1 1000000 1000000 1 1 1 1000000 1 1000000 1 1000000 1 1 1 1 1 1 1 1000000 1000000 1 1 1 1000000 1 1000000 1000000 1 1000000 1000000 1000000 1 1000000 1000000 1000000 1 1000000 1 1 1 1000000 1 1 1 1000000 1000000 1000000 1 1 1000000 1 1 1000000 1 1000000 1000000 1000000 1 1 1000000 1 1000000 1 1 1 1000000 1 1 1000000 1000000 1000000 1000000 1 1000000 1000000 1 1 1 1 1 1 1 1000000 1 1000000 1 1 1000000 1 1 1000000 1000000 1000000 1000000 1 1 1 1
1 1000000 1000000 1 1000000 1 1 1000000 1 1 1000000 1 1 1 1000000 1000000 1 1000000 1000000 1000000 1 1000000 1 1000000 1000000 1 1000000 1 1000000 1000000 1 1 1 1 1000000 1000000 1 1000000 1000000 1000000 1 1 1000000 1 1 1000000 1000000 1 1000000 1000000 1000000 1 1 1000000 1000000 1 1000000 1000000 1000000 1 1 1000000 1 1 1000000 1000000 1 1 1000000 1 1000000 1 1000000 1 1000000 1 1000000 1 1 1000000 1000000 1000000 1 1 1000000 1000000 1 1000000 1 1000000 1000000 1000000 1 1000000 1 1 1 1 1 1
1 1 1 1 1 1000000 1 1 1000000 1 1 1 1000000 1 1000000 1 1000000 1000000 1000000 1000000 1000000 1000000 1 1 1 1000000 1000000 1 1000000 1000000 1000000 1000000 1000000 1 1000000 1000000 1 1 1 1000000 1 1 1 1 1 1000000 1 1000000 1 1 1 1000000 1 1000000 1 1 1000000 1000000 1000000 1000000 1 1000000 1 1000000 1000000 1000000 1 1 1000000 1 1000000 1 1 1000000 1000000 1000000 1000000 1 1000000 1 1 1000000 1 1 1 1 1000000 1000000 1 1000000 1000000 1 1 1 1000000 1000000 1 1 1000000 1
1 1000000 1 1000000 1 1000000 1000000 1000000 1 1 1000000 1 1 1 1000000 1000000 1 1000000 1000000 1 1 1 1 1 1 1000000 1000000 1 1 1000000 1 1000000 1 1 1000000 1000000 1 1 1 1 1 1000000 1000000 1 1 1 1 1000000 1000000 1000000 1 1000000 1000000 1000000 1000000 1 1000000 1 1 1000000 1 1000000 1000000 1000000 1 1 1 1 1 1000000 1000000 1000000 1000000 1000000 1 1000000 1 1 1 1 1000000 1000000 1000000 1 1000000 1 1 1 1 1 1 1000000 1000000 1 1000000 1 1000000 1 1000000 1
1 1000000 1 1000000 1000000 1000000 1 1000000 1000000 1 1 1 1 1000000 1000000 1000000 1 1000000 1000000 1 1 1 1 1000000 1 1000000 1 1000000 1000000 1000000 1 1 1 1 1000000 1000000 1000000 1000000 1000000 1 1 1 1000000 1 1 1000000 1000000 1000000 1000000 1000000 1 1000000 1000000 1000000 1000000 1 1000000 1000000 1 1 1000000 1 1 1000000 1000000 1000000 1 1000000 1000000 1000000 1 1000000 1 1 1 1000000 1000000 1 1000000 1000000 1000000 1 1 1000000 1000000 1000000 1000000 1000000 1 1 1000000 1 1 1000000 1000000 1000000 1 1000000 1000000 1
1 1000000 1000000 1 1 1000000 1 1000000 1 1000000 1 1 1 1 1 1000000 1000000 1000000 1 1000000 1000000 1000000 1 1000000 1 1000000 1000000 1 1 1000000 1000000 1 1000000 1 1000000 1000000 1 1 1 1 1000000 1000000 1000000 1000000 1 1000000 1 1 1 1000000 1 1000000 1000000 1 1 1 1000000 1000000 1 1 1 1 1000000 1000000 1 1000000 1 1000000 1000000 1000000 1000000 1 1000000 1 1 1000000 1 1 1 1000000 1 1 1000000 1000000 1 1000000 1 1 1 1000000 1000000 1000000 1000000 1000000 1000000 1 1000000 1 1000000 1
1 1 1000000 1000000 1 1000000 1000000 1000000 1 1 1 1 1 1000000 1000000 1 1 1000000 1000000 1000000 1 1 1 1 1 1 1000000 1000000 1000000 1 1 1 1000000 1 1000000 1 1000000 1000000 1 1 1 1 1000000 1 1 1000000 1000000 1000000 1 1 1000000 1 1000000 1000000 1 1 1 1000000 1 1000000 1000000 1000000 1 1 1 1000000 1 1000000 1000000 1000000 1000000 1000000 1 1000000 1000000 1000000 1000000 1 1000000 1000000 1000000 1000000 1000000 1000000 1 1000000 1 1000000 1 1 1 1 1 1000000 1 1 1000000 1 1000000 1
1 1 1 1000000 1 1 1000000 1 1 1 1 1 1000000 1000000 1 1 1000000 1 1000000 1 1000000 1 1 1000000 1 1 1000000 1000000 1 1000000 1000000 1 1000000 1 1 1000000 1000000 1 1 1000000 1000000 1 1 1 1 1000000 1 1000000 1 1 1 1000000 1 1 1000000 1 1000000 1 1 1 1000000 1000000 1 1000000 1 1 1 1 1 1 1000000 1 1 1000000 1000000 1000000 1000000 1 1 1 1000000 1000000 1 1000000 1 1000000 1 1 1 1000000 1 1000000 1000000 1000000 1 1000000 1000000 1 1 1
1 1 1 1000000 1 1000000 1000000 1000000 1 1000000 1 1 1 1 1000000 1 1 1 1000000 1 1000000 1 1 1 1000000 1 1 1 1 1000000 1000000 1000000 1000000 1 1 1000000 1000000 1000000 1000000 1000000 1 1 1 1 1 1 1 1000000 1 1 1 1000000 1000000 1000000 1000000 1 1 1000000 1 1 1 1000000 1 1 1 1 1 1 1 1000000 1000000 1 1000000 1000000 1000000 1000000 1000000 1 1000000 1 1000000 1 1 1000000 1 1000000 1000000 1 1 1000000 1 1 1000000 1 1000000 1 1000000 1 1 1
1 1000000 1000000 1 1 1 1 1000000 1000000 1000000 1000000 1 1000000 1000000 1000000 1 1000000 1 1000000 1 1000000 1 1 1 1000000 1000000 1 1 1 1 1 1 1 1 1000000 1 1 1000000 1 1 1 1000000 1000000 1 1 1 1000000 1 1000000 1000000 1 1 1 1000000 1 1 1000000 1000000 1 1000000 1 1000000 1000000 1000000 1 1 1 1000000 1 1000000 1000000 1000000 1 1000000 1 1 1000000 1 1000000 1000000 1000000 1 1 1 1 1000000 1000000 1000000 1 1000000 1 1 1000000 1 1000000 1000000 1000000 1 1000000 1
1 1 1 1000000 1 1 1000000 1 1 1000000 1000000 1 1000000 1000000 1 1000000 1000000 1 1000000 1000000 1 1000000 1 1000000 1000000 1 1000000 1 1 1000000 1 1000000 1000000 1 1000000 1 1000000 1000000 1 1 1000000 1 1000000 1 1 1 1000000 1 1 1000000 1 1000000 1 1000000 1000000 1 1000000 1 1 1000000 1000000 1 1000000 1000000 1 1 1 1000000 1 1 1000000 1 1000000 1000000 1000000 1 1000000 1 1000000 1000000 1000000 1000000 1 1000000 1000000 1000000 1 1000000 1 1 1 1 1000000 1000000 1000000 1000000 1000000 1 1000000 1
1 1000000 1 1 1000000 1000000 1000000 1 1 1 1 1 1 1000000 1 1000000 1000000 1000000 1 1000000 1000000 1000000 1 1000000 1000000 1000000 1000000 1000000 1000000 1 1000000 1 1000000 1 1000000 1000000 1000000 1000000 1000000 1 1000000 1000000 1000000 1 1 1000000 1 1000000 1 1 1 1 1000000 1 1000000 1 1000000 1000000 1000000 1 1 1000000 1 1000000 1000000 1 1 1 1 1 1000000 1 1 1000000 1000000 1 1000000 1 1000000 1 1000000 1 1000000 1000000 1000000 1000000 1000000 1000000 1 1000000 1000000 1000000 1000000 1 1000000 1000000 1 1000000 1 1
1 1000000 1 1 1 1 1000000 1 1 1 1 1 1000000 1 1000000 1000000 1000000 1 1 1 1000000 1 1 1 1000000 1 1 1 1 1000000 1000000 1000000 1000000 1 1000000 1000000 1000000 1000000 1000000 1000000 1000000 1 1 1 1 1000000 1 1000000 1 1000000 1 1 1000000 1000000 1 1 1 1 1000000 1 1 1 1 1 1 1000000 1 1000000 1 1 1000000 1000000 1 1000000 1 1 1 1 1000000 1 1000000 1 1 1000000 1000000 1 1 1 1 1000000 1000000 1000000 1000000 1000000 1000000 1000000 1 1 1000000 1
1 1 1000000 1000000 1 1000000 1 1000000 1 1000000 1000000 1 1000000 1000000 1 1000000 1000000 1 1000000 1000000 1000000 1000000 1 1 1 1000000 1000000 1000000 1 1 1000000 1000000 1000000 1 1 1 1 1 1000000 1000000 1000000 1 1 1000000 1 1 1000000 1000000 1000000 1000000 1 1 1000000 1000000 1 1 1000000 1 1 1000000 1 1000000 1 1000000 1000000 1000000 1 1000000 1000000 1 1000000 1000000 1000000 1 1000000 1 1 1 1000000 1 1000000 1000000 1 1000000 1 1 1 1000000 1 1000000 1000000 1000000 1 1000000 1 1000000 1 1 1000000 1
1 1000000 1 1 1000000 1000000 1 1000000 1 1000000 1 1 1 1 1 1000000 1000000 1 1 1000000 1000000 1 1 1 1000000 1000000 1 1 1 1 1000000 1 1000000 1 1000000 1 1000000 1 1 1 1 1 1000000 1 1 1000000 1 1000000 1000000 1000000 1000000 1 1 1 1000000 1 1000000 1000000 1000000 1000000 1 1 1000000 1000000 1000000 1 1 1 1000000 1000000 1 1 1000000 1000000 1000000 1 1 1 1000000 1 1000000 1 1 1000000 1 1000000 1000000 1 1 1000000 1 1000000 1000000 1000000 1000000 1 1 1000000 1000000 1
1 1000000 1 1000000 1 1000000 1 1 1 1 1 1 1000000 1 1 1 1000000 1000000 1000000 1000000 1000000 1 1 1 1000000 1000000 1000000 1 1 1000000 1 1 1 1 1000000 1 1000000 1 1000000 1 1 1 1 1 1 1000000 1000000 1 1000000 1 1000000 1 1000000 1 1000000 1 1 1000000 1 1 1000000 1 1000000 1 1 1000000 1 1 1 1 1000000 1 1000000 1 1000000 1000000 1 1 1 1000000 1000000 1000000 1 1 1000000 1 1 1 1 1000000 1000000 1000000 1 1000000 1 1 1 1000000 1000000 1
1 1 1000000 1 1 1000000 1000000 1 1000000 1000000 1000000 1 1 1000000 1 1000000 1 1 1000000 1000000 1000000 1 1 1 1000000 1 1000000 1000000 1000000 1 1 1000000 1 1 1 1 1 1000000 1 1000000 1000000 1000000 1 1 1 1 1 1 1000000 1000000 1000000 1000000 1000000 1 1 1 1000000 1000000 1 1000000 1 1 1000000 1000000 1000000 1 1 1 1 1000000 1000000 1 1 1000000 1 1 1000000 1 1 1000000 1 1000000 1 1000000 1000000 1000000 1 1 1 1000000 1 1000000 1000000 1 1000000 1000000 1000000 1000000 1000000 1
1 1 1000000 1 1 1 1 1 1000000 1000000 1 1 1000000 1000000 1 1000000 1 1 1 1000000 1 1 1 1000000 1000000 1 1000000 1000000 1 1000000 1 1 1000000 1 1 1 1000000 1000000 1 1 1000000 1 1 1 1 1 1 1000000 1 1 1000000 1 1 1 1000000 1 1000000 1000000 1 1000000 1000000 1 1000000 1 1 1 1 1 1 1000000 1 1 1 1 1 1 1000000 1 1 1 1 1 1000000 1 1000000 1000000 1000000 1 1 1 1 1000000 1000000 1 1000000 1 1 1000000 1000000 1
1 1000000 1 1 1 1 1 1000000 1000000 1 1000000 1 1 1 1000000 1000000 1 1 1 1000000 1000000 1000000 1 1000000 1 1000000 1000000 1 1 1 1 1 1 1 1000000 1000000 1 1 1000000 1000000 1 1000000 1 1 1 1 1000000 1000000 1 1000000 1000000 1 1000000 1 1000000 1 1 1 1 1000000 1 1 1000000 1 1 1 1 1 1000000 1 1000000 1000000 1 1 1 1000000 1 1 1000000 1000000 1 1000000 1 1 1 1 1000000 1000000 1 1000000 1 1 1 1 1000000 1000000 1000000 1000000 1000000 1
1 1 1 1 1 1 1 1000000 1 1 1 1 1 1000000 1 1000000 1 1 1000000 1 1000000 1 1 1000000 1 1 1 1000000 1 1 1 1 1000000 1 1 1 1 1 1 1000000 1000000 1 1000000 1 1 1 1 1000000 1000000 1 1000000 1000000 1 1 1 1 1000000 1 1000000 1 1000000 1000000 1 1 1000000 1000000 1 1000000 1000000 1 1000000 1 1 1000000 1000000 1000000 1 1 1000000 1 1000000 1 1 1 1 1 1 1 1 1000000 1000000 1000000 1 1 1000000 1000000 1000000 1000000 1 1
1 1 1 1 1000000 1 1000000 1000000 1000000 1000000 1000000 1 1 1000000 1 1000000 1000000 1000000 1000000 1000000 1 1 1 1000000 1000000 1 1 1000000 1 1 1000000 1 1000000 1 1000000 1 1 1000000 1000000 1 1 1000000 1 1000000 1 1 1 1000000 1000000 1 1 1000000 1000000 1000000 1000000 1 1000000 1 1 1 1000000 1 1 1 1000000 1000000 1 1000000 1000000 1 1 1 1 1000000 1000000 1000000 1 1 1 1 1 1 1 1 1000000 1 1 1 1 1 1000000 1 1000000 1000000 1000000 1000000 1 1 1 1
1 1000000 1 1000000 1 1000000 1 1 1000000 1 1 1 1 1 1000000 1000000 1 1 1000000 1000000 1 1000000 1 1 1 1 1000000 1 1 1000000 1 1000000 1000000 1 1 1000000 1000000 1000000 1000000 1000000 1 1000000 1 1000000 1 1000000 1 1 1000000 1 1 1000000 1 1000000 1 1 1 1000000 1000000 1000000 1000000 1000000 1 1000000 1 1 1 1 1000000 1000000 1 1 1000000 1000000 1 1000000 1000000 1 1 1000000 1000000 1 1 1000000 1 1000000 1000000 1 1 1000000 1 1000000 1 1 1000000 1000000 1 1000000 1000000 1
1 1 1000000 1000000 1000000 1000000 1000000 1 1000000 1 1000000 1 1000000 1000000 1000000 1000000 1 1000000 1000000 1000000 1 1 1 1 1000000 1 1000000 1 1000000 1 1000000 1 1 1 1 1000000 1 1 1 1 1000000 1000000 1000000 1 1 1 1000000 1000000 1000000 1000000 1000000 1000000 1000000 1000000 1 1 1000000 1000000 1000000 1000000 1000000 1 1000000 1 1 1000000 1 1000000 1 1 1000000 1000000 1 1000000 1 1 1 1 1 1000000 1000000 1000000 1 1 1 1000000 1000000 1 1 1000000 1000000 1000000 1 1000000 1000000 1000000 1000000 1 1 1
1 1 1 1000000 1000000 1000000 1 1 1000000 1000000 1000000 1 1 1 1000000 1000000 1000000 1 1000000 1000000 1000000 1 1 1000000 1 1000000 1 1 1 1 1000000 1000000 1000000 1 1000000 1 1000000 1000000 1 1000000 1 1 1000000 1000000 1 1 1 1000000 1 1000000 1000000 1000000 1000000 1000000 1 1 1 1000000 1 1000000 1000000 1000000 1 1000000 1000000 1 1 1000000 1 1000000 1000000 1 1000000 1 1000000 1000000 1000000 1 1 1 1 1000000 1 1000000 1 1 1 1 1 1 1 1000000 1000000 1 1 1000000 1000000 1 1 1
1 1000000 1 1 1000000 1000000 1 1 1 1000000 1000000 1 1 1 1 1 1000000 1 1000000 1 1 1000000 1 1000000 1 1 1 1 1 1 1000000 1000000 1 1 1 1 1 1000000 1 1 1 1 1000000 1 1 1000000 1000000 1 1000000 1000000 1 1 1000000 1 1 1 1 1 1000000 1000000 1 1 1000000 1 1000000 1000000 1 1 1000000 1 1 1 1 1000000 1000000 1 1000000 1 1000000 1 1000000 1000000 1000000 1000000 1000000 1000000 1000000 1 1 1000000 1000000 1 1000000 1 1000000 1000000 1 1 1 1
1 1 1000000 1000000 1 1000000 1 1000000 1 1000000 1000000 1 1000000 1 1000000 1 1000000 1 1000000 1 1000000 1 1 1000000 1 1 1000000 1 1000000 1 1 1 1 1 1000000 1000000 1 1000000 1 1000000 1 1 1000000 1000000 1 1000000 1 1000000 1000000 1000000 1 1000000 1000000 1000000 1 1 1 1 1 1 1000000 1000000 1000000 1 1 1 1 1 1000000 1000000 1000000 1 1 1 1 1000000 1 1 1000000 1000000 1 1000000 1 1000000 1 1000000 1 1 1 1000000 1 1000000 1 1000000 1 1000000 1000000 1000000 1 1
1 1000000 1000000 1000000 1 1 1 1 1000000 1 1 1 1 1000000 1 1000000 1000000 1000000 1000000 1 1000000 1 1 1000000 1000000 1000000 1 1 1000000 1000000 1000000 1000000 1 1 1000000 1 1000000 1 1000000 1 1000000 1 1 1 1 1 1000000 1 1 1000000 1 1 1000000 1000000 1000000 1 1 1 1 1000000 1 1 1 1000000 1 1000000 1 1 1 1000000 1 1000000 1 1 1 1000000 1 1 1000000 1000000 1 1 1000000 1 1000000 1000000 1 1000000 1 1000000 1000000 1000000 1 1000000 1 1000000 1000000 1 1 1
1 1 1000000 1000000 1000000 1000000 1000000 1 1000000 1000000 1000000 1 1 1 1 1000000 1 1000000 1000000 1000000 1 1 1 1 1000000 1000000 1000000 1000000 1 1 1 1000000 1000000 1 1 1000000 1000000 1 1000000 1000000 1000000 1000000 1 1 1 1 1000000 1 1 1000000 1000000 1000000 1000000 1 1 1 1000000 1000000 1 1000000 1 1000000 1 1 1000000 1000000 1 1000000 1000000 1 1000000 1 1000000 1000000 1000000 1 1 1 1000000 1000000 1000000 1000000 1 1000000 1000000 1000000 1 1000000 1 1 1000000 1000000 1 1000000 1000000 1 1000000 1000000 1000000 1
1 1 1 1000000 1000000 1000000 1 1000000 1 1 1 1 1000000 1000000 1 1 1 1000000 1000000 1 1 1 1 1000000 1 1000000 1 1 1000000 1 1000000 1 1 1 1000000 1000000 1 1000000 1 1 1000000 1000000 1 1000000 1 1 1 1 1000000 1000000 1 1000000 1 1000000 1 1 1000000 1 1 1000000 1000000 1 1000000 1000000 1 1000000 1 1 1000000 1000000 1 1000000 1 1 1000000 1 1000000 1 1 1000000 1 1000000 1 1000000 1000000 1000000 1 1 1 1 1 1000000 1000000 1000000 1 1 1000000 1000000 1 1
1 1000000 1000000 1000000 1000000 1 1 1 1000000 1 1000000 1 1 1000000 1 1000000 1000000 1000000 1000000 1 1000000 1000000 1 1 1000000 1 1 1000000 1000000 1000000 1000000 1 1000000 1 1 1 1000000 1000000 1000000 1000000 1000000 1 1 1000000 1 1 1 1000000 1000000 1000000 1000000 1 1000000 1000000 1000000 1 1000000 1 1000000 1 1 1 1 1 1000000 1 1 1000000 1 1 1 1000000 1000000 1 1 1000000 1 1 1000000 1000000 1 1 1000000 1 1 1 1000000 1 1 1 1000000 1000000 1 1 1000000 1000000 1 1 1000000 1
1 1000000 1000000 1 1000000 1 1 1000000 1000000 1000000 1000000 1 1 1000000 1 1000000 1000000 1000000 1 1000000 1000000 1 1 1 1 1 1000000 1 1000000 1000000 1000000 1 1 1 1 1000000 1 1 1 1000000 1000000 1 1 1000000 1 1 1 1 1000000 1 1000000 1 1000000 1 1 1 1 1000000 1 1000000 1000000 1000000 1000000 1 1000000 1 1 1000000 1000000 1000000 1 1 1 1 1000000 1000000 1000000 1 1000000 1 1 1000000 1 1000000 1 1000000 1000000 1 1 1 1 1 1000000 1 1000000 1000000 1000000 1000000 1000000 1
1 1 1 1 1000000 1000000 1 1000000 1000000 1 1 1 1 1 1000000 1 1000000 1 1000000 1 1000000 1000000 1 1000000 1000000 1000000 1000000 1 1000000 1 1000000 1 1000000 1 1 1 1 1000000 1000000 1 1 1000000 1000000 1000000 1 1 1000000 1 1000000 1000000 1 1000000 1 1000000 1 1 1000000 1 1000000 1 1 1000000 1 1000000 1000000 1000000 1 1 1 1 1000000 1 1 1000000 1000000 1000000 1000000 1 1 1 1 1 1000000 1000000 1 1000000 1000000 1000000 1 1 1 1000000 1000000 1000000 1 1 1000000 1 1 1
1 1000000 1000000 1 1 1000000 1000000 1000000 1000000 1 1000000 1 1 1000000 1000000 1000000 1000000 1 1 1000000 1 1000000 1 1 1 1000000 1000000 1 1 1 1000000 1 1 1 1 1000000 1 1 1000000 1000000 1000000 1 1000000 1 1 1 1 1000000 1 1000000 1000000 1000000 1 1000000 1 1 1000000 1000000 1 1000000 1000000 1000000 1 1000000 1000000 1000000 1 1000000 1000000 1 1 1 1000000 1000000 1000000 1000000 1000000 1 1000000 1 1000000 1 1 1 1000000 1000000 1000000 1 1 1000000 1 1 1 1 1000000 1000000 1 1 1000000 1
1 1 1000000 1000000 1 1000000 1000000 1000000 1000000 1 1 1 1000000 1000000 1000000 1 1000000 1 1 1 1 1 1 1000000 1 1 1 1 1000000 1 1000000 1000000 1 1 1000000 1000000 1000000 1 1 1000000 1000000 1 1000000 1000000 1 1000000 1 1000000 1000000 1000000 1000000 1 1 1000000 1 1 1000000 1 1 1000000 1 1000000 1000000 1000000 1 1000000 1 1000000 1 1 1 1 1000000 1000000 1 1 1 1 1000000 1 1 1000000 1 1 1 1 1 1000000 1 1 1000000 1000000 1 1 1 1 1000000 1 1 1
1 1000000 1 1000000 1 1 1 1 1000000 1 1000000 1 1000000 1 1000000 1000000 1 1000000 1000000 1000000 1000000 1000000 1 1 1 1000000 1000000 1 1 1 1 1 1 1 1000000 1000000 1 1000000 1000000 1 1000000 1 1 1 1 1000000 1 1 1 1 1 1000000 1000000 1 1 1 1 1000000 1 1000000 1000000 1 1000000 1 1 1000000 1 1 1000000 1000000 1000000 1 1 1 1000000 1 1000000 1 1000000 1 1000000 1 1000000 1 1000000 1 1 1000000 1 1000000 1000000 1 1000000 1 1 1000000 1 1000000 1000000 1
1 1 1 1 1 1000000 1 1000000 1 1000000 1 1 1 1000000 1 1000000 1000000 1 1000000 1 1000000 1000000 1 1000000 1000000 1 1000000 1000000 1 1 1000000 1 1000000 1 1000000 1 1 1 1 1 1 1 1000000 1000000 1 1 1000000 1 1000000 1 1000000 1 1000000 1000000 1 1 1 1000000 1 1 1000000 1000000 1 1000000 1000000 1000000 1 1000000 1000000 1000000 1000000 1 1 1 1000000 1000000 1 1 1000000 1000000 1 1000000 1 1000000 1000000 1 1000000 1 1 1 1 1 1000000 1 1000000 1 1 1 1 1
1 1 1 1 1 1000000 1 1 1000000 1 1000000 1 1 1 1 1000000 1000000 1 1000000 1 1 1 1 1000000 1 1000000 1000000 1000000 1000000 1 1000000 1000000 1 1 1000000 1000000 1 1 1000000 1000000 1 1000000 1 1000000 1 1 1000000 1 1 1 1000000 1 1000000 1000000 1 1 1000000 1000000 1000000 1000000 1000000 1 1000000 1000000 1 1000000 1 1000000 1000000 1 1000000 1000000 1 1 1 1000000 1 1 1000000 1 1 1 1000000 1000000 1000000 1 1 1 1 1 1000000 1 1000000 1000000 1 1 1 1 1 1
1 1 1 1 1 1 1000000 1 1000000 1 1000000 1 1000000 1000000 1 1000000 1 1 1000000 1000000 1000000 1000000 1 1 1000000 1 1000000 1000000 1000000 1000000 1000000 1 1000000 1 1000000 1000000 1 1000000 1 1000000 1 1 1000000 1000000 1 1 1000000 1 1000000 1000000 1000000 1 1000000 1 1000000 1 1 1000000 1 1000000 1 1000000 1 1000000 1000000 1000000 1 1000000 1 1000000 1000000 1 1 1000000 1 1 1 1 1 1000000 1000000 1 1 1 1000000 1000000 1 1000000 1 1 1 1 1000000 1000000 1000000 1 1 1000000 1 1
1 1 1000000 1 1000000 1000000 1000000 1000000 1 1 1 1 1 1 1 1 1000000 1000000 1 1 1 1000000 1 1000000 1000000 1000000 1 1000000 1000000 1000000 1000000 1000000 1000000 1 1000000 1000000 1000000 1000000 1 1000000 1 1 1 1 1 1 1 1 1000000 1 1000000 1 1 1 1 1 1 1000000 1 1000000 1000000 1000000 1 1000000 1 1 1 1000000 1000000 1 1000000 1 1 1000000 1000000 1000000 1000000 1 1 1 1 1000000 1000000 1000000 1000000 1 1 1000000 1 1000000 1000000 1 1000000 1 1 1 1 1000000 1000000 1
1 1000000 1000000 1 1 1 1000000 1 1000000 1 1 1 1 1000000 1000000 1000000 1000000 1 1 1 1000000 1 1 1 1 1 1000000 1 1 1 1000000 1 1000000 1 1 1000000 1000000 1 1 1000000 1 1 1 1 1 1000000 1 1 1000000 1 1000000 1000000 1 1 1000000 1 1000000 1000000 1 1 1000000 1 1 1 1000000 1 1 1000000 1000000 1000000 1 1000000 1000000 1 1 1000000 1 1 1000000 1000000 1 1000000 1000000 1000000 1 1000000 1000000 1 1 1000000 1 1 1 1000000 1 1 1 1000000 1000000 1
1 1 1000000 1 1 1 1 1000000 1000000 1 1000000 1 1000000 1000000 1 1 1000000 1000000 1 1000000 1000000 1000000 1 1000000 1000000 1000000 1000000 1000000 1000000 1 1 1000000 1000000 1 1000000 1 1 1000000 1 1000000 1000000 1 1 1000000 1 1000000 1000000 1 1000000 1 1 1 1000000 1 1 1 1000000 1 1 1000000 1 1000000 1000000 1000000 1 1 1 1000000 1000000 1 1 1 1 1 1 1 1 1 1000000 1 1 1 1 1000000 1000000 1000000 1000000 1 1 1000000 1 1000000 1000000 1000000 1 1 1000000 1 1 1
1 1 1 1 1 1000000 1 1000000 1000000 1000000 1000000 1 1000000 1000000 1 1 1 1000000 1000000 1 1 1000000 1 1 1000000 1000000 1 1000000 1 1 1 1 1000000 1 1000000 1000000 1 1000000 1 1000000 1 1 1 1000000 1 1 1000000 1000000 1 1 1000000 1000000 1000000 1 1 1 1 1 1 1 1 1000000 1000000 1000000 1000000 1 1 1 1 1000000 1000000 1000000 1000000 1000000 1000000 1000000 1 1 1000000 1 1 1 1 1000000 1000000 1 1000000 1 1 1 1 1000000 1 1000000 1 1 1 1 1000000 1
1 1 1 1000000 1000000 1 1 1000000 1000000 1 1 1 1 1000000 1000000 1 1000000 1000000 1000000 1000000 1 1000000 1 1 1000000 1000000 1000000 1 1 1000000 1 1 1000000 1 1000000 1 1000000 1000000 1000000 1 1000000 1 1 1 1 1 1 1000000 1000000 1 1 1 1 1000000 1 1 1000000 1 1 1000000 1000000 1000000 1 1000000 1000000 1000000 1 1000000 1 1000000 1 1 1 1 1000000 1000000 1000000 1 1 1000000 1000000 1000000 1000000 1000000 1000000 1 1 1 1 1000000 1000000 1 1 1 1000000 1000000 1 1 1 1
1 1 1000000 1000000 1000000 1 1000000 1 1 1000000 1000000 1 1000000 1000000 1000000 1000000 1 1 1000000 1 1000000 1000000 1 1000000 1000000 1 1 1 1 1 1 1000000 1000000 1 1 1000000 1 1 1 1000000 1000000 1 1000000 1 1 1 1000000 1 1000000 1000000 1000000 1000000 1 1 1000000 1 1000000 1 1 1000000 1000000 1000000 1000000 1000000 1000000 1000000 1 1000000 1000000 1000000 1 1 1000000 1 1 1 1 1 1000000 1 1000000 1000000 1 1 1 1 1000000 1 1 1 1000000 1 1000000 1 1000000 1000000 1 1 1 1
1 1000000 1000000 1 1000000 1 1000000 1 1 1000000 1000000 1 1000000 1 1000000 1000000 1000000 1 1 1000000 1 1 1 1 1000000 1 1000000 1 1000000 1000000 1000000 1000000 1000000 1 1 1 1000000 1000000 1000000 1000000 1000000 1 1000000 1 1 1000000 1 1 1 1 1000000 1 1 1 1 1 1 1 1000000 1000000 1 1000000 1000000 1000000 1000000 1 1 1 1 1000000 1 1 1 1000000 1 1 1000000 1 1 1 1 1 1000000 1 1000000 1000000 1 1 1 1000000 1000000 1 1000000 1 1000000 1000000 1000000 1 1000000 1
1 1 1 1000000 1000000 1000000 1000000 1000000 1 1000000 1 1 1000000 1 1 1 1 1000000 1 1000000 1000000 1 1 1 1000000 1000000 1 1000000 1 1 1000000 1 1000000 1 1000000 1 1 1 1000000 1 1000000 1000000 1000000 1 1 1000000 1000000 1000000 1 1 1000000 1 1000000 1000000 1000000 1 1 1000000 1000000 1 1 1000000 1 1000000 1000000 1 1 1000000 1000000 1 1000000 1000000 1000000 1 1 1000000 1 1 1 1000000 1000000 1 1000000 1 1000000 1 1000000 1 1 1000000 1000000 1 1 1000000 1000000 1000000 1 1000000 1 1
1 1 1 1000000 1 1 1 1 1000000 1 1000000 1 1 1 1000000 1 1000000 1 1 1000000 1000000 1 1 1000000 1 1000000 1000000 1000000 1 1000000 1 1 1000000 1 1 1 1000000 1000000 1000000 1 1000000 1 1 1000000 1 1000000 1000000 1 1 1000000 1000000 1 1000000 1 1000000 1 1000000 1000000 1000000 1 1000000 1 1000000 1000000 1000000 1000000 1 1 1 1 1000000 1000000 1000000 1000000 1000000 1 1000000 1 1000000 1 1 1000000 1 1 1000000 1000000 1 1 1 1000000 1 1 1000000 1 1000000 1 1000000 1000000 1 1
1 1 1000000 1 1000000 1000000 1 1000000 1 1000000 1000000 1 1000000 1000000 1000000 1 1000000 1000000 1000000 1000000 1000000 1000000 1 1 1 1 1000000 1 1000000 1 1000000 1000000 1000000 1 1 1 1 1 1000000 1000000 1 1000000 1000000 1000000 1 1000000 1000000 1 1000000 1 1 1 1 1000000 1000000 1 1 1 1000000 1000000 1 1 1000000 1000000 1 1000000 1 1 1000000 1 1000000 1000000 1 1 1000000 1 1 1 1000000 1000000 1000000 1000000 1000000 1000000 1 1 1000000 1000000 1 1 1 1 1 1 1000000 1 1000000 1 1000000 1
1 1000000 1000000 1000000 1000000 1000000 1000000 1 1 1000000 1 1 1 1 1 1 1000000 1000000 1000000 1 1 1 1 1 1000000 1 1000000 1000000 1000000 1 1000000 1 1 1 1 1000000 1 1 1000000 1 1 1000000 1000000 1 1 1 1000000 1 1 1 1000000 1000000 1000000 1000000 1000000 1 1000000 1 1 1000000 1000000 1000000 1 1 1000000 1 1 1000000 1 1 1 1000000 1 1000000 1 1000000 1000000 1 1 1 1000000 1000000 1 1000000 1 1000000 1000000 1 1 1000000 1 1 1000000 1000000 1000000 1 1 1 1 1
1 1 1 1 1000000 1000000 1000000 1 1000000 1000000 1000000 1 1 1000000 1000000 1000000 1000000 1 1000000 1000000 1 1 1 1000000 1000000 1000000 1000000 1000000 1 1000000 1 1000000 1 1 1000000 1 1000000 1000000 1 1000000 1 1000000 1000000 1000000 1 1 1 1000000 1000000 1000000 1 1 1000000 1 1000000 1 1000000 1 1 1 1 1000000 1000000 1 1000000 1000000 1 1 1 1 1000000 1000000 1 1000000 1 1 1 1 1 1 1000000 1 1 1000000 1000000 1 1000000 1000000 1 1000000 1000000 1000000 1000000 1000000 1 1000000 1000000 1 1 1
1 1 1000000 1000000 1 1 1 1000000 1000000 1 1 1 1 1 1 1000000 1 1 1 1 1 1 1 1000000 1 1 1 1000000 1000000 1 1000000 1 1 1 1000000 1000000 1000000 1000000 1000000 1 1000000 1 1000000 1 1 1000000 1000000 1 1 1 1 1 1 1000000 1 1 1 1 1000000 1000000 1 1 1000000 1 1000000 1 1 1 1 1 1 1000000 1000000 1 1 1 1 1 1 1000000 1000000 1000000 1 1 1000000 1 1 1000000 1 1 1 1000000 1 1 1 1 1 1000000 1 1
1 1 1 1000000 1 1000000 1 1000000 1 1000000 1 1 1 1000000 1000000 1000000 1000000 1 1 1 1 1 1 1 1 1000000 1 1000000 1 1000000 1 1000000 1000000 1 1000000 1000000 1000000 1 1000000 1 1000000 1 1000000 1000000 1 1000000 1000000 1 1000000 1 1 1000000 1 1000000 1 1 1000000 1000000 1 1 1000000 1 1 1000000 1 1 1 1 1000000 1 1 1 1000000 1 1000000 1000000 1000000 1 1 1000000 1000000 1 1000000 1000000 1 1000000 1000000 1 1 1000000 1 1 1 1 1 1000000 1000000 1 1000000 1
1 1000000 1 1 1 1000000 1000000 1 1000000 1 1 1 1000000 1 1 1000000 1000000 1000000 1000000 1 1000000 1 1 1000000 1 1 1000000 1000000 1000000 1000000 1 1 1000000 1 1000000 1 1000000 1 1000000 1 1000000 1 1 1 1 1 1 1000000 1 1 1 1000000 1000000 1000000 1000000 1 1000000 1 1 1000000 1000000 1000000 1 1000000 1 1000000 1 1 1000000 1000000 1 1 1000000 1 1 1 1000000 1 1000000 1000000 1000000 1 1000000 1000000 1 1000000 1 1 1 1 1000000 1000000 1000000 1000000 1 1000000 1 1000000 1 1
1 1000000 1000000 1000000 1000000 1 1 1000000 1 1 1000000 1 1000000 1000000 1 1 1000000 1 1000000 1 1000000 1 1 1 1 1 1 1 1000000 1 1000000 1 1 1 1000000 1000000 1000000 1000000 1 1 1 1000000 1000000 1000000 1 1 1000000 1 1000000 1000000 1000000 1 1 1000000 1 1 1000000 1000000 1000000 1000000 1000000 1 1 1 1 1000000 1 1 1000000 1 1000000 1 1 1000000 1000000 1000000 1000000 1 1000000 1000000 1000000 1 1 1000000 1000000 1000000 1000000 1000000 1 1000000 1000000 1 1000000 1000000 1000000 1 1 1 1000000 1
1 1 1000000 1 1000000 1 1 1 1000000 1000000 1000000 1 1000000 1 1 1000000 1000000 1000000 1 1 1000000 1000000 1 1 1 1000000 1000000 1 1000000 1000000 1 1 1 1 1 1 1 1 1000000 1000000 1 1000000 1 1 1 1 1 1 1000000 1000000 1000000 1000000 1000000 1 1 1 1 1 1000000 1 1000000 1000000 1000000 1000000 1 1 1 1000000 1000000 1000000 1 1000000 1000000 1000000 1 1000000 1000000 1 1 1000000 1000000 1 1 1000000 1 1000000 1 1000000 1 1000000 1000000 1000000 1 1000000 1000000 1000000 1000000 1 1000000 1
1 1000000 1000000 1 1 1 1 1000000 1000000 1000000 1 1 1 1000000 1000000 1000000 1 1 1000000 1 1 1000000 1 1 1 1000000 1000000 1 1000000 1000000 1 1 1 1 1 1000000 1 1 1 1 1 1 1 1 1 1000000 1 1 1000000 1 1 1000000 1 1000000 1 1 1 1000000 1 1000000 1000000 1 1000000 1 1000000 1 1 1000000 1000000 1 1000000 1000000 1000000 1 1000000 1000000 1 1 1000000 1 1 1000000 1000000 1 1000000 1000000 1000000 1 1 1 1 1000000 1 1000000 1000000 1000000 1 1 1 1
1 1 1000000 1000000 1 1 1 1 1 1000000 1 1 1 1000000 1000000 1 1 1000000 1 1000000 1000000 1 1 1000000 1 1 1000000 1 1000000 1000000 1 1 1000000 1 1 1000000 1 1 1000000 1 1 1 1000000 1 1 1 1000000 1 1000000 1 1000000 1 1 1 1000000 1 1000000 1000000 1000000 1 1000000 1 1 1000000 1000000 1000000 1 1000000 1000000 1 1 1 1 1000000 1000000 1000000 1000000 1 1000000 1 1 1000000 1 1 1 1 1 1 1 1 1000000 1000000 1000000 1000000 1 1 1000000 1 1 1
1 1000000 1000000 1000000 1 1000000 1 1000000 1 1000000 1000000 1 1 1 1 1 1000000 1 1 1 1 1 1 1000000 1 1000000 1000000 1 1000000 1000000 1 1 1 1 1000000 1000000 1 1 1000000 1 1000000 1000000 1000000 1000000 1 1000000 1000000 1 1 1000000 1 1000000 1 1000000 1 1 1000000 1000000 1 1 1 1000000 1 1 1000000 1000000 1 1 1 1000000 1 1 1000000 1000000 1 1000000 1000000 1 1 1000000 1000000 1000000 1 1 1000000 1 1 1000000 1 1000000 1000000 1 1000000 1000000 1000000 1 1 1 1 1
1 1000000 1 1000000 1 1000000 1000000 1 1000000 1 1 1 1000000 1000000 1000000 1000000 1000000 1 1000000 1 1 1 1 1 1 1000000 1 1000000 1000000 1 1000000 1 1 1 1000000 1000000 1000000 1 1 1000000 1000000 1000000 1000000 1000000 1 1000000 1 1 1 1000000 1 1000000 1 1 1000000 1 1 1000000 1 1 1 1 1000000 1000000 1000000 1000000 1 1 1000000 1 1000000 1000000 1000000 1000000 1000000 1 1000000 1 1000000 1 1000000 1000000 1000000 1000000 1 1 1000000 1000000 1 1 1000000 1 1000000 1000000 1000000 1 1000000 1000000 1000000 1
1 1 1000000 1 1000000 1000000 1 1 1000000 1000000 1000000 1 1000000 1000000 1 1000000 1 1000000 1 1 1 1 1 1 1 1000000 1 1 1000000 1000000 1000000 1 1000000 1 1 1000000 1000000 1000000 1000000 1 1000000 1 1 1000000 1 1 1 1000000 1 1 1000000 1 1000000 1000000 1 1 1000000 1000000 1 1 1000000 1 1 1 1 1 1 1 1000000 1 1000000 1000000 1000000 1000000 1 1000000 1000000 1 1000000 1000000 1000000 1000000 1000000 1000000 1 1 1000000 1000000 1 1 1 1 1 1000000 1000000 1000000 1000000 1 1000000 1
1 1 1 1 1 1 1 1000000 1 1 1 1 1 1000000 1 1000000 1000000 1000000 1 1000000 1000000 1000000 1 1 1000000 1 1 1 1 1 1000000 1 1 1 1000000 1000000 1000000 1000000 1000000 1000000 1000000 1000000 1 1 1 1000000 1000000 1 1 1 1000000 1 1000000 1 1 1 1000000 1 1 1000000 1000000 1000000 1 1 1 1000000 1 1000000 1 1000000 1 1000000 1 1 1000000 1 1000000 1 1000000 1000000 1 1000000 1 1 1000000 1 1000000 1000000 1 1 1 1000000 1000000 1 1000000 1 1000000 1000000 1 1
1 1 1000000 1000000 1 1 1000000 1 1000000 1000000 1000000 1 1000000 1 1000000 1 1 1000000 1000000 1000000 1000000 1 1 1 1 1 1000000 1 1 1000000 1 1000000 1 1 1000000 1000000 1000000 1 1 1000000 1000000 1 1 1000000 1 1000000 1000000 1 1 1000000 1 1 1 1 1 1 1 1000000 1000000 1000000 1 1 1 1 1000000 1 1 1 1 1 1000000 1000000 1000000 1 1000000 1 1000000 1 1 1000000 1000000 1000000 1000000 1000000 1000000 1 1 1000000 1 1 1 1000000 1 1000000 1000000 1 1000000 1 1000000 1
1 1 1000000 1000000 1000000 1000000 1000000 1 1 1000000 1000000 1 1 1 1000000 1 1 1000000 1000000 1000000 1 1000000 1 1000000 1000000 1000000 1000000 1 1 1 1000000 1 1 1 1000000 1000000 1 1 1 1000000 1000000 1 1000000 1000000 1 1000000 1 1 1000000 1000000 1000000 1 1 1000000 1000000 1 1 1 1000000 1000000 1000000 1000000 1 1 1000000 1 1 1 1000000 1 1000000 1 1000000 1000000 1000000 1000000 1000000 1 1 1000000 1000000 1000000 1 1 1 1 1000000 1 1 1000000 1000000 1 1 1 1000000 1 1 1000000 1 1
1 1000000 1000000 1000000 1000000 1000000 1000000 1 1000000 1000000 1 1 1000000 1000000 1 1 1000000 1000000 1000000 1 1000000 1000000 1 1000000 1000000 1 1 1 1000000 1 1000000 1 1 1 1000000 1 1000000 1000000 1 1000000 1 1 1000000 1 1 1000000 1 1000000 1 1000000 1000000 1 1000000 1000000 1000000 1 1000000 1 1000000 1 1000000 1000000 1 1000000 1 1000000 1 1 1 1 1000000 1 1000000 1000000 1000000 1000000 1000000 1 1 1000000 1 1000000 1000000 1 1 1000000 1000000 1 1 1000000 1000000 1 1 1000000 1000000 1 1 1000000 1 1
